產品編號,CAS NO,成分名稱,濃度,單位,毒化物,關注化學物質,優先化學品,"管制性
化學品",先驅化學品,新化學物質,空汙申請,既有化學物質,申請文件類別,產品包裝
CUS-25110,540-84-1,isooctane,99.9934,% (w/w),N,N,N,N,N,N,N,N 少量,,
CUS-25110,544-40-1,Butyl sulfide,0.0066,% (w/w),N,N,N,N,N,N,N,N 少量,,
EPA-1050-1,67-56-1,methanol,99.8736,% (w/w),N,N,N 2目少量,N,N,N,N,N 少量,,
EPA-1050-1,108-88-3,toluene,0.1264,% (w/w),N,N,N 2目少量,N,N 乙類，限值100%,N,N,N 年用量無超過,,
DWM-580-1,67-56-1,methanol,98.482,% (w/w),N,N,N 2目少量,N,N,N,N,N 少量,,
DWM-580-1,74-87-3,chloromethane,0.0253,% (w/w),N 4類，限值25%,N,N,N,N,N,N,N 少量,,
DWM-580-1,74-83-9,bromomethane,0.0253,% (w/w),N,N,N 2目少量,N,N,N,Y,N 少量,空汙申請,
DWM-580-1,1975/1/4,vinyl chloride,0.0253,% (w/w),N 2類，限值50%,N,N 1目，限值1%,N,N,N,N,N 少量,,
DWM-580-1,75-71-8,dichlorodifluoromethane,0.0253,% (w/w),N,N,N,N,N,N,Y,N 少量,空汙申請,
DWM-580-1,108-86-1,bromobenzene,0.0253,% (w/w),N,N,N,N,N,N,N,N 少量,,
DWM-580-1,74-97-5,bromochloromethane,0.0253,% (w/w),N,N,N,N,N,N,Y,N 少量,空汙申請,
DWM-580-1,75-27-4,bromodichloromethane,0.0253,% (w/w),N 4類，限值1%,N,N,N,N,N,N,N 少量,,
DWM-580-1,75-25-2,bromoform,0.0253,% (w/w),N 1類，限值1%,N,N,N,N,N,N,N 少量,,
DWM-580-1,67-66-3,chloroform,0.0253,% (w/w),N 1類，限值50%,N,N 2目少量,N,N,N,N,N 少量,,
DWM-580-1,104-51-8,1-Phenylbutane,0.0253,% (w/w),N,N,N,N,N,N,N,N 少量,,
DWM-580-1,135-98-8,2-Phenylbutane,0.0253,% (w/w),N,N,N,N,N,N,N,N 少量,,
DWM-580-1,1998/6/6,2-Methyl-2-phenylpropane,0.0253,% (w/w),N,N,N,N,N,N,N,N 少量,,
DWM-580-1,95-49-8,2-chlorotoluene,0.0253,% (w/w),N,N,N,N,N,N,N,N 少量,,
DWM-580-1,106-43-4,4-chlorotoluene,0.0253,% (w/w),N,N,N,N,N,N,N,N 少量,,
DWM-580-1,1996/12/8,"1,2-dibromo-3-chloropropane (DBCP)",0.0253,% (w/w),"N 1,2,3類，限值1%",N,N,N,N,N,N,N 少量,,
DWM-580-1,74-95-3,dibromomethane,0.0253,% (w/w),N 1類，限值1%,N,N,N,N,N,N,N 少量,,
DWM-580-1,124-48-1,dibromochloromethane,0.0253,% (w/w),N,N,N,N,N,N,N,N 少量,,
DWM-580-1,99-87-6,p-Isopropyltoluene,0.0253,% (w/w),N,N,N,N,N,N,N,N 少量,,
DWM-580-1,106-93-4,"1,2-dibromoethane (EDB)",0.0253,% (w/w),"N 1,2類，限值10%",N,N,N,N,N,N,N 少量,,
DWM-580-1,594-20-7,"2,2-dichloropropane",0.0253,% (w/w),N,N,N,N,N,N,N,N 少量,,
DWM-580-1,563-58-6,"1,1-dichloropropene",0.0253,% (w/w),N,N,N,N,N,N,N,N 少量,,
DWM-580-1,142-28-9,Trimethylene dichloride,0.0253,% (w/w),N,N,N,N,N,N,N,N 少量,,
DWM-580-1,10061-01-5,"cis-1,3-dichloropropene",0.0253,% (w/w),N,N,N,N,N,N,N,N 少量,,
DWM-580-1,10061-02-6,"trans-1,3-dichloropropene",0.0253,% (w/w),N,N,N,N,N,N,N,N 少量,,
DWM-580-1,95-50-1,"1,2-dichlorobenzene",0.0253,% (w/w),N 1類，限值1%,N,N 2目少量,N,N,N,N,N 少量,,
DWM-580-1,541-73-1,"1,3-dichlorobenzene",0.0253,% (w/w),N 1類，限值1%,N,N,N,N,N,N,N 少量,,
DWM-580-1,106-46-7,"1,4-dichlorobenzene",0.0253,% (w/w),N,N,N 2目少量,N,N,N,N,N 少量,,
DWM-580-1,156-60-5,"trans-1,2-dichloroethene",0.0253,% (w/w),N 4類，限值25%,N,N,N,N,N,N,N 少量,,
DWM-580-1,75-34-3,"1,1-dichloroethane",0.0253,% (w/w),N,N,N,N,N,N,N,N 少量,,
DWM-580-1,156-59-2,"cis-1,2-dichloroethene",0.0253,% (w/w),N 4類，限值25%,N,N,N,N,N,N,N 少量,,
DWM-580-1,75-35-4,"1,1-dichloroethene",0.0253,% (w/w),N 4類，限值25%,N,N,N,N,N,N,N 少量,,
DWM-580-1,87-68-3,hexachlorobutadiene,0.0253,% (w/w),N 1類，限值1%,N,N,N,N,N,N,N 少量,,
DWM-580-1,630-20-6,"1,1,1,2-Tetrachloroethane",0.0253,% (w/w),N,N,N 2目少量,N,N,N,N,N 少量,,
DWM-580-1,79-34-5,Acetylene tetrachloride,0.0253,% (w/w),N 4類，限值1%,N,N 2目少量,N,N,N,N,N 少量,,
DWM-580-1,87-61-6,"1,2,3-trichlorobenzene",0.0253,% (w/w),N,N,N,N,N,N,N,N 少量,,
DWM-580-1,75-69-4,trichlorofluoromethane,0.0253,% (w/w),N,N,N,N,N,N,Y,N 少量,空汙申請,
DWM-580-1,96-18-4,"1,2,3-trichloropropane",0.0253,% (w/w),N 2類，限值1%,N,N,N,N,N,N,N 少量,,
DWM-580-1,120-82-1,"1,2,4-trichlorobenzene",0.0253,% (w/w),N 1類，限值1%,N,N,N,N,N,N,N 少量,,
DWM-580-1,95-47-6,"1,2-Dimethylbenzene",0.0253,% (w/w),N,N,N 2目少量,N,N,N,N,N 少量,,
DWM-580-1,108-38-3,"1,3-Dimethylbenzene",0.0253,% (w/w),N,N,N 2目少量,N,N,N,N,N 少量,,
DWM-580-1,106-42-3,"1,4- Dimethylbenzene",0.0253,% (w/w),N,N,N 2目少量,N,N,N,N,N 少量,,
DWM-580-1,79-00-5,"1,1,2-trichloroethane",0.0253,% (w/w),N,N,N 2目少量,N,N,N,N,N 少量,,
DWM-580-1,91-20-3,naphthalene,0.0253,% (w/w),N,N,N 2目少量,N,N,N,N,N 年用量無超過,,
DWM-580-1,127-18-4,perchloroethylene,0.0253,% (w/w),"N 1,2類，限值10%",N,N 1目，限值1%,N,N,N,N,N 少量,,
DWM-580-1,103-65-1,n-Propylbenzene,0.0253,% (w/w),N,N,N,N,N,N,N,N 少量,,
DWM-580-1,71-43-2,benzene,0.0253,% (w/w),"N 1,2類，限值70%",N,N 1目，限值1%,N,N,N,N,N 少量,,
DWM-580-1,108-88-3,toluene,0.0253,% (w/w),N,N,N 2目少量,N,N 乙類，限值100%,N,N,N 年用量無超過,,
DWM-580-1,100-41-4,ethylbenzene,0.0253,% (w/w),N 4類，限值70%,N,N,N,N,N,N,N 少量,,
DWM-580-1,98-82-8,isopropylbenzene,0.0253,% (w/w),N 4類，限值1%,N,N,N,N,N,N,N 少量,,
DWM-580-1,108-67-8,"1,3,5-trimethylbenzene",0.0253,% (w/w),N,N,N,N,N,N,N,N 年用量無超過,,
DWM-580-1,100-42-5,Vinylbenzene,0.0253,% (w/w),N,N,N 2目少量,N,N,N,N,N 年用量無超過,,
DWM-580-1,95-63-6,"1,2,4-trimethylbenzene",0.0253,% (w/w),N,N,N,N,N,N,N,N 年用量無超過,,
DWM-580-1,1975/9/2,METHYLENE DICHLORIDE,0.0253,% (w/w),N 4類，限值25%,N,N 2目少量,N,N,N,N,N 少量,,
DWM-580-1,56-23-5,carbon tetrachloride,0.0253,% (w/w),N 1類，限值50%,N,N 2目少量,N,N,N,Y,N 少量,空汙申請,
DWM-580-1,107-06-2,ethylene dichloride,0.0253,% (w/w),N 4類，限值15%,N,N 1目，限值1%,N,N,N,N,N 少量,,
DWM-580-1,71-55-6,methyl chloroform,0.0253,% (w/w),N,N,N 2目少量,N,N,N,Y,N 少量,空汙申請,
DWM-580-1,78-87-5,"1,2-dichloropropane",0.0253,% (w/w),N 1類，限值1%,N,N,N,N,N,N,N 少量,,
DWM-580-1,1979/1/6,trichloroethylene,0.0253,% (w/w),"N 1,2類，限值10%",N,N 附錄一限值>1%,N,N,N,N,N 少量,,
DWM-580-1,108-90-7,chlorobenzene,0.0253,% (w/w),N 1類，限值1%,N,N 2目少量,N,N,N,N,N 少量,,
DWM-580-1,75-00-3,chloroethane,0.0253,% (w/w),N 1類，限值1%,N,N,N,N,N,N,N 少量,,
DWM-583-1,67-56-1,methanol,98.6338,% (w/w),N,N,N 2目少量,N,N,N,N,N 少量,,
DWM-583-1,74-97-5,bromochloromethane,0.0253,% (w/w),N,N,N,N,N,N,Y,N 少量,空汙申請,
DWM-583-1,75-27-4,bromodichloromethane,0.0253,% (w/w),N 4類，限值1%,N,N,N,N,N,N,N 少量,,
DWM-583-1,75-25-2,bromoform,0.0253,% (w/w),N 1類，限值1%,N,N,N,N,N,N,N 少量,,
DWM-583-1,67-66-3,chloroform,0.0253,% (w/w),N 1類，限值50%,N,N 2目少量,N,N,N,N,N 少量,,
DWM-583-1,104-51-8,1-Phenylbutane,0.0253,% (w/w),N,N,N,N,N,N,N,N 少量,,
DWM-583-1,135-98-8,2-Phenylbutane,0.0253,% (w/w),N,N,N,N,N,N,N,N 少量,,
DWM-583-1,1998/6/6,2-Methyl-2-phenylpropane,0.0253,% (w/w),N,N,N,N,N,N,N,N 少量,,
DWM-583-1,95-49-8,2-chlorotoluene,0.0253,% (w/w),N,N,N,N,N,N,N,N 少量,,
DWM-583-1,106-43-4,4-chlorotoluene,0.0253,% (w/w),N,N,N,N,N,N,N,N 少量,,
DWM-583-1,1996/12/8,"1,2-dibromo-3-chloropropane (DBCP)",0.0253,% (w/w),"N 1,2,3類，限值1%",N,N,N,N,N,N,N 少量,,
DWM-583-1,74-95-3,dibromomethane,0.0253,% (w/w),N 1類，限值1%,N,N,N,N,N,N,N 少量,,
DWM-583-1,124-48-1,dibromochloromethane,0.0253,% (w/w),N,N,N,N,N,N,N,N 少量,,
DWM-583-1,99-87-6,p-Isopropyltoluene,0.0253,% (w/w),N,N,N,N,N,N,N,N 少量,,
DWM-583-1,106-93-4,"1,2-dibromoethane (EDB)",0.0253,% (w/w),"N 1,2類，限值10%",N,N,N,N,N,N,N 少量,,
DWM-583-1,594-20-7,"2,2-dichloropropane",0.0253,% (w/w),N,N,N,N,N,N,N,N 少量,,
DWM-583-1,563-58-6,"1,1-dichloropropene",0.0253,% (w/w),N,N,N,N,N,N,N,N 少量,,
DWM-583-1,142-28-9,Trimethylene dichloride,0.0253,% (w/w),N,N,N,N,N,N,N,N 少量,,
DWM-583-1,10061-01-5,"cis-1,3-dichloropropene",0.0253,% (w/w),N,N,N,N,N,N,N,N 少量,,
DWM-583-1,10061-02-6,"trans-1,3-dichloropropene",0.0253,% (w/w),N,N,N,N,N,N,N,N 少量,,
DWM-583-1,95-50-1,"1,2-dichlorobenzene",0.0253,% (w/w),N 1類，限值1%,N,N 2目少量,N,N,N,N,N 少量,,
DWM-583-1,541-73-1,"1,3-dichlorobenzene",0.0253,% (w/w),N 1類，限值1%,N,N,N,N,N,N,N 少量,,
DWM-583-1,106-46-7,"1,4-dichlorobenzene",0.0253,% (w/w),N,N,N 2目少量,N,N,N,N,N 少量,,
DWM-583-1,156-60-5,"trans-1,2-dichloroethene",0.0253,% (w/w),N 4類，限值25%,N,N,N,N,N,N,N 少量,,
DWM-583-1,75-34-3,"1,1-dichloroethane",0.0253,% (w/w),N,N,N,N,N,N,N,N 少量,,
DWM-583-1,156-59-2,"cis-1,2-dichloroethene",0.0253,% (w/w),N 4類，限值25%,N,N,N,N,N,N,N 少量,,
DWM-583-1,75-35-4,"1,1-dichloroethene",0.0253,% (w/w),N 4類，限值25%,N,N,N,N,N,N,N 少量,,
DWM-583-1,87-68-3,hexachlorobutadiene,0.0253,% (w/w),N 1類，限值1%,N,N,N,N,N,N,N 少量,,
DWM-583-1,630-20-6,"1,1,1,2-Tetrachloroethane",0.0253,% (w/w),N,N,N 2目少量,N,N,N,N,N 少量,,
DWM-583-1,79-34-5,Acetylene tetrachloride,0.0253,% (w/w),N 4類，限值1%,N,N 2目少量,N,N,N,N,N 少量,,
DWM-583-1,87-61-6,"1,2,3-trichlorobenzene",0.0253,% (w/w),N,N,N,N,N,N,N,N 少量,,
DWM-583-1,96-18-4,"1,2,3-trichloropropane",0.0253,% (w/w),N 2類，限值1%,N,N,N,N,N,N,N 少量,,
DWM-583-1,120-82-1,"1,2,4-trichlorobenzene",0.0253,% (w/w),N 1類，限值1%,N,N,N,N,N,N,N 少量,,
DWM-583-1,95-47-6,"1,2-Dimethylbenzene",0.0253,% (w/w),N,N,N 2目少量,N,N,N,N,N 少量,,
DWM-583-1,108-38-3,"1,3-Dimethylbenzene",0.0253,% (w/w),N,N,N 2目少量,N,N,N,N,N 少量,,
DWM-583-1,106-42-3,"1,4- Dimethylbenzene",0.0253,% (w/w),N,N,N 2目少量,N,N,N,N,N 少量,,
DWM-583-1,79-00-5,"1,1,2-trichloroethane",0.0253,% (w/w),N,N,N 2目少量,N,N,N,N,N 少量,,
DWM-583-1,91-20-3,naphthalene,0.0253,% (w/w),N,N,N 2目少量,N,N,N,N,N 年用量無超過,,
DWM-583-1,127-18-4,perchloroethylene,0.0253,% (w/w),"N 1,2類，限值10%",N,N 1目，限值1%,N,N,N,N,N 少量,,
DWM-583-1,103-65-1,n-Propylbenzene,0.0253,% (w/w),N,N,N,N,N,N,N,N 少量,,
DWM-583-1,71-43-2,benzene,0.0253,% (w/w),"N 1,2類，限值70%",N,N 1目，限值1%,N,N,N,N,N 少量,,
DWM-583-1,108-88-3,toluene,0.0253,% (w/w),N,N,N 2目少量,N,N 乙類，限值100%,N,N,N 年用量無超過,,
DWM-583-1,100-41-4,ethylbenzene,0.0253,% (w/w),N 4類，限值70%,N,N,N,N,N,N,N 少量,,
DWM-583-1,98-82-8,isopropylbenzene,0.0253,% (w/w),N 4類，限值1%,N,N,N,N,N,N,N 少量,,
DWM-583-1,108-67-8,"1,3,5-trimethylbenzene",0.0253,% (w/w),N,N,N,N,N,N,N,N 年用量無超過,,
DWM-583-1,100-42-5,Vinylbenzene,0.0253,% (w/w),N,N,N 2目少量,N,N,N,N,N 年用量無超過,,
DWM-583-1,95-63-6,"1,2,4-trimethylbenzene",0.0253,% (w/w),N,N,N,N,N,N,N,N 年用量無超過,,
DWM-583-1,1975/9/2,METHYLENE DICHLORIDE,0.0253,% (w/w),N 4類，限值25%,N,N 2目少量,N,N,N,N,N 少量,,
DWM-583-1,56-23-5,carbon tetrachloride,0.0253,% (w/w),N 1類，限值50%,N,N 2目少量,N,N,N,Y,N 少量,空汙申請,
DWM-583-1,107-06-2,ethylene dichloride,0.0253,% (w/w),N 4類，限值15%,N,N 1目，限值1%,N,N,N,N,N 少量,,
DWM-583-1,71-55-6,methyl chloroform,0.0253,% (w/w),N,N,N 2目少量,N,N,N,Y,N 少量,空汙申請,
DWM-583-1,78-87-5,"1,2-dichloropropane",0.0253,% (w/w),N 1類，限值1%,N,N,N,N,N,N,N 少量,,
DWM-583-1,1979/1/6,trichloroethylene,0.0253,% (w/w),"N 1,2類，限值10%",N,N 附錄一限值>1%,N,N,N,N,N 少量,,
DWM-583-1,108-90-7,chlorobenzene,0.0253,% (w/w),N 1類，限值1%,N,N 2目少量,N,N,N,N,N 少量,,
DWM-583-1,108-86-1,bromobenzene,0.0253,% (w/w),N,N,N,N,N,N,N,N 少量,,
DWM-588-1,67-56-1,methanol,84.832,% (w/w),N,N,N 2目少量,N,N,N,N,N 少量,,
DWM-588-1,541-73-1,"1,3-dichlorobenzene",0.2528,% (w/w),N 1類，限值1%,N,N,N,N,N,N,N 少量,,
DWM-588-1,106-46-7,"1,4-dichlorobenzene",0.2528,% (w/w),N,N,N 2目少量,N,N,N,N,N 少量,,
DWM-588-1,156-60-5,"trans-1,2-dichloroethene",0.2528,% (w/w),N 4類，限值25%,N,N,N,N,N,N,N 少量,,
DWM-588-1,75-34-3,"1,1-dichloroethane",0.2528,% (w/w),N,N,N,N,N,N,N,N 少量,,
DWM-588-1,156-59-2,"cis-1,2-dichloroethene",0.2528,% (w/w),N 4類，限值25%,N,N,N,N,N,N,N 少量,,
DWM-588-1,75-35-4,"1,1-dichloroethene",0.2528,% (w/w),N 4類，限值25%,N,N,N,N,N,N,N 少量,,
DWM-588-1,87-68-3,hexachlorobutadiene,0.2528,% (w/w),N 1類，限值1%,N,N,N,N,N,N,N 少量,,
DWM-588-1,630-20-6,"1,1,1,2-Tetrachloroethane",0.2528,% (w/w),N,N,N 2目少量,N,N,N,N,N 少量,,
DWM-588-1,79-34-5,Acetylene tetrachloride,0.2528,% (w/w),N 4類，限值1%,N,N 2目少量,N,N,N,N,N 少量,,
DWM-588-1,87-61-6,"1,2,3-trichlorobenzene",0.2528,% (w/w),N,N,N,N,N,N,N,N 少量,,
DWM-588-1,75-69-4,trichlorofluoromethane,0.2528,% (w/w),N,N,N,N,N,N,Y,N 少量,空汙申請,
DWM-588-1,96-18-4,"1,2,3-trichloropropane",0.2528,% (w/w),N 2類，限值1%,N,N,N,N,N,N,N 少量,,
DWM-588-1,120-82-1,"1,2,4-trichlorobenzene",0.2528,% (w/w),N 1類，限值1%,N,N,N,N,N,N,N 少量,,
DWM-588-1,95-47-6,"1,2-Dimethylbenzene",0.2528,% (w/w),N,N,N 2目少量,N,N,N,N,N 少量,,
DWM-588-1,108-38-3,"1,3-Dimethylbenzene",0.2528,% (w/w),N,N,N 2目少量,N,N,N,N,N 少量,,
DWM-588-1,106-42-3,"1,4- Dimethylbenzene",0.2528,% (w/w),N,N,N 2目少量,N,N,N,N,N 少量,,
DWM-588-1,79-00-5,"1,1,2-trichloroethane",0.2528,% (w/w),N,N,N 2目少量,N,N,N,N,N 少量,,
DWM-588-1,91-20-3,naphthalene,0.2528,% (w/w),N,N,N 2目少量,N,N,N,N,N 年用量無超過,,
DWM-588-1,127-18-4,perchloroethylene,0.2528,% (w/w),"N 1,2類，限值10%",N,N 2目少量,N,N,N,N,N 少量,,
DWM-588-1,103-65-1,n-Propylbenzene,0.2528,% (w/w),N,N,N,N,N,N,N,N 少量,,
DWM-588-1,71-43-2,benzene,0.2528,% (w/w),"N 1,2類，限值70%",N,N 1目，限值1%,N,N,N,N,N 少量,,
DWM-588-1,108-88-3,toluene,0.2528,% (w/w),N,N,N 2目少量,N,N 乙類，限值100%,N,N,N 年用量無超過,,
DWM-588-1,100-41-4,ethylbenzene,0.2528,% (w/w),N 4類，限值70%,N,N,N,N,N,N,N 少量,,
DWM-588-1,98-82-8,isopropylbenzene,0.2528,% (w/w),N 4類，限值1%,N,N,N,N,N,N,N 少量,,
DWM-588-1,108-67-8,"1,3,5-trimethylbenzene",0.2528,% (w/w),N,N,N,N,N,N,N,N 年用量無超過,,
DWM-588-1,100-42-5,Vinylbenzene,0.2528,% (w/w),N,N,N 2目少量,N,N,N,N,N 年用量無超過,,
DWM-588-1,95-63-6,"1,2,4-trimethylbenzene",0.2528,% (w/w),N,N,N,N,N,N,N,N 年用量無超過,,
DWM-588-1,1975/9/2,METHYLENE DICHLORIDE,0.2528,% (w/w),N 4類，限值25%,N,N 2目少量,N,N,N,N,N 少量,,
DWM-588-1,56-23-5,carbon tetrachloride,0.2528,% (w/w),N 1類，限值50%,N,N 2目少量,N,N,N,Y,N 少量,空汙申請,
DWM-588-1,107-06-2,ethylene dichloride,0.2528,% (w/w),N 4類，限值15%,N,N 2目少量,N,N,N,N,N 少量,,
DWM-588-1,71-55-6,methyl chloroform,0.2528,% (w/w),N,N,N,N,N,N,Y,N 少量,空汙申請,
DWM-588-1,78-87-5,"1,2-dichloropropane",0.2528,% (w/w),N 1類，限值1%,N,N,N,N,N,N,N 少量,,
DWM-588-1,1979/1/6,trichloroethylene,0.2528,% (w/w),"N 1,2類，限值10%",N,N 附錄一限值>1%,N,N,N,N,N 少量,,
DWM-588-1,108-90-7,chlorobenzene,0.2528,% (w/w),N 1類，限值1%,N,N 2目少量,N,N,N,N,N 少量,,
DWM-588-1,95-50-1,"1,2-dichlorobenzene",0.2528,% (w/w),N 1類，限值1%,N,N 2目少量,N,N,N,N,N 少量,,
DWM-588-1,75-00-3,chloroethane,0.2528,% (w/w),N 1類，限值1%,N,N,N,N,N,N,N 少量,,
DWM-588-1,74-87-3,chloromethane,0.2528,% (w/w),N 4類，限值25%,N,N,N,N,N,N,N 少量,,
DWM-588-1,74-83-9,bromomethane,0.2528,% (w/w),N,N,N 2目少量,N,N,N,Y,N 少量,空汙申請,
DWM-588-1,1975/1/4,vinyl chloride,0.2528,% (w/w),N 2類，限值50%,N,N 2目少量,N,N,N,N,N 少量,,
DWM-588-1,75-71-8,dichlorodifluoromethane,0.2528,% (w/w),N,N,N,N,N,N,Y,N 少量,空汙申請,
DWM-588-1,108-86-1,bromobenzene,0.2528,% (w/w),N,N,N,N,N,N,N,N 少量,,
DWM-588-1,74-97-5,bromochloromethane,0.2528,% (w/w),N,N,N,N,N,N,Y,N 少量,空汙申請,
DWM-588-1,75-27-4,bromodichloromethane,0.2528,% (w/w),N 4類，限值1%,N,N,N,N,N,N,N 少量,,
DWM-588-1,75-25-2,bromoform,0.2528,% (w/w),N 1類，限值1%,N,N,N,N,N,N,N 少量,,
DWM-588-1,67-66-3,chloroform,0.2528,% (w/w),N 1類，限值50%,N,N 2目少量,N,N,N,N,N 少量,,
DWM-588-1,104-51-8,1-Phenylbutane,0.2528,% (w/w),N,N,N,N,N,N,N,N 少量,,
DWM-588-1,135-98-8,2-Phenylbutane,0.2528,% (w/w),N,N,N,N,N,N,N,N 少量,,
DWM-588-1,1998/6/6,2-Methyl-2-phenylpropane,0.2528,% (w/w),N,N,N,N,N,N,N,N 少量,,
DWM-588-1,95-49-8,2-chlorotoluene,0.2528,% (w/w),N,N,N,N,N,N,N,N 少量,,
DWM-588-1,106-43-4,4-chlorotoluene,0.2528,% (w/w),N,N,N,N,N,N,N,N 少量,,
DWM-588-1,1996/12/8,"1,2-dibromo-3-chloropropane (DBCP)",0.2528,% (w/w),"N 1,2,3類，限值1%",N,N,N,N,N,N,N 少量,,
DWM-588-1,74-95-3,dibromomethane,0.2528,% (w/w),N 1類，限值1%,N,N,N,N,N,N,N 少量,,
DWM-588-1,124-48-1,dibromochloromethane,0.2528,% (w/w),N,N,N,N,N,N,N,N 少量,,
DWM-588-1,99-87-6,p-Isopropyltoluene,0.2528,% (w/w),N,N,N,N,N,N,N,N 少量,,
DWM-588-1,106-93-4,"1,2-dibromoethane (EDB)",0.2528,% (w/w),"N 1,2類，限值10%",N,N,N,N,N,N,N 少量,,
DWM-588-1,594-20-7,"2,2-dichloropropane",0.2528,% (w/w),N,N,N,N,N,N,N,N 少量,,
DWM-588-1,563-58-6,"1,1-dichloropropene",0.2528,% (w/w),N,N,N,N,N,N,N,N 少量,,
DWM-588-1,142-28-9,Trimethylene dichloride,0.2528,% (w/w),N,N,N,N,N,N,N,N 少量,,
DWM-588-1,10061-01-5,"cis-1,3-dichloropropene",0.2528,% (w/w),N 4類，限值50%,N,N,N,N,N,N,N 少量,,
DWM-588-1,10061-02-6,"trans-1,3-dichloropropene",0.2528,% (w/w),N 4類，限值50%,N,N,N,N,N,N,N 少量,,
DWM-589N-1,67-56-1,methanol,86.3488,% (w/w),N,N,N 2目少量,N,N,N,N,N 少量,,
DWM-589N-1,74-97-5,bromochloromethane,0.2528,% (w/w),N,N,N,N,N,N,Y,N 少量,空汙申請,
DWM-589N-1,75-27-4,bromodichloromethane,0.2528,% (w/w),N 4類，限值1%,N,N,N,N,N,N,N 少量,,
DWM-589N-1,75-25-2,bromoform,0.2528,% (w/w),N 1類，限值1%,N,N,N,N,N,N,N 少量,,
DWM-589N-1,67-66-3,chloroform,0.2528,% (w/w),N 1類，限值50%,N,N 2目少量,N,N,N,N,N 少量,,
DWM-589N-1,104-51-8,1-Phenylbutane,0.2528,% (w/w),N,N,N,N,N,N,N,N 少量,,
DWM-589N-1,135-98-8,2-Phenylbutane,0.2528,% (w/w),N,N,N,N,N,N,N,N 少量,,
DWM-589N-1,1998/6/6,2-Methyl-2-phenylpropane,0.2528,% (w/w),N,N,N,N,N,N,N,N 少量,,
DWM-589N-1,95-49-8,2-chlorotoluene,0.2528,% (w/w),N,N,N,N,N,N,N,N 少量,,
DWM-589N-1,106-43-4,4-chlorotoluene,0.2528,% (w/w),N,N,N,N,N,N,N,N 少量,,
DWM-589N-1,1996/12/8,"1,2-dibromo-3-chloropropane (DBCP)",0.2528,% (w/w),"N 1,2,3類，限值1%",N,N,N,N,N,N,N 少量,,
DWM-589N-1,74-95-3,dibromomethane,0.2528,% (w/w),N 1類，限值1%,N,N,N,N,N,N,N 少量,,
DWM-589N-1,124-48-1,dibromochloromethane,0.2528,% (w/w),N,N,N,N,N,N,N,N 少量,,
DWM-589N-1,99-87-6,p-Isopropyltoluene,0.2528,% (w/w),N,N,N,N,N,N,N,N 少量,,
DWM-589N-1,106-93-4,"1,2-dibromoethane (EDB)",0.2528,% (w/w),"N 1,2類，限值10%",N,N,N,N,N,N,N 少量,,
DWM-589N-1,594-20-7,"2,2-dichloropropane",0.2528,% (w/w),N,N,N,N,N,N,N,N 少量,,
DWM-589N-1,563-58-6,"1,1-dichloropropene",0.2528,% (w/w),N,N,N,N,N,N,N,N 少量,,
DWM-589N-1,142-28-9,Trimethylene dichloride,0.2528,% (w/w),N,N,N,N,N,N,N,N 少量,,
DWM-589N-1,10061-01-5,"cis-1,3-dichloropropene",0.2528,% (w/w),N,N,N,N,N,N,N,N 少量,,
DWM-589N-1,10061-02-6,"trans-1,3-dichloropropene",0.2528,% (w/w),N,N,N,N,N,N,N,N 少量,,
DWM-589N-1,95-50-1,"1,2-dichlorobenzene",0.2528,% (w/w),N 1類，限值1%,N,N 2目少量,N,N,N,N,N 少量,,
DWM-589N-1,541-73-1,"1,3-dichlorobenzene",0.2528,% (w/w),N 1類，限值1%,N,N,N,N,N,N,N 少量,,
DWM-589N-1,106-46-7,"1,4-dichlorobenzene",0.2528,% (w/w),N,N,N 2目少量,N,N,N,N,N 少量,,
DWM-589N-1,156-60-5,"trans-1,2-dichloroethene",0.2528,% (w/w),N 4類，限值25%,N,N,N,N,N,N,N 少量,,
DWM-589N-1,75-34-3,"1,1-dichloroethane",0.2528,% (w/w),N,N,N,N,N,N,N,N 少量,,
DWM-589N-1,156-59-2,"cis-1,2-dichloroethene",0.2528,% (w/w),N 4類，限值25%,N,N,N,N,N,N,N 少量,,
DWM-589N-1,75-35-4,"1,1-dichloroethene",0.2528,% (w/w),N 4類，限值25%,N,N,N,N,N,N,N 少量,,
DWM-589N-1,87-68-3,hexachlorobutadiene,0.2528,% (w/w),N 1類，限值1%,N,N,N,N,N,N,N 少量,,
DWM-589N-1,630-20-6,"1,1,1,2-Tetrachloroethane",0.2528,% (w/w),N,N,N 2目少量,N,N,N,N,N 少量,,
DWM-589N-1,79-34-5,Acetylene tetrachloride,0.2528,% (w/w),N 4類，限值1%,N,N 2目少量,N,N,N,N,N 少量,,
DWM-589N-1,87-61-6,"1,2,3-trichlorobenzene",0.2528,% (w/w),N,N,N,N,N,N,N,N 少量,,
DWM-589N-1,96-18-4,"1,2,3-trichloropropane",0.2528,% (w/w),N 2類，限值1%,N,N,N,N,N,N,N 少量,,
DWM-589N-1,120-82-1,"1,2,4-trichlorobenzene",0.2528,% (w/w),N 1類，限值1%,N,N,N,N,N,N,N 少量,,
DWM-589N-1,95-47-6,"1,2-Dimethylbenzene",0.2528,% (w/w),N,N,N 2目少量,N,N,N,N,N 少量,,
DWM-589N-1,108-38-3,"1,3-Dimethylbenzene",0.2528,% (w/w),N,N,N 2目少量,N,N,N,N,N 少量,,
DWM-589N-1,106-42-3,"1,4- Dimethylbenzene",0.2528,% (w/w),N,N,N 2目少量,N,N,N,N,N 少量,,
DWM-589N-1,79-00-5,"1,1,2-trichloroethane",0.2528,% (w/w),N,N,N 2目少量,N,N,N,N,N 少量,,
DWM-589N-1,91-20-3,naphthalene,0.2528,% (w/w),N,N,N 2目少量,N,N,N,N,N 年用量無超過,,
DWM-589N-1,127-18-4,perchloroethylene,0.2528,% (w/w),"N 1,2類，限值10%",N,N 1目，限值1%,N,N,N,N,N 少量,,
DWM-589N-1,103-65-1,n-Propylbenzene,0.2528,% (w/w),N,N,N,N,N,N,N,N 少量,,
DWM-589N-1,71-43-2,benzene,0.2528,% (w/w),"N 1,2類，限值70%",N,N 1目，限值1%,N,N,N,N,N 少量,,
DWM-589N-1,108-88-3,toluene,0.2528,% (w/w),N,N,N 2目少量,N,N 乙類，限值100%,N,N,N 年用量無超過,,
DWM-589N-1,100-41-4,ethylbenzene,0.2528,% (w/w),N 4類，限值70%,N,N,N,N,N,N,N 少量,,
DWM-589N-1,98-82-8,isopropylbenzene,0.2528,% (w/w),N 4類，限值1%,N,N,N,N,N,N,N 少量,,
DWM-589N-1,108-67-8,"1,3,5-trimethylbenzene",0.2528,% (w/w),N,N,N,N,N,N,N,N 年用量無超過,,
DWM-589N-1,100-42-5,Vinylbenzene,0.2528,% (w/w),N,N,N 2目少量,N,N,N,N,N 年用量無超過,,
DWM-589N-1,95-63-6,"1,2,4-trimethylbenzene",0.2528,% (w/w),N,N,N,N,N,N,N,N 年用量無超過,,
DWM-589N-1,1975/9/2,METHYLENE DICHLORIDE,0.2528,% (w/w),N 4類，限值25%,N,N 2目少量,N,N,N,N,N 少量,,
DWM-589N-1,56-23-5,carbon tetrachloride,0.2528,% (w/w),N 1類，限值50%,N,N 2目少量,N,N,N,Y,N 少量,空汙申請,
DWM-589N-1,107-06-2,ethylene dichloride,0.2528,% (w/w),N 4類，限值15%,N,N 1目，限值1%,N,N,N,N,N 少量,,
DWM-589N-1,71-55-6,methyl chloroform,0.2528,% (w/w),N,N,N 2目少量,N,N,N,Y,N 少量,空汙申請,
DWM-589N-1,78-87-5,"1,2-dichloropropane",0.2528,% (w/w),N 1類，限值1%,N,N,N,N,N,N,N 少量,,
DWM-589N-1,1979/1/6,trichloroethylene,0.2528,% (w/w),"N 1,2類，限值10%",N,N 附錄一限值>1%,N,N,N,N,N 少量,,
DWM-589N-1,108-90-7,chlorobenzene,0.2528,% (w/w),N 1類，限值1%,N,N 2目少量,N,N,N,N,N 少量,,
DWM-589N-1,108-86-1,bromobenzene,0.2528,% (w/w),N,N,N,N,N,N,N,N 少量,,
EPA-1013-1,67-56-1,methanol,99.3679,%,N,N,N 2目少量,N,N,N,N,N 少量,,
EPA-1013-1,56-23-5,carbon tetrachloride,0.6321,%,N 1類 ，限值50%,N,N 2目少量,N,N,N,Y,N 少量,空汙申請,
EPA-1105-1,67-56-1,methanol,99.3679,% (w/w),N,N,N 2目少量,N,N,N,N,N 少量,,
EPA-1105-1,91-94-1,"3,3'-dichlorobenzidine",0.6321,% (w/w),"N 1,2類，限值1%",N,N,N 限值1%(沒有超過1%),N,N,N,N 少量,,
EPA-1106-1,67-56-1,methanol,99.3679,% (w/w),N,N,N 2目少量,N,N,N,N,N 少量,,
EPA-1106-1,120-83-2,"2,4-dichlorophenol",0.6321,% (w/w),N 4類，限值1%,N,N,N,N,N,N,N 少量,,
EPA-1125-1,67-64-1,acetone,99.8736,% (w/w),N,N,N 2目少量,N,N 乙類，限值100%,N,N,N 少量,,
EPA-1125-1,118-74-1,hexachlorobenzene六氯苯,0.1264,% (w/w),N 1類，限值1%,N,N,N,N,N,N,N 少量,,
EPA-1240-1,110-54-3,n-hexane,99.8483,%,N,N,N 2目少量,N,N,N,N,N 年用量無超過,,
EPA-1240-1,108-70-3,"1,3,5-trichlorobenzene",0.1517,%,N,N,N,N,N,N,N,N 少量,,
GS24-PC,2050902-45-7,Dioxo-pyrrolidin-yloxycarbonylamino-benzoic acid ester,100,%,N,N,N,N,N,Y,N,N,新化學物質,毒化物+包裝
GS24-PC,1968/12/2,"N,N-dimethylformamide",90,%,Y 2類，限值30%,N,Y 1目，限值1%,N,N,N,N,N 少量,毒化物、優先化學品報備,毒化物+包裝
GS24-PC,17252-51-6,"1,3-Di(4-pyridyl)propane",10,%,N,N,N,N,N,N,N,N 少量,,毒化物+包裝
HC-510-1,67-56-1,methanol,99.9874,%,N,N,N 2目少量,N,N,N,N,N 少量,,毒化物+包裝
HC-510-1,106-99-0,"1,3-butadiene",0.0126,%,"N 2類 , 限值50%",N,N 1目，限值1%,N,N,N,N,N 少量,,毒化物+包裝
IBF-040,7732-18-5,water,98.9487,% (w/w),N,N,N,N,N,N,N,N 少量,,毒化物+包裝
IBF-040,877-24-7,potassium hydrogen phthalate,1.0108,% (w/w),N,N,N,N,N,N,N,N 少量,,毒化物+包裝
IBF-040,89-83-8,thymol,0.04,% (w/w),N,N,N 2目少量,N,N,N,N,N 少量,,毒化物+包裝
IBF-040,915-67-3,amaranth,0.0005,% (w/w),N 4類，限值1%,N,N,N,N,N,N,N 少量,,毒化物+包裝
IBF-070,7732-18-5,water,99.262,% (w/w),N,N,N,N,N,N,N,N 少量,,毒化物+包裝
IBF-070,7558-79-4,disodium hydrogen phosphate,0.4117,% (w/w),N,N,N,N,N,N,N,N 少量,,毒化物+包裝
IBF-070,7778-77-0,POTASSIUM DIHYDROGEN PHOSPHATE,0.2858,% (w/w),N,N,N,N,N,N,N,N 少量,,毒化物+包裝
IBF-070,89-83-8,thymol,0.04,% (w/w),N,N,N 2目少量,N,N,N,N,N 少量,,毒化物+包裝
IBF-070,1934-21-0,tartrazine,0.0005,% (w/w),N,N,N 2目少量,N,N,N,N,N 少量,,毒化物+包裝
IBF-070-L,7732-18-5,water,99.262,% (w/w),N,N,N,N,N,N,N,N 少量,,毒化物+包裝
IBF-070-L,7558-79-4,disodium hydrogen phosphate,0.4117,% (w/w),N,N,N,N,N,N,N,N 少量,,毒化物+包裝
IBF-070-L,7778-77-0,POTASSIUM DIHYDROGEN PHOSPHATE,0.2858,% (w/w),N,N,N,N,N,N,N,N 少量,,毒化物+包裝
IBF-070-L,89-83-8,thymol,0.04,% (w/w),N,N,N 2目少量,N,N,N,N,N 少量,,毒化物+包裝
IBF-070-L,1934-21-0,tartrazine,0.0005,% (w/w),N,N,N 2目少量,N,N,N,N,N 少量,,毒化物+包裝
IBF-100,7732-18-5,water,99.4845,% (w/w),N,N,N,N,N,N,N,N 少量,,毒化物+包裝
IBF-100,497-19-8,sodium carbonate,0.265,% (w/w),N,N,N,N,N,N,N,N 少量,,毒化物+包裝
IBF-100,144-55-8,Sodium Bicarbonate,0.21,% (w/w),N,N,N,N,N,N,N,N 少量,,毒化物+包裝
IBF-100,89-83-8,thymol,0.04,% (w/w),N,N,N 2目少量,N,N,N,N,N 少量,,毒化物+包裝
IBF-100,3844-45-9,erioglaucine sodium salt,0.0005,% (w/w),N,N,N,N,N,N,N,N 少量,,毒化物+包裝
ICP-014,7732-18-5,water,97.3855,% (w/w),N,N,N,N,N,N,N,N 少量,,毒化物+包裝
ICP-014,7697-37-2,NITRIC ACID,1.98,% (w/w),N,N,N 2目少量,N,N,N,N,N 少量,,毒化物+包裝
ICP-014,16919-19-0,ammonium hexafluorosilicate,0.6345,% (w/w),N,N,N,N,N,N,N,N 少量,,毒化物+包裝
ICP-015,7732-18-5,water,97.92,% (w/w),N,N,N,N,N,N,N,N 少量,,毒化物+包裝
ICP-015,7697-37-2,NITRIC ACID,1.98,% (w/w),N,N,N 2目少量,N,N,N,N,N 少量,,毒化物+包裝
ICP-015,7722-76-1,AMMONIUM BIPHOSPHATE,0.1,% (w/w),N,N,N,N,N,N,N,N 少量,,毒化物+包裝
ICP-016,7732-18-5,water,99.588,% (w/w),N,N,N,N,N,N,N,N 少量,,毒化物+包裝
ICP-016,7783-20-2,ammonium sulfate,0.412,% (w/w),N,N,N,N,N,N,N,N 少量,,毒化物+包裝
ICP-030,7732-18-5,water,98.145,% (w/w),N,N,N,N,N,N,N,N 少量,,毒化物+包裝
ICP-030,7697-37-2,NITRIC ACID,1.4,% (w/w),N,N,N 2目少量,N,N,N,N,N 少量,,毒化物+包裝
ICP-030,10196-18-6,zinc nitrate hexahydrate,0.455,% (w/w),N,N,N,N,N,N,N,N 少量,,毒化物+包裝
ICP-033,7732-18-5,water,97.889,% (w/w),N,N,N,N,N,N,N,N 少量,,毒化物+包裝
ICP-033,7697-37-2,NITRIC ACID,1.979,% (w/w),N,N,N 2目少量,N,N,N,N,N 少量,,毒化物+包裝
ICP-033,1327-53-3,arsenic (III) oxide,0.132,% (w/w),"N 1,2,3類，限值1%",N,N 1目，限值1%,N,N,N,N,N 少量,,毒化物+包裝
ICP-042,7732-18-5,water,97.85,% (w/w),N,N,N,N,N,N,N,N 少量,,毒化物+包裝
ICP-042,1336-21-6,Ammonium hydroxide,2,% (w/w),N,N,N 2目少量,N,N,N,N,N 年用量無超過,,毒化物+包裝
ICP-042,1313-27-5,molybdenum (VI) oxide,0.15,% (w/w),N,N,N,N,N,N,N,N 少量,,毒化物+包裝
ICP-047,7732-18-5,water,98.4425,% (w/w),N,N,N,N,N,N,N,N 少量,,毒化物+包裝
ICP-047,7697-37-2,NITRIC ACID,1.4,% (w/w),N,N,N 2目少量,N,N,N,N,N 少量,,毒化物+包裝
ICP-047,7761-88-8,silver nitrate,0.1575,% (w/w),N,N,N 2目少量,N,N,N,N,N 少量,,毒化物+包裝
ICP-050,7732-18-5,water,97.6946,% (w/w),N,N,N,N,N,N,N,N 少量,,毒化物+包裝
ICP-050,7697-37-2,NITRIC ACID,1.979,% (w/w),N,N,N 2目少量,N,N,N,N,N 少量,,毒化物+包裝
ICP-050,16919-24-7,ammonium hexafluorostannate,0.2264,% (w/w),N,N,N,N,N,Y,N,N,新化學物質,毒化物+包裝
ICP-050,7664-39-3,hydrofluoric acid,0.1,% (w/w),N,N 限值0.1-10%,N 2目少量,N,N,N,N,N 少量,,關注+包裝
ICP-051,7732-18-5,water,97.721,% (w/w),N,N,N,N,N,N,N,N 少量,,毒化物+包裝
ICP-051,7697-37-2,NITRIC ACID,1.979,% (w/w),N,N,N 2目少量,N,N,N,N,N 少量,,毒化物+包裝
ICP-051,87-69-4,TARTARIC ACID L(+),0.2,% (w/w),N,N,N,N,N,N,N,N 少量,,毒化物+包裝
ICP-051,7440-36-0,"antimony, soluble compounds as Sb",0.1,% (w/w),N,N,N,N,N,N,N,N 少量,,毒化物+包裝
ICP-080,7732-18-5,water,97.8502,% (w/w),N,N,N,N,N,N,N,N 少量,,毒化物+包裝
ICP-080,7697-37-2,NITRIC ACID,1.979,% (w/w),N,N,N 2目少量,N,N,N,N,N 少量,,毒化物+包裝
ICP-080,7783-34-8,mercuric nitrate monohydrate,0.1708,% (w/w),N,N,N 1目，限值1%,N,N,N,N,N 少量,,毒化物+包裝
ICUS-613,7732-18-5,water,94.35,%,N,N,N,N,N,N,N,N 少量,,毒化物+包裝
ICUS-613,7697-37-2,NITRIC ACID,4.95,%,N,N,N 2目少量,N,N,N,N,N 少量,,毒化物+包裝
ICUS-613,7631-99-4,sodium nitrate,0.1,%,N,N,N 2目少量,N,N,N,N,N 少量,,毒化物+包裝
ICUS-613,7757-79-1,potassium nitrate,0.1,%,N,N,N 2目少量,N,N,N,N,N 年用量無超過,,毒化物+包裝
ICUS-613,471-34-1,calcium carbonate,0.1,%,N,N,N,N,N,N,N,N 少量,,毒化物+包裝
ICUS-613,13446-18-9,magnesium nitrate hexahydrate,0.1,%,N,N,N,N,N,N,N,N 少量,,毒化物+包裝
ICUS-613,7782-61-8,iron (III) nitrate nonahydrate,0.1,%,N,N,N 2目少量,N,N,N,N,N 少量,,毒化物+包裝
ICUS-613,10196-18-6,zinc nitrate hexahydrate,0.1,%,N,N,N,N,N,N,N,N 少量,,毒化物+包裝
ICUS-613,7722-76-1,AMMONIUM BIPHOSPHATE,0.1,%,N,N,N,N,N,N,N,N 少量,,毒化物+包裝
IMS-104,7732-18-5,water,99.7661,%,N,N,N,N,N,N,N,N 少量,,毒化物+包裝
IMS-104,7697-37-2,NITRIC ACID,0.1,%,N,N,N 2目少量,N,N,N,N,N 少量,,毒化物+包裝
IMS-104,7664-39-3,hydrofluoric acid,0.1,%,N,N 限值0.1-10%,N 2目少量,N,N,N,N,N 少量,,關注+包裝
IMS-104,16919-19-0,ammonium hexafluorosilicate,0.0063,%,N,N,N,N,N,N,N,N 少量,,毒化物+包裝
IMS-104,10043-35-3,ORTHOBORIC ACID,0.0057,%,N,N,N 1目，限值1%,N,N,N,N,N 少量,,毒化物+包裝
IMS-104,7783-20-2,ammonium sulfate,0.0041,%,N,N,N,N,N,N,N,N 少量,,毒化物+包裝
IMS-104,16962-40-6,ammonium hexafluorotitanate,0.0041,%,N,N,N,N,N,N,N,N 少量,,毒化物+包裝
IMS-104,7722-76-1,AMMONIUM BIPHOSPHATE,0.0037,%,N,N,N,N,N,N,N,N 少量,,毒化物+包裝
IMS-104,14985-18-3,zirconyl nitrate hydrate,0.0025,%,N,N,N,N,N,N,N,N 少量,,毒化物+包裝
IMS-104,1313-27-5,molybdenum (VI) oxide,0.0015,%,N,N,N,N,N,N,N,N 少量,,毒化物+包裝
IMS-104,11140-77-5,ammonium tungstate,0.0014,%,N,N,N,N,N,N,N,N 少量,,毒化物+包裝
IMS-104,1313-96-8,niobium (V) oxide,0.0014,%,N,N,N,N,N,N,N,N 少量,,毒化物+包裝
IMS-104,1310-53-8,germanium (IV) oxide,0.0012,%,N,N,N,N,N,N,N,N 少量,,毒化物+包裝
IMS-104,7440-25-7,"tantalum, soluble compounds as Ta",0.001,%,N,N,N,N,N,N,N,N 少量,,毒化物+包裝
IMS-104,7440-15-5,"rhenium, soluble compounds as Re",0.001,%,N,N,N,N,N,N,N,N 少量,,毒化物+包裝
STM-262-1,67-56-1,methanol,99.0517,% (w/w),N,N,N 2目少量,N,N,N,N,N 少量,,毒化物+包裝
STM-262-1,2037-26-5,toluene-d8,0.3161,% (w/w),N,N,N,N,N 乙類，限值100%,N,N,N 少量,,毒化物+包裝
STM-262-1,460-00-4,1-bromo-4-fluorobenzene,0.3161,% (w/w),N,N,N,N,N,N,Y,N 少量,空汙申請,毒化物+包裝
STM-262-1,17060-07-0,"1,2-dichloroethane-d4",0.3161,% (w/w),N 4類，限值15%,N,N 1目，限值1%,N,N,N,N,N 少量,,毒化物+包裝
RGO-616-1,1975/9/2,"Composite standard, diesel fuel no. 2,",95-100,% (w/w),Y 4類，限值25%,N,N 2目少量,N,N,N,N,N 少量,毒化物,毒化物+包裝
RGO-616-1,68334-30-5,"Composite standard, diesel fuel no. 2,",3.7736,% (w/w),N,N,N 2目少量,N,N,N,N,N 少量,,毒化物+包裝
STM-320N-1,67-56-1,methanol,99.2416,% (w/w),N,N,N 2目少量,N,N,N,N,N 少量,,毒化物+包裝
STM-320N-1,460-00-4,1-bromo-4-fluorobenzene,0.2528,% (w/w),N,N,N,N,N,N,Y,N 少量,空汙申請,毒化物+包裝
STM-320N-1,462-06-6,fluorobenzene,0.2528,% (w/w),N,N,N,N,N,N,N,N 少量,,毒化物+包裝
STM-320N-1,2199-69-1,"1,2-dichlorobenzene-d4",0.2528,% (w/w),N,N,N,N,N,N,N,N 少量,,毒化物+包裝
ISM-331-1,1975/9/2,METHYLENE DICHLORIDE 二氯甲烷,95-100,% (w/w),Y 4類，限值25%,N,N 2目少量,N,N,N,N,N 少量,毒化物,毒化物+包裝
ISM-331-1,4165-60-0,nitrobenzene-d5,0.3017,% (w/w),N,N,N,N,N,N,N,N 少量,,毒化物+包裝
ISM-331-1,4165-62-2,phenol-d5,0.3017,% (w/w),N,N,N,N,N,N,N,N 少量,,毒化物+包裝
ISM-331-1,1718-51-0,p-terphenyl-d14,0.3017,% (w/w),N,N,N,N,N,N,N,N 少量,,毒化物+包裝
ISM-331-1,321-60-8,2-fluorobiphenyl,0.3017,% (w/w),N,N,N,N,N,N,N,N 少量,,毒化物+包裝
ISM-331-1,367-12-4,2-fluorophenol,0.3017,% (w/w),N,N,N,N,N,N,N,N 少量,,毒化物+包裝
ISM-331-1,118-79-6,"2,4,6-tribromophenol",0.3017,% (w/w),N,N,N 2目少量,N,N,N,N,N 少量,,毒化物+包裝
PANAL0214,540-84-1,isooctane,100,% (w/w),N,N,N,N,N,N,N,N 少量,,毒化物+包裝
PANAL0214,540-84-1,isooctane,99.9993,% (w/w),N,N,N,N,N,N,N,N 少量,,毒化物+包裝
PANAL0214,544-40-1,Butyl sulfide,0.0007,% (w/w),N,N,N,N,N,N,N,N 少量,,毒化物+包裝
PANAL0214,540-84-1,isooctane,99.9984,% (w/w),N,N,N,N,N,N,N,N 少量,,毒化物+包裝
PANAL0214,544-40-1,Butyl sulfide,0.0016,% (w/w),N,N,N,N,N,N,N,N 少量,,毒化物+包裝
PANAL0214,540-84-1,isooctane,99.9967,% (w/w),N,N,N,N,N,N,N,N 少量,,毒化物+包裝
PANAL0214,544-40-1,Butyl sulfide,0.0033,% (w/w),N,N,N,N,N,N,N,N 少量,,毒化物+包裝
PANAL0214,540-84-1,isooctane,99.9951,% (w/w),N,N,N,N,N,N,N,N 少量,,毒化物+包裝
PANAL0214,544-40-1,Butyl sulfide,0.0049,% (w/w),N,N,N,N,N,N,N,N 少量,,毒化物+包裝
PANAL0214,540-84-1,isooctane,99.9934,% (w/w),N,N,N,N,N,N,N,N 少量,,毒化物+包裝
PANAL0214,544-40-1,Butyl sulfide,0.0066,% (w/w),N,N,N,N,N,N,N,N 少量,,毒化物+包裝
PM-610-1,1975/9/2,METHYLENE DICHLORIDE,95-100,% (w/w),Y 4類，限值25%,N,N 2目少量,N,N,N,N,N 少量,毒化物,毒化物+包裝
PM-610-1,129-00-0,pyrene,0.0015,% (w/w),N,N,N,N,N,N,N,N 少量,,毒化物+包裝
PM-610-1,86-73-7,fluorene,0.0015,% (w/w),N,N,N,N,N,N,N,N 少量,,毒化物+包裝
PM-610-1,120-12-7,anthracene,0.0015,% (w/w),N 1類，限值10%,N,N,N,N,N,N,N 少量,,毒化物+包裝
PM-610-1,1985/1/8,phenanthrene,0.0015,% (w/w),N,N,N,N,N,N,N,N 少量,,毒化物+包裝
PM-610-1,206-44-0,fluoranthene,0.0015,% (w/w),N,N,N,N,N,N,N,N 少量,,毒化物+包裝
PM-610-1,83-32-9,acenaphthene,0.0015,% (w/w),N,N,N,N,N,N,N,N 少量,,毒化物+包裝
PM-610-1,208-96-8,acenaphthylene,0.0015,% (w/w),N,N,N,N,N,N,N,N 少量,,毒化物+包裝
PM-610-1,53-70-3,"dibenz[a,h]anthracene",0.0015,% (w/w),N,N,N,N,N,N,N,N 少量,,毒化物+包裝
PM-610-1,193-39-5,"indeno[1,2,3-cd]pyrene",0.0015,% (w/w),N,N,N,N,N,N,N,N 少量,,毒化物+包裝
PM-610-1,218-01-9,chrysene,0.0015,% (w/w),N,N,N,N,N,N,N,N 少量,,毒化物+包裝
PM-610-1,207-08-9,benzo[k]fluoranthene,0.0015,% (w/w),N,N,N,N,N,N,N,N 少量,,毒化物+包裝
PM-610-1,205-99-2,benzo[b]fluoranthene,0.0015,% (w/w),N,N,N,N,N,N,N,N 少量,,毒化物+包裝
PM-610-1,50-32-8,benzo[a]pyrene,0.0015,% (w/w),N,N,N,N,N,N,N,N 少量,,毒化物+包裝
PM-610-1,56-55-3,benz[a]anthracene,0.0015,% (w/w),N,N,N 1目，限值1%,N,N,N,N,N 少量,,毒化物+包裝
PM-610-1,191-24-2,benzo[ghi]perylene,0.0015,% (w/w),N,N,N,N,N,N,N,N 少量,,毒化物+包裝
PM-610-1,91-20-3,naphthalene,0.0015,% (w/w),N,N,N 2目少量,N,N,N,N,N 年用量無超過,,毒化物+包裝
PM-611-1,1975/9/2,METHYLENE DICHLORIDE,95-100,% (w/w),Y 4類，限值25%,N,N 2目少量,N,N,N,N,N 少量,毒化物,毒化物+包裝
PM-611-1,129-00-0,pyrene,0.0075,% (w/w),N,N,N,N,N,N,N,N 少量,,毒化物+包裝
PM-611-1,86-73-7,fluorene,0.0075,% (w/w),N,N,N,N,N,N,N,N 少量,,毒化物+包裝
PM-611-1,120-12-7,anthracene,0.0075,% (w/w),N 1類，限值10%,N,N,N,N,N,N,N 少量,,毒化物+包裝
PM-611-1,1985/1/8,phenanthrene,0.0075,% (w/w),N,N,N,N,N,N,N,N 少量,,毒化物+包裝
PM-611-1,206-44-0,fluoranthene,0.0075,% (w/w),N,N,N,N,N,N,N,N 少量,,毒化物+包裝
PM-611-1,83-32-9,acenaphthene,0.0075,% (w/w),N,N,N,N,N,N,N,N 少量,,毒化物+包裝
PM-611-1,208-96-8,acenaphthylene,0.0075,% (w/w),N,N,N,N,N,N,N,N 少量,,毒化物+包裝
PM-611-1,53-70-3,"dibenz[a,h]anthracene",0.0075,% (w/w),N,N,N,N,N,N,N,N 少量,,毒化物+包裝
PM-611-1,193-39-5,"indeno[1,2,3-cd]pyrene",0.0075,% (w/w),N,N,N,N,N,N,N,N 少量,,毒化物+包裝
PM-611-1,218-01-9,chrysene,0.0075,% (w/w),N,N,N,N,N,N,N,N 少量,,毒化物+包裝
PM-611-1,207-08-9,benzo[k]fluoranthene,0.0075,% (w/w),N,N,N,N,N,N,N,N 少量,,毒化物+包裝
PM-611-1,205-99-2,benzo[b]fluoranthene,0.0075,% (w/w),N,N,N,N,N,N,N,N 少量,,毒化物+包裝
PM-611-1,50-32-8,benzo[a]pyrene,0.0075,% (w/w),N,N,N,N,N,N,N,N 少量,,毒化物+包裝
PM-611-1,56-55-3,benz[a]anthracene,0.0075,% (w/w),N,N,N 1目，限值1%,N,N,N,N,N 少量,,毒化物+包裝
PM-611-1,191-24-2,benzo[ghi]perylene,0.0075,% (w/w),N,N,N,N,N,N,N,N 少量,,毒化物+包裝
PM-611-1,91-20-3,naphthalene,0.0075,% (w/w),N,N,N 2目少量,N,N,N,N,N 年用量無超過,,毒化物+包裝
PPM-537-1,1975/5/8,acetonitrile,95-100,% (w/w),Y 4類，限值1%,N,N,N,N,N,N,N 少量,毒化物,毒化物+包裝
PPM-537-1,116-06-3,aldicarb,0.0127,% (w/w),N,N,N,N,N,N,N,N 少量,,毒化物+包裝
PPM-537-1,1646-88-4,aldicarb sulfone,0.0127,% (w/w),N,N,N,N,N,N,N,N 少量,,毒化物+包裝
PPM-537-1,1646-87-3,aldicarb sulfoxide,0.0127,% (w/w),N,N,N,N,N,N,N,N 少量,,毒化物+包裝
PPM-537-1,63-25-2,carbaryl (sevin),0.0127,% (w/w),N,N,N 2目少量,N,N,N,N,N 少量,,毒化物+包裝
PPM-537-1,1563-66-2,carbofuran,0.0127,% (w/w),N,N,N 2目少量,N,N,N,N,N 少量,,毒化物+包裝
PPM-537-1,90-15-3,1-naphthol,0.0127,% (w/w),N,N,N,N,N,N,N,N 少量,,毒化物+包裝
PPM-537-1,16655-82-6,3-hydroxycarbofuran,0.0127,% (w/w),N,N,N,N,N,N,N,N 少量,,毒化物+包裝
PPM-537-1,2032-65-7,methiocarb,0.0127,% (w/w),N,N,N 2目少量,N,N,N,N,N 少量,,毒化物+包裝
PPM-537-1,16752-77-5,methomyl,0.0127,% (w/w),N,N,N 2目少量,N,N,N,N,N 少量,,毒化物+包裝
PPM-537-1,23135-22-0,oxamyl,0.0127,% (w/w),N,N,N 2目少量,N,N,N,N,N 少量,,毒化物+包裝
PPM-537-1,114-26-1,propoxur,0.0127,% (w/w),N,N,N,N,N,N,N,N 少量,,毒化物+包裝
PST-1465-100MG,87-41-2,1-isobenzofuranone,100,% (w/w),N,N,N,N,N,N,N,N 少量,,毒化物+包裝
PST-1700,13071-79-9,Terbufos,100,%,N,N,N 2目少量,N,N,N,N,N 少量,,毒化物+包裝
PST-2085M1000,67-56-1,methanol,99.8736,% (w/w),N,N,N 2目少量,N,N,N,N,N 少量,,毒化物+包裝
PST-2085M1000,4824-78-6,bromophos-ethyl,0.1264,% (w/w),N,N,N,N,N,N,N,N 少量,,毒化物+包裝
PST-210,53-19-0,"2,4'-DDD",100,% (w/w),N,N,N,N,N,N,N,N 少量,,毒化物+包裝
PST-2910-10MG,13067-93-1,cyanofenphos,100,% (w/w),N,N,N,N,N,N,N,N 少量,,毒化物+包裝
PST-3405-25MG,180409-60-3,cyflufenamid,100,% (w/w),N,N,N,N,N,N,N,N 少量,,毒化物+包裝
PST-3480-10MG,98886-44-3,fosthiazate,100,% (w/w),N,N,N,N,N,N,N,N 少量,,毒化物+包裝
PST-3590-10MG,105779-78-0,pyrimidifen,100,% (w/w),N,N,N,N,N,N,N,N 少量,,毒化物+包裝
PST-3710-10MG,158062-67-0,Flonicamid,100,% (w/w),N,N,N,N,N,N,N,N 少量,,毒化物+包裝
PST-560M1000,67-56-1,methanol,99.8736,% (w/w),N,N,N 2目少量,N,N,N,N,N 少量,,毒化物+包裝
PST-560M1000,86-50-0,azinphos-methyl (guthion),0.1264,% (w/w),N,N,N,N,N,N,N,N 少量,,毒化物+包裝
QCI-700,7732-18-5,water,93.0924,% (w/w),N,N,N,N,N,N,N,N 少量,,毒化物+包裝
QCI-700,7697-37-2,NITRIC ACID,4.95,% (w/w),N,N,N 2目少量,N,N,N,N,N 少量,,毒化物+包裝
QCI-700,7784-27-2,aluminum nitrate nonahydrate,0.5634,% (w/w),N,N,N,N,N,N,N,N 少量,,毒化物+包裝
QCI-700,7782-61-8,iron (III) nitrate nonahydrate,0.2898,% (w/w),N,N,N 2目少量,N,N,N,N,N 少量,,毒化物+包裝
QCI-700,87-69-4,TARTARIC ACID L(+),0.2,% (w/w),N,N,N,N,N,N,N,N 少量,,毒化物+包裝
QCI-700,10043-35-3,ORTHOBORIC ACID,0.1156,% (w/w),N,N,N 1目，限值1%,N,N,N,N,N 少量,,毒化物+包裝
QCI-700,13478-00-7,nickel (II) nitrate hexahydrate,0.101,% (w/w),N,N,N 1目，限值1%,N,N,N,N,N 少量,,毒化物+包裝
QCI-700,10377-66-9,manganese (II) nitrate,0.0995,% (w/w),N,N,N,N,N,N,N,N 少量,,毒化物+包裝
QCI-700,10196-18-6,zinc nitrate hexahydrate,0.0833,% (w/w),N,N,N,N,N,N,N,N 少量,,毒化物+包裝
QCI-700,7789/2/8,chromium (III) nitrate nonahydrate,0.0775,% (w/w),N,N,N,N,N,N,N,N 少量,,毒化物+包裝
QCI-700,7664-39-3,hydrofluoric acid,0.0564,% (w/w),N,N 限值0.1-10%,N 2目少量,N,N,N,N,N 少量,,關注+包裝
QCI-700,543-81-7,beryllium acetate,0.0562,% (w/w),N,N,N,N,N,Y,N,N,新化學物質,毒化物+包裝
QCI-700,10026-22-9,cobalt nitrate hexahydrate,0.0493,% (w/w),N,N,N 1目，限值1%,N,N,N,N,N 少量,,毒化物+包裝
QCI-700,10022-31-8,barium nitrate,0.0476,% (w/w),N,N,N,N,N,N,N,N 少量,,毒化物+包裝
QCI-700,7803-55-6,ammonium metavanadate,0.0455,% (w/w),N,N,N 2目少量,N,N,N,N,N 少量,,毒化物+包裝
QCI-700,10031-43-3,copper (II) nitrate trihydrate,0.0388,% (w/w),N,N,N 2目少量,N,N,N,N,N 少量,,毒化物+包裝
QCI-700,10022-68-1,cadmium nitrate tetrahydrate,0.0275,% (w/w),N,N,N,N,N,N,N,N 少量,,毒化物+包裝
QCI-700,10099-74-8,lead (II) nitrate,0.0241,% (w/w),N,N,N 附錄一限值>1%,N,N,N,N,N 少量,,毒化物+包裝
QCI-700,7761-88-8,silver nitrate,0.0157,% (w/w),N,N,N 2目少量,N,N,N,N,N 少量,,毒化物+包裝
QCI-700,7446/8/4,selenium (IV) oxide,0.014,% (w/w),N,N,N,N,N,N,N,N 少量,,毒化物+包裝
QCI-700,10042-76-9,strontium nitrate,0.0121,% (w/w),N,N,N 2目少量,N,N,N,N,N 少量,,毒化物+包裝
QCI-700,10102-45-1,thallium (I) nitrate,0.0104,% (w/w),N,N,N,N,N,N,N,N 少量,,毒化物+包裝
QCI-700,1313-27-5,molybdenum (VI) oxide,0.009,% (w/w),N,N,N,N,N,N,N,N 少量,,毒化物+包裝
QCI-700,7440-36-0,antimony,0.009,% (w/w),N,N,N,N,N,N,N,N 少量,,毒化物+包裝
QCI-700,1327-53-3,arsenic (III) oxide,0.0119,% (w/w),"N 1,2,3類，限值1%",N,N 1目，限值1%,N,N,N,N,N 少量,,毒化物+包裝
QCI-700,7732-18-5,water,98.0149,% (w/w),N,N,N,N,N,N,N,N 少量,,毒化物+包裝
QCI-700,7697-37-2,NITRIC ACID,1.98,% (w/w),N,N,N 2目少量,N,N,N,N,N 少量,,毒化物+包裝
QCI-700,7783-34-8,mercuric nitrate monohydrate,0.0051,% (w/w),N,N,N 1目，限值1%,N,N,N,N,N 少量,,毒化物+包裝
QCI-700A,7732-18-5,water,93.0924,% (w/w),N,N,N,N,N,N,N,N 少量,,毒化物+包裝
QCI-700A,7697-37-2,NITRIC ACID,4.95,% (w/w),N,N,N 2目少量,N,N,N,N,N 少量,,毒化物+包裝
QCI-700A,7784-27-2,aluminum nitrate nonahydrate,0.5634,% (w/w),N,N,N,N,N,N,N,N 少量,,毒化物+包裝
QCI-700A,7782-61-8,iron (III) nitrate nonahydrate,0.2898,% (w/w),N,N,N 2目少量,N,N,N,N,N 少量,,毒化物+包裝
QCI-700A,87-69-4,TARTARIC ACID L(+),0.2,% (w/w),N,N,N,N,N,N,N,N 少量,,毒化物+包裝
QCI-700A,10043-35-3,ORTHOBORIC ACID,0.1156,% (w/w),N,N,N 1目，限值1%,N,N,N,N,N 少量,,毒化物+包裝
QCI-700A,13478-00-7,nickel (II) nitrate hexahydrate,0.101,% (w/w),N,N,N 1目，限值1%,N,N,N,N,N 少量,,毒化物+包裝
QCI-700A,10377-66-9,manganese (II) nitrate,0.0995,% (w/w),N,N,N,N,N,N,N,N 少量,,毒化物+包裝
QCI-700A,10196-18-6,zinc nitrate hexahydrate,0.0833,% (w/w),N,N,N,N,N,N,N,N 少量,,毒化物+包裝
QCI-700A,7789/2/8,chromium (III) nitrate nonahydrate,0.0775,% (w/w),N,N,N,N,N,N,N,N 少量,,毒化物+包裝
QCI-700A,7664-39-3,hydrofluoric acid,0.0564,% (w/w),N,N 限值0.1-10%,N 2目少量,N,N,N,N,N 少量,,關注+包裝
QCI-700A,543-81-7,beryllium acetate,0.0562,% (w/w),N,N,N,N,N,Y,N,N,新化學物質,毒化物+包裝
QCI-700A,10026-22-9,cobalt nitrate hexahydrate,0.0493,% (w/w),N,N,N 1目，限值1%,N,N,N,N,N 少量,,毒化物+包裝
QCI-700A,10022-31-8,barium nitrate,0.0476,% (w/w),N,N,N,N,N,N,N,N 少量,,毒化物+包裝
QCI-700A,7803-55-6,ammonium metavanadate,0.0455,% (w/w),N,N,N 2目少量,N,N,N,N,N 少量,,毒化物+包裝
QCI-700A,10031-43-3,copper (II) nitrate trihydrate,0.0388,% (w/w),N,N,N 2目少量,N,N,N,N,N 少量,,毒化物+包裝
QCI-700A,10022-68-1,cadmium nitrate tetrahydrate,0.0275,% (w/w),N,N,N,N,N,N,N,N 少量,,毒化物+包裝
QCI-700A,10099-74-8,lead (II) nitrate,0.0241,% (w/w),N,N,N 附錄一限值>1%,N,N,N,N,N 少量,,毒化物+包裝
QCI-700A,7761-88-8,silver nitrate,0.0157,% (w/w),N,N,N 2目少量,N,N,N,N,N 少量,,毒化物+包裝
QCI-700A,7446/8/4,selenium (IV) oxide,0.014,% (w/w),N,N,N,N,N,N,N,N 少量,,毒化物+包裝
QCI-700A,10042-76-9,strontium nitrate,0.0121,% (w/w),N,N,N 2目少量,N,N,N,N,N 少量,,毒化物+包裝
QCI-700A,10102-45-1,thallium (I) nitrate,0.0104,% (w/w),N,N,N,N,N,N,N,N 少量,,毒化物+包裝
QCI-700A,1313-27-5,molybdenum (VI) oxide,0.009,% (w/w),N,N,N,N,N,N,N,N 少量,,毒化物+包裝
QCI-700A,7440-36-0,antimony,0.009,% (w/w),N,N,N,N,N,N,N,N 少量,,毒化物+包裝
QCI-700A,1327-53-3,arsenic (III) oxide,0.0119,% (w/w),"N 1,2,3類，限值1%",N,N 1目，限值1%,N,N,N,N,N 少量,,毒化物+包裝
QCI-700B,7732-18-5,water,98.0149,% (w/w),N,N,N,N,N,N,N,N 少量,,毒化物+包裝
QCI-700B,7697-37-2,NITRIC ACID,1.98,% (w/w),N,N,N 2目少量,N,N,N,N,N 少量,,毒化物+包裝
QCI-700B,7783-34-8,mercuric nitrate monohydrate,0.0051,% (w/w),N,N,N 1目，限值1%,N,N,N,N,N 少量,,
QCI-755,7732-18-5,water,99.8789,% (w/w),N,N,N,N,N,N,N,N 少量,,
QCI-755,1310-73-2,sodium hydroxide,0.1,% (w/w),N,N,N 2目少量,N,N,N,N,N 少量,,
QCI-755,13746-66-2,POTASSIUM HEXACYANOFERRATE (III),0.0211,% (w/w),N,N,N,N,N,N,N,N 少量,,
QCI-756,7732-18-5,water,99.7749,% (w/w),N,N,N,N,N,N,N,N 少量,,
QCI-756,1310-73-2,sodium hydroxide,0.1,% (w/w),N,N,N 2目少量,N,N,N,N,N 少量,,
QCI-756,151-50-8,potassium cyanide,0.1251,% (w/w),N 3類，氰離子限值1 %以上,N,N 2目少量,N,N,N,N,N 少量,,
QCM-110,67-56-1,methanol,97.314,% (w/w),N,N,N 2目少量,N,N,N,N,N 少量,,
QCM-110,75-27-4,bromodichloromethane,0.1264,% (w/w),N 4類，限值1%,N,N,N,N,N,N,N 少量,,
QCM-110,75-25-2,bromoform,0.1264,% (w/w),N 1類，限值1%,N,N,N,N,N,N,N 少量,,
QCM-110,67-66-3,chloroform,0.1264,% (w/w),N 1類，限值50%,N,N 2目少量,N,N,N,N,N 少量,,
QCM-110,124-48-1,dibromochloromethane,0.1264,% (w/w),N,N,N,N,N,N,N,N 少量,,
QCM-110,95-47-6,o-xylene,0.1264,% (w/w),N,N,N 2目少量,N,N,N,N,N 少量,,
QCM-110,108-38-3,m-xylene,0.1264,% (w/w),N,N,N 2目少量,N,N,N,N,N 少量,,
QCM-110,106-42-3,p-xylene,0.1264,% (w/w),N,N,N 2目少量,N,N,N,N,N 少量,,
QCM-110,1975/1/4,vinyl chloride,0.1264,% (w/w),N 2類，限值50%,N,N 1目，限值1%,N,N,N,N,N 少量,,
QCM-110,74-95-3,dibromomethane,0.0506,% (w/w),N 1類，限值1%,N,N,N,N,N,N,N 少量,,
QCM-110,104-51-8,n-butylbenzene,0.0506,% (w/w),N,N,N,N,N,N,N,N 少量,,
QCM-110,99-87-6,p-Isopropyltoluene,0.0506,% (w/w),N,N,N,N,N,N,N,N 少量,,
QCM-110,563-58-6,"1,1-dichloropropene",0.0506,% (w/w),N,N,N,N,N,N,N,N 少量,,
QCM-110,95-50-1,"1,2-dichlorobenzene",0.0506,% (w/w),N 1類，限值1%,N,N 2目少量,N,N,N,N,N 少量,,
QCM-110,541-73-1,"1,3-dichlorobenzene",0.0506,% (w/w),N 1類，限值1%,N,N,N,N,N,N,N 少量,,
QCM-110,106-46-7,"1,4-dichlorobenzene",0.0506,% (w/w),N,N,N 2目少量,N,N,N,N,N 少量,,
QCM-110,156-60-5,"trans-1,2-dichloroethene",0.0506,% (w/w),N 4類，限值25%,N,N,N,N,N,N,N 少量,,
QCM-110,156-59-2,"cis-1,2-dichloroethene",0.0506,% (w/w),N 4類，限值25%,N,N,N,N,N,N,N 少量,,
QCM-110,75-35-4,"1,1-dichloroethene",0.0506,% (w/w),N 4類，限值25%,N,N,N,N,N,N,N 少量,,
QCM-110,630-20-6,"1,1,1,2-Tetrachloroethane",0.0506,% (w/w),N,N,N 2目少量,N,N,N,N,N 少量,,
QCM-110,79-34-5,"1,1,2,2-tetrachloroethane",0.0506,% (w/w),N 4類，限值1%,N,N 2目少量,N,N,N,N,N 少量,,
QCM-110,120-82-1,"1,2,4-trichlorobenzene",0.0506,% (w/w),N 1類，限值1%,N,N,N,N,N,N,N 少量,,
QCM-110,135-98-8,sec-butylbenzene,0.0506,% (w/w),N,N,N,N,N,N,N,N 少量,,
QCM-110,1998/6/6,tert-butylbenzene,0.0506,% (w/w),N,N,N,N,N,N,N,N 少量,,
QCM-110,95-49-8,2-chlorotoluene,0.0506,% (w/w),N,N,N,N,N,N,N,N 少量,,
QCM-110,79-00-5,"1,1,2-trichloroethane",0.0506,% (w/w),N,N,N 2目少量,N,N,N,N,N 少量,,
QCM-110,127-18-4,tetrachloroethylene,0.0506,% (w/w),"N 1,2類，限值10%",N,N 1目，限值1%,N,N,N,N,N 少量,,
QCM-110,103-65-1,n-Propylbenzene,0.0506,% (w/w),N,N,N,N,N,N,N,N 少量,,
QCM-110,71-43-2,benzene,0.0506,% (w/w),"N 1,2類，限值70%",N,N 1目，限值1%,N,N,N,N,N 少量,,
QCM-110,108-88-3,toluene,0.0506,% (w/w),N,N,N 2目少量,N,N 乙類，限值100%,N,N,N 年用量無超過,,
QCM-110,100-41-4,ethylbenzene,0.0506,% (w/w),N 4類，限值70%,N,N,N,N,N,N,N 少量,,
QCM-110,98-82-8,isopropylbenzene,0.0506,% (w/w),N 4類，限值1%,N,N,N,N,N,N,N 少量,,
QCM-110,108-67-8,"1,3,5-trimethylbenzene",0.0506,% (w/w),N,N,N,N,N,N,N,N 年用量無超過,,
QCM-110,100-42-5,styrene,0.0506,% (w/w),N,N,N 2目少量,N,N,N,N,N 年用量無超過,,
QCM-110,95-63-6,"1,2,4-trimethylbenzene",0.0506,% (w/w),N,N,N,N,N,N,N,N 年用量無超過,,
QCM-110,1975/9/2,METHYLENE DICHLORIDE,0.0506,% (w/w),N 4類，限值25%,N,N 2目少量,N,N,N,N,N 少量,,
QCM-110,56-23-5,carbon tetrachloride,0.0506,% (w/w),N 1類，限值50%,N,N 2目少量,N,N,N,Y,N 少量,空汙申請,
QCM-110,107-06-2,"1,2-dichloroethane",0.0506,% (w/w),N 4類，限值15%,N,N 1目，限值1%,N,N,N,N,N 少量,,
QCM-110,71-55-6,"1,1,1-trichloroethane",0.0506,% (w/w),N,N,N 2目少量,N,N,N,Y,N 少量,空汙申請,
QCM-110,1979/1/6,trichloroethylene,0.0506,% (w/w),"N 1,2類，限值10%",N,N 附錄一限值>1%,N,N,N,N,N 少量,,
QCM-110,108-90-7,chlorobenzene,0.0506,% (w/w),N 1類，限值1%,N,N 2目少量,N,N,N,N,N 少量,,
QCM-110,106-43-4,4-chlorotoluene,0.0506,% (w/w),N,N,N,N,N,N,N,N 少量,,
QCM-110,1996/12/8,"1,2-dibromo-3-chloropropane (DBCP)",0.005,% (w/w),"N 1,2,3類，限值1%",N,N,N,N,N,N,N 少量,,
QCM-111,67-56-1,methanol,98.533,% (w/w),N,N,N 2目少量,N,N,N,N,N 少量,,
QCM-111,95-47-6,"1,2-Dimethylbenzene",0.1264,% (w/w),N,N,N 2目少量,N,N,N,N,N 少量,,
QCM-111,108-38-3,"1,3-Dimethylbenzene",0.1264,% (w/w),N,N,N 2目少量,N,N,N,N,N 少量,,
QCM-111,106-42-3,"1,4- Dimethylbenzene",0.1264,% (w/w),N,N,N 2目少量,N,N,N,N,N 少量,,
QCM-111,1975/1/4,vinyl chloride,0.1264,% (w/w),N 2類，限值50%,N,N 1目，限值1%,N,N,N,N,N 少量,,
QCM-111,75-35-4,"1,1-dichloroethene",0.0506,% (w/w),N 4類，限值25%,N,N,N,N,N,N,N 少量,,
QCM-111,120-82-1,"1,2,4-trichlorobenzene",0.0506,% (w/w),N 1類，限值1%,N,N,N,N,N,N,N 少量,,
QCM-111,95-50-1,"1,2-dichlorobenzene",0.0506,% (w/w),N 1類，限值1%,N,N 2目少量,N,N,N,N,N 少量,,
QCM-111,106-46-7,"1,4-dichlorobenzene",0.0506,% (w/w),N,N,N 2目少量,N,N,N,N,N 少量,,
QCM-111,156-60-5,"trans-1,2-dichloroethene",0.0506,% (w/w),N 4類，限值25%,N,N,N,N,N,N,N 少量,,
QCM-111,79-00-5,"1,1,2-trichloroethane",0.0506,% (w/w),N,N,N 2目少量,N,N,N,N,N 少量,,
QCM-111,127-18-4,perchloroethylene,0.0506,% (w/w),"N 1,2類，限值10%",N,N 1目，限值1%,N,N,N,N,N 少量,,
QCM-111,71-43-2,benzene,0.0506,% (w/w),"N 1,2類，限值70%",N,N 1目，限值1%,N,N,N,N,N 少量,,
QCM-111,108-88-3,toluene,0.0506,% (w/w),N,N,N 2目少量,N,N 乙類，限值100%,N,N,N 年用量無超過,,
QCM-111,100-41-4,ethylbenzene,0.0506,% (w/w),N 4類，限值70%,N,N,N,N,N,N,N 少量,,
QCM-111,100-42-5,Vinylbenzene,0.0506,% (w/w),N,N,N 2目少量,N,N,N,N,N 年用量無超過,,
QCM-111,1975/9/2,METHYLENE DICHLORIDE,0.0506,% (w/w),N 4類，限值25%,N,N 2目少量,N,N,N,N,N 少量,,
QCM-111,56-23-5,carbon tetrachloride,0.0506,% (w/w),N 1類，限值50%,N,N 2目少量,N,N,N,Y,N 少量,空汙申請,
QCM-111,107-06-2,ethylene dichloride,0.0506,% (w/w),N 4類，限值15%,N,N 1目，限值1%,N,N,N,N,N 少量,,
QCM-111,71-55-6,methyl chloroform,0.0506,% (w/w),N,N,N 2目少量,N,N,N,Y,N 少量,空汙申請,
QCM-111,78-87-5,"1,2-dichloropropane",0.0506,% (w/w),N 1類，限值1%,N,N,N,N,N,N,N 少量,,
QCM-111,1979/1/6,trichloroethylene,0.0506,% (w/w),"N 1,2類，限值10%",N,N 附錄一限值>1%,N,N,N,N,N 少量,,
QCM-111,108-90-7,chlorobenzene,0.0506,% (w/w),N 1類，限值1%,N,N 2目少量,N,N,N,N,N 少量,,
QCM-111,156-59-2,"cis-1,2-dichloroethene",0.0506,% (w/w),N 4類，限值25%,N,N,N,N,N,N,N 少量,,
QCM-120,67-56-1,methanol,99.8736,% (w/w),N,N,N 2目少量,N,N,N,N,N 少量,,
QCM-120,124-48-1,dibromochloromethane,0.0316,% (w/w),N,N,N,N,N,N,N,N 少量,,
QCM-120,67-66-3,chloroform,0.0316,% (w/w),N 1類，限值50%,N,N 2目少量,N,N,N,N,N 少量,,
QCM-120,75-25-2,bromoform,0.0316,% (w/w),N 1類，限值1%,N,N,N,N,N,N,N 少量,,
QCM-120,75-27-4,bromodichloromethane,0.0316,% (w/w),N 4類，限值1%,N,N,N,N,N,N,N 少量,,
QCM-130,1996/12/8,"1,2-dibromo-3-chloropropane (DBCP)",0.005,% (w/w),"N 1,2,3類，限值1%",N,N,N,N,N,N,N 少量,,
QCM-130,106-93-4,"1,2-dibromoethane (EDB)",0.005,% (w/w),"N 1,2類，限值10%",N,N,N,N,N,N,N 少量,,
QCM-130,67-56-1,methanol,99.99,% (w/w),N,N,N 2目少量,N,N,N,N,N 少量,,
QCM-200,1031-07-8,endosulfan sulfate,0.0025,% (w/w),"N 1,3類，限值1%",N,N,N,N,N,N,N 少量,,
QCM-200,67-56-1,methanol,99.9647,% (w/w),N,N,N 2目少量,N,N,N,N,N 少量,,
QCM-200,309-00-2,aldrin,0.0019,% (w/w),"N 1,3類，限值1%",N,N,N,N,N,N,N 少量,,
QCM-200,319-84-6,"(1alpha,2alpha,3ß,4alpha,5ß,6ß)-1,2,3,4,5,6-hexachlorocyclohexane",0.0025,% (w/w),"N 1,3類，限值1%",N,N,N,N,N,N,N 少量,,
QCM-200,7421-93-4,endrin aldehyde,0.0025,% (w/w),N,N,N,N,N,N,N,N 少量,,
QCM-200,319-85-7,beta-BHC (beta-HCH),0.0025,% (w/w),"N 1,3類，限值1%",N,N,N,N,N,N,N 少量,,
QCM-200,319-86-8,delta-BHC (delta-HCH),0.0025,% (w/w),"N 1,3類，限值1%",N,N,N,N,N,N,N 少量,,
QCM-200,72-43-5,methoxychlor,0.0025,% (w/w),N,N,N,N,N,N,N,N 少量,,
QCM-200,33213-65-9,endosulfan II,0.0025,% (w/w),"N 1,3類，限值1%",N,N,N,N,N,N,N 少量,,
QCM-200,72-55-9,"4,4'-DDE",0.0013,% (w/w),N,N,N,N,N,N,N,N 少量,,
QCM-200,72-54-8,"4,4'-DDD",0.0013,% (w/w),N,N,N,N,N,N,N,N 少量,,
QCM-200,50-29-3,"4,4'-DDT",0.0013,% (w/w),"N 1,3類，限值1%",N,N,N,N,N,N,N 少量,,
QCM-200,1024-57-3,heptachlor epoxide - isomer B,0.0013,% (w/w),N,N,N,N,N,N,N,N 少量,,
QCM-200,58-89-9,gamma-BHC (lindane),0.0025,% (w/w),"N 1,3類，限值1%",N,N,N,N,N,N,N 少量,,
QCM-200,60-57-1,dieldrin,0.0019,% (w/w),"N 1,3類，限值1%",N,N,N,N,N,N,N 少量,,
QCM-200,72-20-8,endrin,0.0025,% (w/w),"N 1,3類，限值1%",N,N,N,N,N,N,N 少量,,
QCM-200,76-44-8,heptachlor,0.0013,% (w/w),"N 1,3類，限值1%",N,N,N,N,N,N,N 少量,,
QCM-200,959-98-8,endosulfan I,0.0025,% (w/w),"N 1,3類，限值1%",N,N,N,N,N,N,N 少量,,
QCM-210,309-00-2,aldrin,0.0003,% (w/w),"N 1,3類，限值1%",N,N,N,N,N,N,N 少量,,
QCM-210,67-56-1,methanol,99.9907,% (w/w),N,N,N 2目少量,N,N,N,N,N 少量,,
QCM-210,1912-24-9,atrazine,0.0025,% (w/w),N,N,N,N,N,N,N,N 少量,,
QCM-210,15972-60-8,alachlor (ISO),0.0025,% (w/w),N,N,N 2目少量,N,N,N,N,N 少量,,
QCM-210,72-43-5,methoxychlor,0.0025,% (w/w),N,N,N,N,N,N,N,N 少量,,
QCM-210,1024-57-3,heptachlor epoxide - isomer B,0.0003,% (w/w),N,N,N,N,N,N,N,N 少量,,
QCM-210,58-89-9,gamma-BHC (lindane),0.0003,% (w/w),"N 1,3類，限值1%",N,N,N,N,N,N,N 少量,,
QCM-210,60-57-1,dieldrin,0.0003,% (w/w),"N 1,3類，限值1%",N,N,N,N,N,N,N 少量,,
QCM-210,72-20-8,endrin,0.0003,% (w/w),"N 1,3類，限值1%",N,N,N,N,N,N,N 少量,,
QCM-210,76-44-8,heptachlor,0.0003,% (w/w),"N 1,3類，限值1%",N,N,N,N,N,N,N 少量,,
QCM-220,67-56-1,methanol,99.9975,% (w/w),N,N,N 2目少量,N,N,N,N,N 少量,,
QCM-220,8001-35-2,Toxaphene,0.0025,% (w/w),N 1類，限值1%,N,N,N,N,N,N,N 少量,,
QCM-230,57-74-9,chlordane,0.0025,% (w/w),"N 1,3類，限值1%",N,N,N,N,N,N,N 少量,,
QCM-230,67-56-1,methanol,99.9975,% (w/w),N,N,N 2目少量,N,N,N,N,N 少量,,
QCM-250,67-56-1,methanol,99.9205,% (w/w),N,N,N 2目少量,N,N,N,N,N 少量,,
QCM-250,1563-66-2,carbofuran,0.019,% (w/w),N,N,N 2目少量,N,N,N,N,N 少量,,
QCM-250,1646-88-4,aldicarb sulfone,0.0126,% (w/w),N,N,N,N,N,N,N,N 少量,,
QCM-250,16752-77-5,methomyl,0.0126,% (w/w),N,N,N 2目少量,N,N,N,N,N 少量,,
QCM-250,116-06-3,aldicarb,0.0126,% (w/w),N,N,N,N,N,N,N,N 少量,,
QCM-250,63-25-2,carbaryl (sevin),0.0126,% (w/w),N,N,N 2目少量,N,N,N,N,N 少量,,
QCM-250,1646-87-3,aldicarb sulfoxide,0.0101,% (w/w),N,N,N,N,N,N,N,N 少量,,
QCM-550,1979/11/8,chloroacetic acid,0.0007,% (w/w),N 4類，限值1%,N,N,N,N,N,N,N 少量,,
QCM-550,1634-04-4,tert-butylmethyl ether (MTBE),95-100,% (w/w),Y 4類，限值20%,N,N,N,N,N,N,N 少量,毒化物,毒化物+包裝
QCM-550,1979/8/3,bromoacetic acid,0.0007,% (w/w),N,N,N,N,N,N,N,N 少量,,
QCM-550,5589-96-8,bromochloroacetic acid,0.0007,% (w/w),N,N,N,N,N,N,N,N 少量,,
QCM-550,79-43-6,dichloroacetic acid,0.0007,% (w/w),N,N,N,N,N,N,N,N 少量,,
QCM-550,631-64-1,dibromoacetic acid,0.0007,% (w/w),N,N,N,N,N,N,N,N 少量,,
QCM-550,1976/3/9,trichloroacetic acid,0.0007,% (w/w),N,N,N,N,N,N,N,N 少量,,
QCM-600,67-56-1,methanol,99.4943,% (w/w),N,N,N 2目少量,N,N,N,N,N 少量,,
QCM-600,8006-61-9,Petroleum refinery heavy straight run naptha,0.5057,% (w/w),N,N,N,N,N,N,N,N 少量,,
QCM-610,67-56-1,methanol,99.2415,% (w/w),N,N,N 2目少量,N,N,N,N,N 少量,,
QCM-610,68334-30-5,diesel fuel #2,0.7585,% (w/w),N,N,N,N,N,N,N,N 少量,,
RCC-092,75-56-9,propylene oxide,100,% (w/w),N,N,Y 1目，限值1%,N,N,N,N,N 年用量無超過,優先化學品報備,
STM-520-1,67-56-1,methanol,99.0517,% (w/w),N,N,N 2目少量,N,N,N,N,N 少量,,
STM-520-1,3855-82-1,"1,4-dichlorobenzene-d4",0.3161,% (w/w),N,N,N,N,N,N,N,N 少量,,
STM-520-1,462-06-6,fluorobenzene,0.3161,% (w/w),N,N,N,N,N,N,N,N 少量,,
STM-520-1,3114-55-4,chlorobenzene-d5,0.3161,% (w/w),N 同位素 1類 cas#108-90-7 (氯苯)，限值1%,N,N 2目少量,N,N,N,N,N 少量,,
SVM-8270-1,1975/9/2,METHYLENE DICHLORIDE,75-80,% (w/w),Y 4類，限值25%,N,N 2目少量,N,N,N,N,N 少量,毒化物,毒化物+包裝
SVM-8270-1,71-43-2,benzene,17.0726,% (w/w),"N 1,2類，限值70%",N,Y 1目，限值1%,N,N,N,N,N 少量,優先化學品報備,
SVM-8270-1,103-33-3,azobenzene,0.0825,% (w/w),N,N,N,N,N,N,N,N 少量,,
SVM-8270-1,111-91-1,bis(2-chloroethoxy)methane,0.0825,% (w/w),N,N,N,N,N,N,N,N 少量,,
SVM-8270-1,91-58-7,2-chloronaphthalene,0.0825,% (w/w),N,N,N,N,N,N,N,N 少量,,
SVM-8270-1,59-50-7,4-chloro-3-methylphenol,0.0825,% (w/w),N,N,N,N,N,N,N,N 少量,,
SVM-8270-1,106-47-8,4-chloroaniline,0.0825,% (w/w),N,N,N,N,N,N,N,N 少量,,
SVM-8270-1,111-44-4,bis(2-chloroethyl) ether,0.0825,% (w/w),N,N,N,N,N,N,N,N 少量,,
SVM-8270-1,108-60-1,bis(2-chloroisopropyl) ether,0.0825,% (w/w),N 1類，限值1%,N,N,N,N,N,N,N 少量,,
SVM-8270-1,101-55-3,4-bromophenyl phenyl ether,0.0825,% (w/w),N,N,N,N,N,N,N,N 少量,,
SVM-8270-1,95-57-8,2-chlorophenol,0.0825,% (w/w),N,N,N,N,N,N,N,N 少量,,
SVM-8270-1,7005-72-3,4-chlorophenyl phenyl ether,0.0825,% (w/w),N,N,N,N,N,N,N,N 少量,,
SVM-8270-1,95-48-7,o-cresol,0.0825,% (w/w),N,N,N 2目少量,N,N,N,N,N 年用量無超過,,
SVM-8270-1,106-44-5,p-cresol,0.0825,% (w/w),N,N,N 2目少量,N,N,N,N,N 少量,,
SVM-8270-1,132-64-9,dibenzofuran,0.0825,% (w/w),N 1類，限值70%,N,N,N,N,N,N,N 少量,,
SVM-8270-1,95-50-1,"1,2-dichlorobenzene",0.0825,% (w/w),N 1類，限值1%,N,N 2目少量,N,N,N,N,N 少量,,
SVM-8270-1,541-73-1,"1,3-dichlorobenzene",0.0825,% (w/w),N 1類，限值1%,N,N,N,N,N,N,N 少量,,
SVM-8270-1,106-46-7,"1,4-dichlorobenzene",0.0825,% (w/w),N,N,N 2目少量,N,N,N,N,N 少量,,
SVM-8270-1,131-11-3,dimethyl phthalate,0.0825,% (w/w),N 1類，限值10%,N,N,N,N,N,N,N 少量,,
SVM-8270-1,121-14-2,"2,4-dinitrotoluene",0.0825,% (w/w),N,N,N 2目少量,N,N,N,N,N 少量,,
SVM-8270-1,606-20-2,"2,6-dinitrotoluene",0.0825,% (w/w),N,N,N,N,N,N,N,N 少量,,
SVM-8270-1,534-52-1,"2-methyl-4,6-dinitrophenol",0.0825,% (w/w),N 3類，限值1%,N,N,N,N,N,N,N 少量,,
SVM-8270-1,105-67-9,"2,4-Dimethylphenol",0.0825,% (w/w),N,N,N 2目少量,N,N,N,N,N 少量,,
SVM-8270-1,51-28-5,"2,4-dinitrophenol",0.0825,% (w/w),"N 1,3類，限值1%",N,N,N,N,N,N,N 少量,,
SVM-8270-1,120-83-2,"2,4-dichlorophenol",0.0825,% (w/w),N 4類，限值1%,N,N,N,N,N,N,N 少量,,
SVM-8270-1,117-84-0,di-n-octyl phthalate,0.0825,% (w/w),N 1類，限值10%,N,N,N,N,N,N,N 少量,,
SVM-8270-1,118-74-1,hexachlorobenzene,0.0825,% (w/w),N 1類，限值1%,N,N,N,N,N,N,N 少量,,
SVM-8270-1,87-68-3,hexachlorobutadiene,0.0825,% (w/w),N 1類，限值1%,N,N,N,N,N,N,N 少量,,
SVM-8270-1,77-47-4,hexachlorocyclopentadiene,0.0825,% (w/w),N,N,N,N,N,N,N,N 少量,,
SVM-8270-1,67-72-1,hexachloroethane,0.0825,% (w/w),N 1類，限值1%,N,N,N,N,N,N,N 少量,,
SVM-8270-1,91-57-6,2-methylnaphthalene,0.0825,% (w/w),N,N,N,N,N,N,N,N 少量,,
SVM-8270-1,621-64-7,N-nitrosodi-n-propylamine,0.0825,% (w/w),N,N,N,N,N,N,N,N 少量,,
SVM-8270-1,88-74-4,2-nitroaniline,0.0825,% (w/w),N,N,N 2目少量,N,N,N,N,N 少量,,
SVM-8270-1,62-75-9,N-nitrosodimethylamine,0.0825,% (w/w),N 2類，限值1%,N,N,N,N,N,N,N 少量,,
SVM-8270-1,1999/9/2,3-nitroaniline,0.0825,% (w/w),N,N,N,N,N,N,N,N 少量,,
SVM-8270-1,100-01-6,4-nitroaniline,0.0825,% (w/w),N,N,N,N,N,N,N,N 少量,,
SVM-8270-1,98-95-3,nitrobenzene,0.0825,% (w/w),N 1類，限值10%,N,N,N,N,N,N,N 少量,,
SVM-8270-1,88-75-5,2-nitrophenol,0.0825,% (w/w),N,N,N,N,N,N,N,N 少量,,
SVM-8270-1,100-02-7,4-nitrophenol,0.0825,% (w/w),N,N,N 2目少量,N,N,N,N,N 少量,,
SVM-8270-1,87-86-5,pentachlorophenol,0.01-0.1,% (w/w),"Y 1,3類，限值0.01%",N,N,N 限值1%(沒有超過1%),N,N,N,N 少量,毒化物,毒化物+包裝
SVM-8270-1,95-95-4,"2,4,5-trichlorophenol",0.0825,% (w/w),"N 1,2類，限值1%",N,N,N,N,N,N,N 少量,,
SVM-8270-1,120-82-1,"1,2,4-trichlorobenzene",0.0825,% (w/w),N 1類，限值1%,N,N,N,N,N,N,N 少量,,
SVM-8270-1,1988/6/2,"2,4,6-trichlorophenol",0.0825,% (w/w),"N 1,2類，限值1%",N,N,N,N,N,N,N 少量,,
SVM-8270-1,91-20-3,naphthalene,0.0825,% (w/w),N,N,N 2目少量,N,N,N,N,N 年用量無超過,,
SVM-8270-1,129-00-0,pyrene,0.0825,% (w/w),N,N,N,N,N,N,N,N 少量,,
SVM-8270-1,86-73-7,fluorene,0.0825,% (w/w),N,N,N,N,N,N,N,N 少量,,
SVM-8270-1,120-12-7,anthracene,0.0825,% (w/w),N 1類，限值10%,N,N,N,N,N,N,N 少量,,
SVM-8270-1,1985/1/8,phenanthrene,0.0825,% (w/w),N,N,N,N,N,N,N,N 少量,,
SVM-8270-1,206-44-0,fluoranthene,0.0825,% (w/w),N,N,N,N,N,N,N,N 少量,,
SVM-8270-1,83-32-9,acenaphthene,0.0825,% (w/w),N,N,N,N,N,N,N,N 少量,,
SVM-8270-1,208-96-8,acenaphthylene,0.0825,% (w/w),N,N,N,N,N,N,N,N 少量,,
SVM-8270-1,53-70-3,"dibenz[a,h]anthracene",0.0825,% (w/w),N,N,N,N,N,N,N,N 少量,,
SVM-8270-1,193-39-5,"indeno[1,2,3-cd]pyrene",0.0825,% (w/w),N,N,N,N,N,N,N,N 少量,,
SVM-8270-1,218-01-9,chrysene,0.0825,% (w/w),N,N,N,N,N,N,N,N 少量,,
SVM-8270-1,207-08-9,benzo[k]fluoranthene,0.0825,% (w/w),N,N,N,N,N,N,N,N 少量,,
SVM-8270-1,205-99-2,benzo[b]fluoranthene,0.0825,% (w/w),N,N,N,N,N,N,N,N 少量,,
SVM-8270-1,50-32-8,benzo[a]pyrene,0.0825,% (w/w),N,N,N,N,N,N,N,N 少量,,
SVM-8270-1,56-55-3,benz[a]anthracene,0.0825,% (w/w),N,N,N 1目，限值1%,N,N,N,N,N 少量,,
SVM-8270-1,191-24-2,benzo[ghi]perylene,0.0825,% (w/w),N,N,N,N,N,N,N,N 少量,,
SVM-8270-1,84-74-2,dibutyl phthalate,0.0825,% (w/w),"N 1,2類，限值10%",N,N,N,N,N,N,N 少量,,
SVM-8270-1,117-81-7,di-(2-ethylhexyl) phthalate,0.0825,% (w/w),"N 1,2類，限值10%",N,N,N,N,N,N,N 少量,,
SVM-8270-1,85-68-7,"phthalic acid, benzyl butyl ester",0.0825,% (w/w),"N 1,2類，限值10%",N,N,N,N,N,N,N 少量,,
SVM-8270-1,84-66-2,diethyl phthalate,0.0825,% (w/w),N 1類，限值10%,N,N,N,N,N,N,N 少量,,
SVM-8270-1,86-74-8,carbazole,0.0825,% (w/w),N,N,N,N,N,N,N,N 少量,,
SVM-8270-1,78-59-1,isophorone,0.0825,% (w/w),N,N,N,N,N,N,N,N 少量,,
SVM-8270-1,108-95-2,phenol,0.0825,% (w/w),N,N,N 2目少量,N,N,N,N,N 年用量無超過,,
US-108N-1,1975/9/2,METHYLENE DICHLORIDE,95-100,% (w/w),Y 4類，限值25%,N,N 2目少量,N,N,N,N,N 少量,毒化物,毒化物+包裝
US-108N-1,1719-03-5,chrysene-d12,0.3017,% (w/w),N,N,N,N,N,N,N,N 少量,,
US-108N-1,3855-82-1,"1,4-dichlorobenzene-d4",0.3017,% (w/w),N,N,N,N,N,N,N,N 少量,,
US-108N-1,1146-65-2,naphthalene-d8,0.3017,% (w/w),N,N,N,N,N,N,N,N 少量,,
US-108N-1,1520-96-3,perylene-d12,0.3017,% (w/w),N,N,N,N,N,N,N,N 少量,,
US-108N-1,1517-22-2,phenanthrene-d10,0.3017,% (w/w),N,N,N,N,N,N,N,N 少量,,
US-108N-1,15067-26-2,acenaphthene-d10,0.3017,% (w/w),N,N,N,N,N,N,N,N 少量,,
UST-200-1,1975/9/2,METHYLENE DICHLORIDE,95-100,% (w/w),Y 4類，限值25%,N,N 2目少量,N,N,N,N,N 少量,毒化物,毒化物+包裝
UST-200-1,112-95-8,eicosane,0.1508,% (w/w),N,N,N,N,N,N,N,N 少量,,
UST-200-1,629-97-0,docosane,0.1508,% (w/w),N,N,N,N,N,N,N,N 少量,,
UST-200-1,646-31-1,tetracosane,0.1508,% (w/w),N,N,N,N,N,N,N,N 少量,,
UST-200-1,630-02-4,octacosane,0.1508,% (w/w),N,N,N,N,N,N,N,N 少量,,
UST-200-1,630-01-3,hexacosane,0.1508,% (w/w),N,N,N,N,N,N,N,N 少量,,
UST-200-1,124-18-5,n-decane,0.1508,% (w/w),N,N,N,N,N,N,N,N 少量,,
UST-200-1,112-40-3,n-dodecane,0.1508,% (w/w),N,N,N,N,N,N,N,N 少量,,
UST-200-1,629-59-4,n-tetradecane,0.1508,% (w/w),N,N,N,N,N,N,N,N 少量,,
UST-200-1,544-76-3,hexadecane,0.1508,% (w/w),N,N,N,N,N,N,N,N 少量,,
UST-200-1,593-45-3,octadecane,0.1508,% (w/w),N,N,N,N,N,N,N,N 少量,,
STM-530-1,67-56-1,methanol,98.7356,% (w/w),N,N,N 2目少量,N,N,N,N,N 少量,,
STM-530-1,2037-26-5,toluene-d8,0.3161,% (w/w),N,N,N,N,N 乙類，限值100%,N,N,N 少量,,
STM-530-1,460-00-4,1-bromo-4-fluorobenzene,0.3161,% (w/w),N,N,N,N,N,N,Y,N 少量,空汙申請,
STM-530-1,1868-53-7,dibromofluoromethane,0.3161,% (w/w),N,N,N,N,N,Y,Y,N,新化學物質、空汙申請,
STM-530-1,17060-07-0,"1,2-dichloroethane-d4",0.3161,% (w/w),"N 同位素 4類 cas#107-06-2 (1,2-二氯乙烷)，限值15%",N,N 1目，限值1%,N,N,N,N,N 少量,,
SVM-128-1,1975/9/2,METHYLENE DICHLORIDE,95-100,%,Y 4類，限值25%,N,N 2目少量,N,N,N,N,N 少量,毒化物,毒化物+包裝
SVM-128-1,122-39-4,diphenylamine,0.1508,%,N 4類，限值1%,N,N,N,N,N,N,N 少量,,
SVM-128-1,86-30-6,N-nitrosodiphenylamine,0.1508,%,N,N,N,N,N,N,N,N 少量,,
SVM-128-1,82-68-8,pentachloronitrobenzene,0.1508,%,N 1類，限值1%,N,N,N,N,N,N,N 少量,,
SVM-128-1,62-44-2,phenacetin,0.1508,%,N,N,N,N,N,N,N,N 少量,,
SVM-128-1,23950-58-5,pronamide,0.1508,%,N,N,N,N,N,N,N,N 少量,,
SVM-128-1,122-66-7,"N,N'-Diphenylhydrazine",0.1508,%,N 3類，限值1%,N,N,N,N,N,N,N 少量,,
US-105N-1,67-56-1,methanol,99.4944,% (w/w),N,N,N 2目少量,N,N,N,N,N 少量,,
US-105N-1,91-94-1,"3,3'-dichlorobenzidine",0.2528,% (w/w),"N 1,2類，限值1%",N,N,N 限值1%(沒有超過1%),N,N,N,N 少量,,
US-105N-1,92-87-5,benzidine,0.2528,% (w/w),N 2類，限值1%,N,N,N 限值1%(沒有超過1%),N,N,N,N 少量,,
US-126-1,71-43-2,benzene,48.4547,% (w/w),"N 1,2類，限值70%",N,Y 1目，限值1%,N,N,N,N,N 少量,優先化學品報備,
US-126-1,1975/9/2,METHYLENE DICHLORIDE,45-50,% (w/w),Y 4類，限值25%,N,N 2目少量,N,N,N,N,N 少量,毒化物,毒化物+包裝
US-126-1,129-00-0,pyrene,0.1818,% (w/w),N,N,N,N,N,N,N,N 少量,,
US-126-1,86-73-7,fluorene,0.1818,% (w/w),N,N,N,N,N,N,N,N 少量,,
US-126-1,120-12-7,anthracene,0.1818,% (w/w),N 1類，限值10%,N,N,N,N,N,N,N 少量,,
US-126-1,1985/1/8,phenanthrene,0.1818,% (w/w),N,N,N,N,N,N,N,N 少量,,
US-126-1,206-44-0,fluoranthene,0.1818,% (w/w),N,N,N,N,N,N,N,N 少量,,
US-126-1,83-32-9,acenaphthene,0.1818,% (w/w),N,N,N,N,N,N,N,N 少量,,
US-126-1,208-96-8,acenaphthylene,0.1818,% (w/w),N,N,N,N,N,N,N,N 少量,,
US-126-1,53-70-3,"dibenz[a,h]anthracene",0.1818,% (w/w),N,N,N,N,N,N,N,N 少量,,
US-126-1,193-39-5,"indeno[1,2,3-cd]pyrene",0.1818,% (w/w),N,N,N,N,N,N,N,N 少量,,
US-126-1,218-01-9,chrysene,0.1818,% (w/w),N,N,N,N,N,N,N,N 少量,,
US-126-1,207-08-9,benzo[k]fluoranthene,0.1818,% (w/w),N,N,N,N,N,N,N,N 少量,,
US-126-1,205-99-2,benzo[b]fluoranthene,0.1818,% (w/w),N,N,N,N,N,N,N,N 少量,,
US-126-1,50-32-8,benzo[a]pyrene,0.1818,% (w/w),N,N,N,N,N,N,N,N 少量,,
US-126-1,56-55-3,benz[a]anthracene,0.1818,% (w/w),N,N,N 1目，限值1%,N,N,N,N,N 少量,,
US-126-1,191-24-2,benzo[ghi]perylene,0.1818,% (w/w),N,N,N,N,N,N,N,N 少量,,
US-126-1,86-74-8,carbazole,0.1818,% (w/w),N,N,N,N,N,N,N,N 少量,,
US-126-1,91-20-3,naphthalene,0.1818,% (w/w),N,N,N 2目少量,N,N,N,N,N 年用量無超過,,
US-127-1,1031-07-8,endosulfan sulfate,0.2623,% (w/w),"N 1,3類，限值1%",N,N,N,N,N,N,N 少量,,
US-127-1,309-00-2,aldrin,0.2623,% (w/w),"N 1,3類，限值1%",N,N,N,N,N,N,N 少量,,
US-127-1,319-84-6,"(1alpha,2alpha,3ß,4alpha,5ß,6ß)-1,2,3,4,5,6-hexachlorocyclohexane",0.2623,% (w/w),"N 三種成分加起來無超過管制
1,3類，限值1%",N,N,N,N,N,N,N 少量,,
US-127-1,319-85-7,beta-BHC (beta-HCH),0.2623,% (w/w),"N 三種成分加起來無超過管制
1,3類，限值1%",N,N,N,N,N,N,N 少量,,
US-127-1,319-86-8,delta-BHC (delta-HCH),0.2623,% (w/w),"N 三種成分加起來無超過管制
1,3類，限值1%",N,N,N,N,N,N,N 少量,,
US-127-1,33213-65-9,endosulfan II,0.2623,% (w/w),"N 1,3類，限值1%",N,N,N,N,N,N,N 少量,,
US-127-1,50-29-3,"4,4'-DDT",0.2623,% (w/w),"N 1,3類，限值1%",N,N,N,N,N,N,N 少量,,
US-127-1,5103-71-9,cis-chlordane,0.2623,% (w/w),"N 兩種成分加起來無超過
含相似成分(可氯丹)1,3，限值1%",N,N,N,N,N,N,N 少量,,
US-127-1,5103-74-2,trans-chlordane,0.2623,% (w/w),"N 兩種成分加起來無超過
含相似成分(可氯丹)1,3，限值1%",N,N,N,N,N,N,N 少量,,
US-127-1,58-89-9,gamma-BHC (lindane),0.2623,% (w/w),"N 1,3類，限值1%",N,N,N,N,N,N,N 少量,,
US-127-1,108-88-3,toluene,53.8078,% (w/w),N,N,N 2目少量,N,N 乙類，限值100%,N,N,N 年用量無超過,,
US-127-1,110-54-3,n-hexane,40.9462,% (w/w),N,N,N 2目少量,N,N,N,N,N 年用量無超過,,
US-127-1,60-57-1,dieldrin,0.2623,% (w/w),"N 1,3類，限值1%",N,N,N,N,N,N,N 少量,,
US-127-1,72-54-8,"4,4'-DDD",0.2623,% (w/w),N,N,N,N,N,N,N,N 少量,,
US-127-1,72-55-9,"4,4'-DDE",0.2623,% (w/w),N,N,N,N,N,N,N,N 少量,,
US-127-1,72-20-8,endrin,0.2623,% (w/w),"N 1,3類，限值1%",N,N,N,N,N,N,N 少量,,
US-127-1,7421-93-4,endrin aldehyde,0.2623,% (w/w),N,N,N,N,N,N,N,N 少量,,
US-127-1,53494-70-5,endrin ketone,0.2623,% (w/w),N,N,N,N,N,N,N,N 少量,,
US-127-1,1024-57-3,heptachlor epoxide - isomer B,0.2623,% (w/w),N,N,N,N,N,N,N,N 少量,,
US-127-1,76-44-8,heptachlor,0.2623,% (w/w),"N 1,3類，限值1%",N,N,N,N,N,N,N 少量,,
US-127-1,72-43-5,methoxychlor,0.2623,% (w/w),N,N,N,N,N,N,N,N 少量,,
US-127-1,959-98-8,endosulfan I,0.2623,% (w/w),"N 1,3類，限值1%",N,N,N,N,N,N,N 少量,,
EPA-1143-1,67-56-1,methanol,99.3679,% (w/w),N,N,N 2目少量,N,N,N,N,N 少量,,
EPA-1143-1,62-75-9,N-nitrosodimethylamine,0.6321,% (w/w),N 2類，限值1%,N,N,N,N,N,N,N 少量,,
NS-100-1,67-56-1,methanol,99.9874,% (w/w),N,N,N 2目少量,N,N,N,N,N 少量,,
NS-100-1,62-75-9,N-nitrosodimethylamine,0.0126,% (w/w),N 2類，限值1%,N,N,N,N,N,N,N 少量,,
PST-1210,30560-19-1,acephate,100,% (w/w),N,N,N,N,N,N,N,N 少量,,
PST-1295-10MG,1563-66-2,carbofuran,100,% (w/w),N,N,N 2目少量,N,N,N,N,N 少量,,
PST-1340-10MG,1897-45-6,chlorothalonil,100,% (w/w),N,N,N 2目少量,N,N,N,N,N 少量,,
PST-1635-10MG,41198-08-7,profenophos,100,% (w/w),N,N,N,N,N,N,N,N 少量,,
PST-1870-10MG,71751-41-2,abamectin,100,% (w/w),N,N,N 2目少量,N,N,N,N,N 少量,,
PST-1890-10MG,67375-30-8,alpha-cypermethrin,100,% (w/w),N,N,N,N,N,N,N,N 少量,,
PST-1905-10MG,131860-33-8,azoxystrobin,100,% (w/w),N,N,N,N,N,N,N,N 少量,,
PST-1950-10MG,120068-37-3,fipronil,100,% (w/w),N,N,N,N,N,N,N,N 少量,,
PST-1990-10MG,91465-08-6,lambda-cyhalothrin,100,% (w/w),N,N,N 2目少量,N,N,N,N,N 少量,,
PST-2190-10MG,119446-68-3,difenoconazole,100,% (w/w),N,N,N,N,N,N,N,N 少量,,
PST-2385-10MG,79983-71-4,hexaconazole,100,% (w/w),N,N,N,N,N,N,N,N 少量,,
PST-3150-10MG,8018/1/7,mancozeb,100,% (w/w),N,N,N,N,N,Y,N,N,新化學物質,
PST-3725-10MG,123312-89-0,pymetrozin,100,% (w/w),N,N,N,N,N,N,N,N 少量,,
PST-3730-10MG,187166-40-1,spinetoram,100,% (w/w),N,N,N,N,N,N,N,N 少量,,
PST-3910-10MG,80060-09-9,diafenthiuron,100,% (w/w),N,N,N,N,N,N,N,N 少量,,
PST-3950-10MG,12071-83-9,propineb,100,% (w/w),N,N,N,N,N,N,N,N 少量,,
PST-480,2921-88-2,chlorpyrifos,100,% (w/w),N,N,N 2目少量,N,N,N,N,N 少量,,
PST-650,12427-38-2,maneb,100,% (w/w),N,N,N,N,N,N,N,N 少量,,
PST-090-10MG,133-06-2,captan,100,% (w/w),"Y 1,3類，限值1%",N,N,N,N,N,N,N 少量,毒化物,毒化物+包裝
PST-100-25MG,63-25-2,carbaryl (sevin),100,% (w/w),N,N,N 2目少量,N,N,N,N,N 少量,,
PST-2120-10MG,122453-73-0,chlorfenapyr,100,% (w/w),N,N,N,N,N,N,N,N 少量,,
QCM-300,67-64-1,acetone,99.3422,% (w/w),N,N,N 2目少量,N,N 乙類，限值100%,N,N,N 少量,,
QCM-300,101-55-3,4-bromophenyl phenyl ether,0.0253,% (w/w),N,N,N,N,N,N,N,N 少量,,
QCM-300,132-64-9,dibenzofuran,0.0253,% (w/w),N 1類，限值70%,N,N,N,N,N,N,N 少量,,
QCM-300,95-50-1,"1,2-dichlorobenzene",0.0253,% (w/w),N 1類，限值1%,N,N 2目少量,N,N,N,N,N 少量,,
QCM-300,106-46-7,"1,4-dichlorobenzene",0.0253,% (w/w),N,N,N 2目少量,N,N,N,N,N 少量,,
QCM-300,131-11-3,dimethyl phthalate,0.0253,% (w/w),N 1類，限值10%,N,N,N,N,N,N,N 少量,,
QCM-300,121-14-2,"2,4-dinitrotoluene",0.0253,% (w/w),N,N,N 2目少量,N,N,N,N,N 少量,,
QCM-300,117-84-0,di-n-octyl phthalate,0.0253,% (w/w),N 1類，限值10%,N,N,N,N,N,N,N 少量,,
QCM-300,118-74-1,hexachlorobenzene,0.0253,% (w/w),N 1類，限值1%,N,N,N,N,N,N,N 少量,,
QCM-300,98-95-3,nitrobenzene,0.0253,% (w/w),N 1類，限值10%,N,N,N,N,N,N,N 少量,,
QCM-300,120-82-1,"1,2,4-trichlorobenzene",0.0253,% (w/w),N 1類，限值1%,N,N,N,N,N,N,N 少量,,
QCM-300,91-20-3,naphthalene,0.0253,% (w/w),N,N,N 2目少量,N,N,N,N,N 年用量無超過,,
QCM-300,129-00-0,pyrene,0.0253,% (w/w),N,N,N,N,N,N,N,N 少量,,
QCM-300,120-12-7,anthracene,0.0253,% (w/w),N 1類，限值10%,N,N,N,N,N,N,N 少量,,
QCM-300,1985/1/8,phenanthrene,0.0253,% (w/w),N,N,N,N,N,N,N,N 少量,,
QCM-300,206-44-0,fluoranthene,0.0253,% (w/w),N,N,N,N,N,N,N,N 少量,,
QCM-300,83-32-9,acenaphthene,0.0253,% (w/w),N,N,N,N,N,N,N,N 少量,,
QCM-300,53-70-3,"dibenz[a,h]anthracene",0.0253,% (w/w),N,N,N,N,N,N,N,N 少量,,
QCM-300,218-01-9,chrysene,0.0253,% (w/w),N,N,N,N,N,N,N,N 少量,,
QCM-300,205-99-2,benzo[b]fluoranthene,0.0253,% (w/w),N,N,N,N,N,N,N,N 少量,,
QCM-300,50-32-8,benzo[a]pyrene,0.0253,% (w/w),N,N,N,N,N,N,N,N 少量,,
QCM-300,56-55-3,benz[a]anthracene,0.0253,% (w/w),N,N,N 1目，限值1%,N,N,N,N,N 少量,,
QCM-300,191-24-2,benzo[ghi]perylene,0.0253,% (w/w),N,N,N,N,N,N,N,N 少量,,
QCM-300,117-81-7,di-(2-ethylhexyl) phthalate,0.0253,% (w/w),"N 1,2類，限值10%",N,N,N,N,N,N,N 少量,,
QCM-300,85-68-7,"phthalic acid, benzyl butyl ester",0.0253,% (w/w),"N 1,2類，限值10%",N,N,N,N,N,N,N 少量,,
QCM-300,84-66-2,diethyl phthalate,0.0253,% (w/w),N 1類，限值10%,N,N,N,N,N,N,N 少量,,
QCM-300,78-59-1,isophorone,0.0253,% (w/w),N,N,N,N,N,N,N,N 少量,,
EPA-1161-1,67-56-1,methanol,99.8736,% (w/w),N,N,N 2目少量,N,N,N,N,N 少量,,
EPA-1161-1,8001-35-2,Toxaphene,0.1264,% (w/w),N 1類，限值1%,N,N,N,N,N,N,N 少量,,
RCC-006,542-88-1,bis(chloromethyl) ether,100,% (w/w),"Y 2,3類，限值1%",N,N,Y 限值1%,N,N,N,N 少量,毒化物、管制化學品,毒化物+包裝
EPA-1209-1,67-56-1,methanol,99.8736,% (w/w),N,N,N 2目少量,N,N,N,N,N 少量,,
EPA-1209-1,107-30-2,chloromethyl methyl ether,0.1264,% (w/w),"N 1,2,3類，限值1%",N,N,N 限值1%(沒有超過1%),N,N,N,N 少量,,
RHH-049,75-26-3,Isopropyl bromide,100,% (w/w),N,N,Y 1目，限值1%,N,N,N,N,N 少量,優先化學品報備,
AM-180-1,67-56-1,methanol,99.9874,% (w/w),N,N,N 2目少量,N,N,N,N,N 少量,,
AM-180-1,107-13-1,acrylonitrile,0.0126,% (w/w),"N 1,2類，限值50%",N,N 1目，限值1%,N,N,N,N,N 少量,,
IBF-1245,7732-18-5,water,99.5,% (w/w),N,N,N,N,N,N,N,N 少量,,
IBF-1245,1305-62-0,calcium dihydroxide,0.5,% (w/w),N,N,N 2目少量,N,N,N,N,N 少量,,
PST-761,56-38-2,parathion (ethyl),100,% (w/w),N,N,N,N,N,N,N,N 少量,,
IBF-040-L,7732-18-5,water,98.9487,% (w/w),N,N,N,N,N,N,N,N 少量,,
IBF-040-L,877-24-7,potassium hydrogen phthalate,1.0108,% (w/w),N,N,N,N,N,N,N,N 少量,,
IBF-040-L,89-83-8,thymol,0.04,% (w/w),N,N,N 2目少量,N,N,N,N,N 少量,,
IBF-040-L,915-67-3,amaranth,0.0005,% (w/w),N 4類，限值1%,N,N,N,N,N,N,N 少量,,
IBF-100-L,7732-18-5,water,99.4845,% (w/w),N,N,N,N,N,N,N,N 少量,,
IBF-100-L,497-19-8,sodium carbonate,0.265,% (w/w),N,N,N,N,N,N,N,N 少量,,
IBF-100-L,144-55-8,Sodium Bicarbonate,0.21,% (w/w),N,N,N,N,N,N,N,N 少量,,
IBF-100-L,89-83-8,thymol,0.04,% (w/w),N,N,N 2目少量,N,N,N,N,N 少量,,
IBF-100-L,3844-45-9,erioglaucine sodium salt,0.0005,% (w/w),N,N,N,N,N,N,N,N 少量,,
ASTM-130-1,1975/9/2,METHYLENE DICHLORIDE,95-100,% (w/w),Y 4類，限值25%,N,N 2目少量,N,N,N,N,N 少量,毒化物,毒化物+包裝
ASTM-130-1,620-14-4,3-ethyltoluene,0.1508,% (w/w),N,N,N,N,N,N,N,N 少量,,
ASTM-130-1,593-45-3,octadecane,0.1508,% (w/w),N,N,N,N,N,N,N,N 少量,,
ASTM-130-1,112-95-8,eicosane,0.1508,% (w/w),N,N,N,N,N,N,N,N 少量,,
ASTM-130-1,106-42-3,"1,4- Dimethylbenzene",0.1508,% (w/w),N,N,N 2目少量,N,N,N,N,N 少量,,
ASTM-130-1,124-18-5,n-decane,0.1508,% (w/w),N,N,N,N,N,N,N,N 少量,,
ASTM-130-1,112-40-3,n-dodecane,0.1508,% (w/w),N,N,N,N,N,N,N,N 少量,,
ASTM-130-1,629-59-4,n-tetradecane,0.1508,% (w/w),N,N,N,N,N,N,N,N 少量,,
ASTM-130-1,544-76-3,hexadecane,0.1508,% (w/w),N,N,N,N,N,N,N,N 少量,,
ASTM-130-1,111-65-9,n-octane,0.1508,% (w/w),N,N,N,N,N,N,N,N 年用量無超過,,
ASTM-130-1,108-88-3,toluene,0.1508,% (w/w),N,N,N 2目少量,N,N 乙類，限值100%,N,N,N 年用量無超過,,
ASTM-130-1,110-54-3,n-hexane,0.1508,% (w/w),N,N,N 2目少量,N,N,N,N,N 年用量無超過,,
ASTM-130-1,95-63-6,"1,2,4-trimethylbenzene",0.1508,% (w/w),N,N,N,N,N,N,N,N 年用量無超過,,
ASTM-130-1,611-14-3,2-ethyltoluene,0.1508,% (w/w),N,N,N,N,N,N,N,N 少量,,
PPM-530-1,67-56-1,methanol,99.874,% (w/w),N,N,N 2目少量,N,N,N,N,N 少量,,
PPM-530-1,114-26-1,propoxur,0.0126,% (w/w),N,N,N,N,N,N,N,N 少量,,
PPM-530-1,1646-88-4,aldicarb sulfone,0.0126,% (w/w),N,N,N,N,N,N,N,N 少量,,
PPM-530-1,1563-66-2,carbofuran,0.0126,% (w/w),N,N,N 2目少量,N,N,N,N,N 少量,,
PPM-530-1,23135-22-0,oxamyl,0.0126,% (w/w),N,N,N 2目少量,N,N,N,N,N 少量,,
PPM-530-1,16752-77-5,methomyl,0.0126,% (w/w),N,N,N 2目少量,N,N,N,N,N 少量,,
PPM-530-1,116-06-3,aldicarb,0.0126,% (w/w),N,N,N,N,N,N,N,N 少量,,
PPM-530-1,1646-87-3,aldicarb sulfoxide,0.0126,% (w/w),N,N,N,N,N,N,N,N 少量,,
PPM-530-1,16655-82-6,3-hydroxycarbofuran,0.0126,% (w/w),N,N,N,N,N,N,N,N 少量,,
PPM-530-1,2032-65-7,methiocarb,0.0126,% (w/w),N,N,N 2目少量,N,N,N,N,N 少量,,
PPM-530-1,63-25-2,carbaryl (sevin),0.0126,% (w/w),N,N,N 2目少量,N,N,N,N,N 少量,,
SFL-601-1,110-54-3,n-hexane,98.7097,% (w/w),N,N,N 2目少量,N,N,N,N,N 年用量無超過,,
SFL-601-1,112-95-8,eicosane,0.0759,% (w/w),N,N,N,N,N,N,N,N 少量,,
SFL-601-1,629-97-0,docosane,0.0759,% (w/w),N,N,N,N,N,N,N,N 少量,,
SFL-601-1,646-31-1,tetracosane,0.0759,% (w/w),N,N,N,N,N,N,N,N 少量,,
SFL-601-1,630-02-4,octacosane,0.0759,% (w/w),N,N,N,N,N,N,N,N 少量,,
SFL-601-1,544-85-4,dotriacontane,0.0759,% (w/w),N,N,N,N,N,N,N,N 少量,,
SFL-601-1,14167-59-0,tetratriacontane,0.0759,% (w/w),N,N,N,N,N,N,N,N 少量,,
SFL-601-1,630-06-8,hexatriacontane,0.0759,% (w/w),N,N,N,N,N,N,N,N 少量,,
SFL-601-1,630-01-3,hexacosane,0.0759,% (w/w),N,N,N,N,N,N,N,N 少量,,
SFL-601-1,638-68-6,triacontane,0.0759,% (w/w),N,N,N,N,N,N,N,N 少量,,
SFL-601-1,7194-85-6,octatriacontane,0.0759,% (w/w),N,N,N,N,N,N,N,N 少量,,
SFL-601-1,4181-95-7,tetracontane,0.0759,% (w/w),N,N,N,N,N,N,N,N 少量,,
SFL-601-1,124-18-5,n-decane,0.0759,% (w/w),N,N,N,N,N,N,N,N 少量,,
SFL-601-1,112-40-3,n-dodecane,0.0759,% (w/w),N,N,N,N,N,N,N,N 少量,,
SFL-601-1,629-59-4,n-tetradecane,0.0759,% (w/w),N,N,N,N,N,N,N,N 少量,,
SFL-601-1,544-76-3,hexadecane,0.0759,% (w/w),N,N,N,N,N,N,N,N 少量,,
SFL-601-1,111-65-9,n-octane,0.0759,% (w/w),N,N,N,N,N,N,N,N 年用量無超過,,
SFL-601-1,593-45-3,octadecane,0.0759,% (w/w),N,N,N,N,N,N,N,N 少量,,
GX24-IPC,7732-18-5,"water, distilled, conductivity or of similar purity",89,% (w/w),N,N,N,N,N,N,N,N 少量,,
GX24-IPC,1975/5/8,Acetonitrile,10,% (w/w),Y 4類，限值1%,N,N,N,N,N,N,N 少量,毒化物,毒化物+包裝
GX24-IPC,540-69-2,ammonium formate,1,% (w/w),N,N,N,N,N,N,N,N 少量,,
GX24-IPC,2050902-45-7,InstantPC Dye,100,% (w/w),N,N,N,N,N,Y,N,N,新化學物質,
GX24-IPC,1968/12/2,"N,N-Dimethyl formamide",90,% (w/w),Y 2類，限值30%,N,Y 1目，限值1%,N,N,N,N,N 少量,毒化物、優先化學品報備,毒化物+包裝
GX24-IPC,17252-51-6,"1,3-Di(4-pyridyl)propane",10,% (w/w),N,N,N,N,N,N,N,N 少量,,
GX24-IPC,7732-18-5,"water, distilled, conductivity or of similar purity",99.3,% (w/w),N,N,N,N,N,N,N,N 少量,,
GX24-IPC,77-86-1,trometamol,0.31,% (w/w),N,N,N,N,N,N,N,N 少量,,
GX24-IPC,7647-14-5,sodium chloride,0.29,% (w/w),N,N,N,N,N,N,N,N 少量,,
GX24-IPC,83534-39-8,Glycopeptidase,0.1,% (w/w),N,N,N,N,N,N,N,N 少量,,
GX24-IPC,7732-18-5,"water, distilled, conductivity or of similar purity",90.814,% (w/w),N,N,N,N,N,N,N,N 少量,,
GX24-IPC,7365-45-9,4-(2-hydroxyethyl)piperazine-1-ethanesulfonic acid,8.936,% (w/w),N,N,N,N,N,N,N,N 少量,,
GX24-IPC,75-59-2,tetramethylammonium hydroxide,0.2,% (w/w),N,N,N 2目少量,N,N,N,N,N 年用量無超過,,
GX24-IPC,26628-22-8,sodium azide,0.05,% (w/w),N,N 限值95%,N,N,N,N,N,N 少量,,
GX24-IPC,7732-18-5,"water, distilled, conductivity or of similar purity",98.08,% (w/w),N,N,N,N,N,N,N,N 少量,,
GX24-IPC,2044-56-6,Detergent,<5.0000,% (w/w),N,N,N,N,N,N,N,N 少量,,
GX24-IPC,10581-12-1,tetramethylammonium acetate,0.67,% (w/w),N,N,N,N,N,N,N,N 少量,,
ICP-074,7732-18-5,water,99.7533,% (w/w),N,N,N,N,N,N,N,N 少量,,
ICP-074,11140-77-5,ammonium tungstate,0.1387,% (w/w),N,N,N,N,N,N,N,N 少量,,
ICP-074,1336-21-6,Ammonium hydroxide,0.108,% (w/w),N,N,N 2目少量,N,N,N,N,N 年用量無超過,,
IQC-026,7732-18-5,water,93.4652,% (w/w),N,N,N,N,N,N,N,N 少量,,
IQC-026,7697-37-2,NITRIC ACID,4.95,% (w/w),N,N,N 2目少量,N,N,N,N,N 少量,,
IQC-026,7757-79-1,potassium nitrate,0.2586,% (w/w),N,N,N 2目少量,N,N,N,N,N 年用量無超過,,
IQC-026,543-81-7,beryllium acetate,0.141,% (w/w),N,N,N,N,N,Y,N,N,新化學物質,
IQC-026,7784-27-2,aluminum nitrate nonahydrate,0.1391,% (w/w),N,N,N,N,N,N,N,N 少量,,
IQC-026,13446-18-9,magnesium nitrate hexahydrate,0.1055,% (w/w),N,N,N,N,N,N,N,N 少量,,
IQC-026,7789/2/8,chromium (III) nitrate nonahydrate,0.1029,% (w/w),N,N,N,N,N,N,N,N 少量,,
IQC-026,7664-39-3,hydrofluoric acid,0.1,% (w/w),N,N 限值0.1-10%,N 2目少量,N,N,N,N,N 少量,,關注+包裝
IQC-026,87-69-4,TARTARIC ACID L(+),0.1,% (w/w),N,N,N,N,N,N,N,N 少量,,
IQC-026,7782-61-8,iron (III) nitrate nonahydrate,0.0724,% (w/w),N,N,N 2目少量,N,N,N,N,N 少量,,
IQC-026,10043-35-3,ORTHOBORIC ACID,0.0572,% (w/w),N,N,N 1目，限值1%,N,N,N,N,N 少量,,
IQC-026,13478-00-7,nickel (II) nitrate hexahydrate,0.0496,% (w/w),N,N,N 1目，限值1%,N,N,N,N,N 少量,,
IQC-026,10026-22-9,cobalt nitrate hexahydrate,0.0494,% (w/w),N,N,N 1目，限值1%,N,N,N,N,N 少量,,
IQC-026,10196-18-6,zinc nitrate hexahydrate,0.0455,% (w/w),N,N,N,N,N,N,N,N 少量,,
IQC-026,16962-40-6,ammonium hexafluorotitanate,0.0414,% (w/w),N,N,N,N,N,N,N,N 少量,,
IQC-026,7631-99-4,sodium nitrate,0.037,% (w/w),N,N,N 2目少量,N,N,N,N,N 少量,,
IQC-026,10377-66-9,manganese (II) nitrate,0.0326,% (w/w),N,N,N,N,N,N,N,N 少量,,
IQC-026,16919-19-0,ammonium hexafluorosilicate,0.0317,% (w/w),N,N,N,N,N,N,N,N 少量,,
IQC-026,3251-23-8,copper (II) nitrate,0.0295,% (w/w),N,N,N 2目少量,N,N,N,N,N 少量,,
IQC-026,10022-68-1,cadmium nitrate tetrahydrate,0.0274,% (w/w),N,N,N,N,N,N,N,N 少量,,
IQC-026,471-34-1,calcium carbonate,0.025,% (w/w),N,N,N,N,N,N,N,N 少量,,
IQC-026,7803-55-6,ammonium metavanadate,0.023,% (w/w),N,N,N 2目少量,N,N,N,N,N 少量,,
IQC-026,10022-31-8,barium nitrate,0.019,% (w/w),N,N,N,N,N,N,N,N 少量,,
IQC-026,10099-74-8,lead (II) nitrate,0.016,% (w/w),N,N,N 附錄一限值>1%,N,N,N,N,N 少量,,
IQC-026,7761-88-8,silver nitrate,0.0157,% (w/w),N,N,N 2目少量,N,N,N,N,N 少量,,
IQC-026,1313-27-5,molybdenum (VI) oxide,0.015,% (w/w),N,N,N,N,N,N,N,N 少量,,
IQC-026,7446/8/4,selenium (IV) oxide,0.0141,% (w/w),N,N,N,N,N,N,N,N 少量,,
IQC-026,1327-53-3,arsenic (III) oxide,0.0132,% (w/w),"N 1,2,3類，限值1%",N,N 1目，限值1%,N,N,N,N,N 少量,,
IQC-026,10102-45-1,thallium (I) nitrate,0.013,% (w/w),N,N,N,N,N,N,N,N 少量,,
IQC-026,7440-36-0,"antimony, soluble compounds as Sb",0.01,% (w/w),N,N,N,N,N,N,N,N 少量,,
ICP-065,7732-18-5,water,95.9224,% (w/w),N,N,N,N,N,N,N,N 少量,,
ICP-065,7697-37-2,NITRIC ACID,3.96,% (w/w),N,N,N 2目少量,N,N,N,N,N 少量,,
ICP-065,12037-01-3,terbium oxide,0.1176,% (w/w),N,N,N,N,N,N,N,N 少量,,
ICP-005,7732-18-5,water,97.4279,% (w/w),N,N,N,N,N,N,N,N 少量,,
ICP-005,1336-21-6,Ammonium hydroxide,2,% (w/w),N,N,N 2目少量,N,N,N,N,N 年用量無超過,,
ICP-005,10043-35-3,ORTHOBORIC ACID,0.5721,% (w/w),N,N,N 1目，限值1%,N,N,N,N,N 少量,,
5190-0519,7727-37-9,Nitrogen,64.2,% (w/w),N,N,N,N,N,N,N,N 少量,,
5190-0519,1333-74-0,Hydrogen,12,% (w/w),N,N,N 2目少量,N,N,N,N,N 少量,,
5190-0519,74-82-8,Methane,5,% (w/w),N,N,N 2目少量,N,N,N,N,N 少量,,
5190-0519,74-84-0,Ethane,4,% (w/w),N,N,N 2目少量,N,N,N,N,N 少量,,
5190-0519,124-38-9,Carbon Dioxide,3,% (w/w),N,N,N,N,N,N,N,N 少量,,
5190-0519,74-85-1,Ethylene,2,% (w/w),N,N,N 2目少量,N,N,N,N,N 少量,,
5190-0519,74-98-6,Propane,2,% (w/w),N,N,N 2目少量,N,N,N,N,N 少量,,
5190-0519,115-07-1,Propylene,1,% (w/w),N,N,N 2目少量,N,N,N,N,N 少量,,
5190-0519,463-49-0,Propadiene,1,% (w/w),N,N,N,N,N,N,N,N 少量,,
5190-0519,630-08-0,Carbon monoxide,1,% (w/w),N,N,Y 1目，限值1%,N,N,N,N,N 少量,優先化學品報備,
5190-0519,74-86-2,Acetylene,1,% (w/w),N,N,N 2目少量,N,N,N,N,N 少量,,
5190-0519,74-99-7,Methyl acetylene,1,% (w/w),N,N,N 2目少量,N,N,N,N,N 少量,,
5190-0519,106-97-8,Butane,0.3,% (w/w),N,N,N 2目少量,N,N,N,N,N 少量,,
5190-0519,106-98-9,1-Butene,0.3,% (w/w),N,N,N,N,N,N,N,N 少量,,
5190-0519,106-99-0,"1,3-Butadiene",0.3,% (w/w),N 2類，限值50%,N,N 1目，限值1%,N,N,N,N,N 少量,,
5190-0519,115-11-7,Isobutylene,0.3,% (w/w),N,N,N 2目少量,N,N,N,N,N 少量,,
5190-0519,590-18-1,cis-2-Butene,0.3,% (w/w),N,N,N 2目少量,N,N,N,N,N 少量,,
5190-0519,624-64-6,trans-2- Butene,0.3,% (w/w),N,N,N 2目少量,N,N,N,N,N 少量,,
5190-0519,75-28-5,Isobutane,0.3,% (w/w),N,N,N 2目少量,N,N,N,N,N 少量,,
5190-0519,109-66-0,Pentane,0.1,% (w/w),N,N,N 2目少量,N,N,N,N,N 少量,,
5190-0519,109-67-1,1-Pentene,0.1,% (w/w),N,N,N 2目少量,N,N,N,N,N 少量,,
5190-0519,627-20-3,cis-2-Pentene,0.1,% (w/w),N,N,N,N,N,N,N,N 少量,,
5190-0519,646-04-8,Trans-2-Pentene,0.1,% (w/w),N,N,N,N,N,N,N,N 少量,,
5190-0519,7782-44-7,Oxygen,0.1,% (w/w),N,N,N 2目少量,N,N,N,N,N 少量,,
5190-0519,78-78-4,Isopentane,0.1,% (w/w),N,N,N 2目少量,N,N,N,N,N 少量,,
5190-0519,110-54-3,Hexane,0.05,% (w/w),N,N,N 2目少量,N,N,N,N,N 年用量無超過,,
5190-0519,513-35-9,2-Methyl-2-butene,0.05,% (w/w),N,N,N,N,N,N,N,N 少量,,
PB32,7783-20-2,ammonium sulphate,60,% (w/w),N,N,N,N,N,N,N,N 少量,,
PB32,7732-18-5,"water, distilled, conductivity or of similar purity",29.9035,% (w/w),N,N,N,N,N,N,N,N 少量,,
PB32,7758/11/4,dipotassium hydrogenorthophosphate,6.8045,% (w/w),N,N,N,N,N,N,N,N 少量,,
PB32,7778-77-0,potassium dihydrogenorthophosphate,2.62,% (w/w),N,N,N,N,N,N,N,N 少量,,
PB32,7647-14-5,sodium chloride,0.44,% (w/w),N,N,N,N,N,N,N,N 少量,,
PB32,11016-17-4,R-Phycoerythrin,0.2,% (w/w),N,N,N,N,N,N,N,N 少量,,
PB32,26628-22-8,sodium azide,0.032,% (w/w),N,N 限值95%,N,N,N,N,N,N 少量,,
IMS-102,7732-18-5,water,94.871,% (w/w),N,N,N,N,N,N,N,N 少量,,
IMS-102,7697-37-2,NITRIC ACID,5,% (w/w),N,N,N 2目少量,N,N,N,N,N 少量,,
IMS-102,7664-39-3,hydrofluoric acid,0.1,% (w/w),N,N 限值0.1-10%,N 2目少量,N,N,N,N,N 少量,,關注+包裝
IMS-102,7784-27-2,aluminum nitrate nonahydrate,0.001,% (w/w),N,N,N,N,N,N,N,N 少量,,
IMS-102,7803-55-6,ammonium metavanadate,0.001,% (w/w),N,N,N 2目少量,N,N,N,N,N 少量,,
IMS-102,7789/2/8,chromium (III) nitrate nonahydrate,0.001,% (w/w),N,N,N,N,N,N,N,N 少量,,
IMS-102,10377-66-9,manganese (II) nitrate,0.001,% (w/w),N,N,N,N,N,N,N,N 少量,,
IMS-102,7782-61-8,iron (III) nitrate nonahydrate,0.001,% (w/w),N,N,N 2目少量,N,N,N,N,N 少量,,
IMS-102,10026-22-9,cobalt nitrate hexahydrate,0.001,% (w/w),N,N,N 1目，限值1%,N,N,N,N,N 少量,,
IMS-102,13478-00-7,nickel (II) nitrate hexahydrate,0.001,% (w/w),N,N,N 1目，限值1%,N,N,N,N,N 少量,,
IMS-102,3251-23-8,copper (II) nitrate,0.001,% (w/w),N,N,N 2目少量,N,N,N,N,N 少量,,
IMS-102,10196-18-6,zinc nitrate hexahydrate,0.001,% (w/w),N,N,N,N,N,N,N,N 少量,,
IMS-102,7440-55-3,gallium,0.001,% (w/w),N,N,N 2目少量,N,N,N,N,N 少量,,
IMS-102,1327-53-3,arsenic (III) oxide,0.001,% (w/w),"N 1,2,3類，限值1%",N,N 1目，限值1%,N,N,N,N,N 少量,,
IMS-102,7446/8/4,selenium (IV) oxide,0.001,% (w/w),N,N,N,N,N,N,N,N 少量,,
IMS-102,13126-12-0,rubidium nitrate,0.001,% (w/w),N,N,N,N,N,N,N,N 少量,,
IMS-102,10042-76-9,strontium nitrate,0.001,% (w/w),N,N,N 2目少量,N,N,N,N,N 少量,,
IMS-102,7761-88-8,silver nitrate,0.001,% (w/w),N,N,N 2目少量,N,N,N,N,N 少量,,
IMS-102,10022-68-1,cadmium nitrate tetrahydrate,0.001,% (w/w),N,N,N,N,N,N,N,N 少量,,
IMS-102,1312-43-2,indium (III) oxide,0.001,% (w/w),N,N,N,N,N,N,N,N 少量,,
IMS-102,7789-18-6,cesium nitrate,0.001,% (w/w),N,N,N,N,N,N,N,N 少量,,
IMS-102,10022-31-8,barium nitrate,0.001,% (w/w),N,N,N,N,N,N,N,N 少量,,
IMS-102,10102-45-1,thallium (I) nitrate,0.001,% (w/w),N,N,N,N,N,N,N,N 少量,,
IMS-102,10099-74-8,lead (II) nitrate,0.001,% (w/w),N,N,N 附錄一限值>1%,N,N,N,N,N 少量,,
IMS-102,13520-83-7,uranyl nitrate hydrate,0.001,% (w/w),N,N,N,N,N,N,N,N 少量,,
IMS-102,554-13-2,lithium carbonate,0.001,% (w/w),N,N,N,N,N,N,N,N 少量,,
IMS-102,543-81-7,beryllium acetate,0.001,% (w/w),N,N,N,N,N,Y,N,N,新化學物質,
IMS-102,471-34-1,calcium carbonate,0.001,% (w/w),N,N,N,N,N,N,N,N 少量,,
IMS-102,7440-69-9,PURE BISMUTH,0.001,% (w/w),N,N,N,N,N,N,N,N 少量,,
IMS-102,7757-79-1,potassium nitrate,0.001,% (w/w),N,N,N 2目少量,N,N,N,N,N 年用量無超過,,
IMS-102,7631-99-4,sodium nitrate,0.001,% (w/w),N,N,N 2目少量,N,N,N,N,N 少量,,
IMS-102,13446-18-9,magnesium nitrate hexahydrate,0.001,% (w/w),N,N,N,N,N,N,N,N 少量,,
PPS-180-1,67-56-1,methanol,99.9874,% (w/w),N,N,N 2目少量,N,N,N,N,N 少量,,
PPS-180-1,672-99-1,"4-bromo-3,5-dimethylphenyl-N-methylcarbamate (BDMC)",0.0126,% (w/w),N,N,N,N,N,Y,N,N,新化學物質,
DWM-544-1,67-56-1,methanol,98.4832,% (w/w),N,N,N 2目少量,N,N,N,N,N 少量,,
DWM-544-1,74-87-3,chloromethane,0.2528,% (w/w),N 4類，限值25%,N,N,N,N,N,N,N 少量,,
DWM-544-1,74-83-9,bromomethane,0.2528,% (w/w),N,N,N 2目少量,N,N,N,Y,N 少量,空汙申請,
DWM-544-1,1975/1/4,vinyl chloride,0.2528,% (w/w),N 2類，限值50%,N,N 1目，限值1%,N,N,N,N,N 少量,,
DWM-544-1,75-71-8,dichlorodifluoromethane,0.2528,% (w/w),N,N,N,N,N,N,Y,N 少量,空汙申請,
DWM-544-1,75-69-4,trichlorofluoromethane,0.2528,% (w/w),N,N,N,N,N,N,Y,N 少量,空汙申請,
DWM-544-1,75-00-3,chloroethane,0.2528,% (w/w),N 1類，限值1%,N,N,N,N,N,N,N 少量,,
PST-1510M100A01,67-56-1,methanol,99.9874,% (w/w),N,N,N 2目少量,N,N,N,N,N 少量,,
PST-1510M100A01,10265-92-6,methamidophos,0.0126,% (w/w),N,N,N 2目少量,N,N,N,N,N 少量,,
HB-100-1,67-56-1,methanol,99.9874,% (w/w),N,N,N 2目少量,N,N,N,N,N 少量,,
HB-100-1,94-75-7,"2,4-D",0.0126,% (w/w),N,N,N,N,N,N,N,N 少量,,
5190-9423,7732-18-5,Deionized water,96.29,%,N,N,N,N,N,N,N,N 少量,,
5190-9423,7697-37-2,Nitric acid,3.35,%,N,N,N 2目少量,N,N,N,N,N 少量,,
5190-9423,13106-76-8,Ammonium molybdate,0.01,%,N,N,N,N,N,N,N,N 少量,,
5190-9423,16919-19-0,Ammonium hexafluorosilicate,0.01,%,N,N,N,N,N,N,N,N 少量,,
5190-9423,16962-40-6,Ammonium hexafluorotitanate,0.01,%,N,N,N,N,N,N,N,N 少量,,
5190-9423,7440-22-4,Silver (Ag),0.01,%,N,N,N,N,N,N,N,N 少量,,
5190-9423,7440-31-5,Tin,0.01,%,N,N,N,N,N,N,N,N 少量,,
5190-9423,7440-36-0,Antimony,0.01,%,N,N,N,N,N,N,N,N 少量,,
5190-9423,7440-56-4,Germanium,0.01,%,N,N,N,N,N,N,N,N 少量,,
5190-9423,7664-39-3,Hydrofluoric Acid (HF),0.24,%,N,N 限值0.1-10%,N 2目少量,N,N,N,N,N 少量,,關注+包裝
5190-9423,7721/1/9,Pentachlorotantalum,0.01,%,N,N,N,N,N,N,N,N 少量,,
5190-9423,10026-12-7,Niobium chloride,0.01,%,N,N,N,N,N,N,N,N 少量,,
5190-9423,13759-17-6,Hafnyl chloride,0.01,%,N,N,N,N,N,N,N,N 少量,,
5190-9423,14985-18-3,Zirconyl nitrate hydrate,0.01,%,N,N,N,N,N,N,N,N 少量,,
5190-9423,7440-33-7,Tungsten,0.01,%,N,N,N,N,N,N,N,N 少量,,
PHM-565-1,1634-04-4,tert-butylmethyl ether (MTBE),95-100,% (w/w),Y 4類，限值20%,N,N,N,N,N,N,N 少量,毒化物,毒化物+包裝
PHM-565-1,1976/3/9,trichloroacetic acid,0.1351,% (w/w),N,N,N,N,N,N,N,N 少量,,
PHM-565-1,631-64-1,dibromoacetic acid,0.1351,% (w/w),N,N,N,N,N,N,N,N 少量,,
PHM-565-1,1979/11/8,chloroacetic acid,0.1351,% (w/w),N 4類，限值1%,N,N,N,N,N,N,N 少量,,
PHM-565-1,79-43-6,dichloroacetic acid,0.1351,% (w/w),N,N,N,N,N,N,N,N 少量,,
PHM-565-1,1979/8/3,bromoacetic acid,0.1351,% (w/w),N,N,N,N,N,N,N,N 少量,,
PJ31K,7732-18-5,"water, distilled, conductivity or of similar purity",99.04,% (w/w),N,N,N,N,N,N,N,N 少量,,
PJ31K,4432-31-9,2-morpholinoethanesulphonic acid,0.9,% (w/w),N,N,N,N,N,N,N,N 少量,,
PJ31K,6381-92-6,Ethylenediaminetetraacetic Acid Disodium Salt Dihydrate,0.06,% (w/w),N,N,N,N,N,N,N,N 少量,,
PJ31K,87-86-5,pentachlorophenol,0.0001,% (w/w),"N 1,3類，限值0.01%",N,N,N 限值1%(沒有超過1%),N,N,N,N 少量,,
PJ31K,7732-18-5,"water, distilled, conductivity or of similar purity",98.98,% (w/w),N,N,N,N,N,N,N,N 少量,,
PJ31K,7647-14-5,sodium chloride,0.87,% (w/w),N,N,N,N,N,N,N,N 少量,,
PJ31K,77-86-1,trometamol,0.15,% (w/w),N,N,N,N,N,N,N,N 少量,,
PJ31K,87-86-5,pentachlorophenol,0.0001,% (w/w),"N 1,3類，限值0.01%",N,N,N 限值1%(沒有超過1%),N,N,N,N 少量,,
PJ31K,7732-18-5,"water, distilled, conductivity or of similar purity",84.6,% (w/w),N,N,N,N,N,N,N,N 少量,,
PJ31K,3483/12/3,"(R*,R*)-1,4-dimercaptobutane-2,3-diol",15.4,% (w/w),N,N,N,N,N,N,N,N 少量,,
PJ31K,67-68-5,dimethyl sulfoxide,99,% (w/w),N,N,N,N,N,N,N,N 少量,,
PJ31K,128-53-0,N-ethylmaleimide,1,% (w/w),N,N,N,N,N,N,N,N 少量,,
PJ31K,7732-18-5,water,95,% (w/w),N,N,N,N,N,N,N,N 少量,,
PJ31K,87915-38-6,"4-[[4-[(4-Amino-9,10-dihydro-9,10-dioxo-3-sulfo-1-anthracenyl)amino]-2-sulfophenyl]amino]-6-[(3(or 4)-sulfophenyI)amino]1,3 dextran [Blue Dextran]",5,% (w/w),N,N,N,N,N,N,N,N 少量,,
PJ31K,87-86-5,pentachlorophenol,0.0001,% (w/w),"N 1,3類，限值0.01%",N,N,N 限值1%(沒有超過1%),N,N,N,N 少量,,
PJ31K,9004-54-0,Cross-linked Dextran Beads,50,% (w/w),N,N,N,N,N,N,N,N 少量,,
PJ31K,7732-18-5,water,49.0399,% (w/w),N,N,N,N,N,N,N,N 少量,,
PJ31K,4432-31-9,2-morpholinoethanesulphonic acid,0.9,% (w/w),N,N,N,N,N,N,N,N 少量,,
PJ31K,6381-92-6,Ethylenediaminetetraacetic Acid Disodium Salt Dihydrate,0.06,% (w/w),N,N,N,N,N,N,N,N 少量,,
PJ31K,87-86-5,pentachlorophenol,0.0001,% (w/w),"N 1,3類，限值0.01%",N,N,N 限值1%(沒有超過1%),N,N,N,N 少量,,
PJ31K,9004-54-0,Cross-linked Dextran Beads,50,% (w/w),N,N,N,N,N,N,N,N 少量,,
PJ31K,7732-18-5,water,48.98,% (w/w),N,N,N,N,N,N,N,N 少量,,
PJ31K,7647-14-5,sodium chloride,0.87,% (w/w),N,N,N,N,N,N,N,N 少量,,
PJ31K,77-86-1,trometamol,0.15,% (w/w),N,N,N,N,N,N,N,N 少量,,
PJ31K,87-86-5,pentachlorophenol,0.0001,% (w/w),"N 1,3類，限值0.01%",N,N,N 限值1%(沒有超過1%),N,N,N,N 少量,,
PJ31K,7732-18-5,water,97.8739,% (w/w),N,N,N,N,N,N,N,N 少量,,
PJ31K,145224-94-8,2-Morpholinoethanesulphonic acid,1.066,% (w/w),N,N,N,N,N,N,N,N 少量,,
PJ31K,11016-17-4,R-Phycoerythrin,1,% (w/w),N,N,N,N,N,N,N,N 少量,,
PJ31K,60-00-4,edetic acid,0.06,% (w/w),N,N,N,N,N,N,N,N 少量,,
PJ31K,87-86-5,pentachlorophenol,0.0001,% (w/w),"N 1,3類，限值0.01%",N,N,N 限值1%(沒有超過1%),N,N,N,N 少量,,
RGK-611,1975/9/2,Dichloromethane,95-100,% (w/w),Y 4類，限值25%,N,N 2目少量,N,N,N,N,N 少量,毒化物,毒化物+包裝
RGK-611,68334-30-5,2 DIESEL FUEL,0.3771,% (w/w),N,N,N,N,N,N,N,N 少量,,
ICP-039,7732-18-5,water,94.923,% (w/w),N,N,N,N,N,N,N,N 少量,,
ICP-039,7697-37-2,NITRIC ACID,4.95,% (w/w),N,N,N 2目少量,N,N,N,N,N 少量,,
ICP-039,1314-36-9,yttrium oxide,0.127,% (w/w),N,N,N,N,N,N,N,N 少量,,
SVM-8271-1,1975/9/2,METHYLENE DICHLORIDE,95-100,% (w/w),Y 4類，限值25%,N,N 2目少量,N,N,N,N,N 少量,毒化物,毒化物+包裝
SVM-8271-1,87-65-0,"2,6-dichlorophenol",0.0755,% (w/w),N,N,N,N,N,N,N,N 少量,,
SVM-8271-1,94-59-7,safrole,0.0755,% (w/w),N,N,N,N,N 甲類，限值100%,N,N,N 少量,,
SVM-8271-1,62-50-0,ethyl methanesulfonate,0.0755,% (w/w),N,N,N 1目，限值1%,N,N,N,N,N 少量,,
SVM-8271-1,120-58-1,isosafrole,0.0755,% (w/w),N,N,N,N,N 甲類，限值100%,N,N,N 少量,,
SVM-8271-1,66-27-3,methyl methanesulfonate,0.0755,% (w/w),N,N,N,N,N,N,N,N 少量,,
SVM-8271-1,92-67-1,4-aminobiphenyl,0.0755,% (w/w),N 2類，限值1%,N,N,N 限值1%(沒有超過1%),N,N,N,N 少量,,
SVM-8271-1,53-96-3,2-acetylaminofluorene,0.0755,% (w/w),N,N,N,N,N,N,N,N 少量,,
SVM-8271-1,108-39-4,m-cresol,0.0755,% (w/w),N 4類，限值1%,N,N,N,N,N,N,N 少量,,
SVM-8271-1,1960/11/7,p-(dimethylamino)azobenzene,0.0755,% (w/w),N 4類，限值1%,N,N 2目少量,N,N,N,N,N 少量,,
SVM-8271-1,99-65-0,m-dinitrobenzene,0.0755,% (w/w),N,N,N,N,N,N,N,N 少量,,
SVM-8271-1,122-39-4,diphenylamine,0.0755,% (w/w),N 4類，限值1%,N,N,N,N,N,N,N 少量,,
SVM-8271-1,56-49-5,3-methylcholanthrene,0.0755,% (w/w),N,N,N,N,N,N,N,N 少量,,
SVM-8271-1,134-32-7,1-naphthylamine,0.0755,% (w/w),N 1類，限值1%,N,N,N 限值1%(沒有超過1%),N,N,N,N 少量,,
SVM-8271-1,91-59-8,2-naphthylamine,0.0755,% (w/w),"N 1,2類，限值1%",N,N,N 限值1%(沒有超過1%),N,N,N,N 少量,,
SVM-8271-1,100-75-4,N-nitrosopiperidine (1-nitrosopiperidine),0.0755,% (w/w),N,N,N,N,N,N,N,N 少量,,
SVM-8271-1,99-55-8,5-nitro-o-toluidine,0.0755,% (w/w),N,N,N 2目少量,N,N,N,N,N 少量,,
SVM-8271-1,59-89-2,N-nitrosomorpholine (4-nitrosomorpholine),0.0755,% (w/w),N,N,N,N,N,N,N,N 少量,,
SVM-8271-1,10595-95-6,N-Nitrosomethylethylamine,0.0755,% (w/w),N,N,N,N,N,N,N,N 少量,,
SVM-8271-1,930-55-2,N-nitrosopyrrolidine (1-nitrosopyrrolidine),0.0755,% (w/w),N,N,N,N,N,N,N,N 少量,,
SVM-8271-1,924-16-3,N-nitrosodi-n-butylamine,0.0755,% (w/w),N,N,N,N,N,N,N,N 少量,,
SVM-8271-1,55-18-5,N-nitrosodiethylamine,0.0755,% (w/w),N 2類，限值1%,N,N,N,N,N,N,N 少量,,
SVM-8271-1,608-93-5,pentachlorobenzene,0.0755,% (w/w),"N 1,3類，限值1%",N,N,N,N,N,N,N 少量,,
SVM-8271-1,1976/1/7,pentachloroethane,0.0755,% (w/w),N,N,N,N,N,N,N,N 少量,,
SVM-8271-1,82-68-8,pentachloronitrobenzene,0.0755,% (w/w),N 1類，限值1%,N,N,N,N,N,N,N 少量,,
SVM-8271-1,58-90-2,"2,3,4,6-tetrachlorophenol",0.0755,% (w/w),N,N,N,N,N,N,N,N 少量,,
SVM-8271-1,62-44-2,phenacetin,0.0755,% (w/w),N,N,N,N,N,N,N,N 少量,,
SVM-8271-1,99-35-4,"1,3,5-trinitrobenzene",0.0755,% (w/w),N,N,N,N,N,N,N,N 少量,,
SVM-8271-1,95-94-3,"1,2,4,5-tetrachlorobenzene",0.0755,% (w/w),N,N,N,N,N,N,N,N 少量,,
SVM-8271-1,95-53-4,o-toluidine,0.0755,% (w/w),N 1類，限值1%,N,N,N,N,N,N,N 少量,,
SVM-8271-1,98-86-2,acetophenone,0.0755,% (w/w),N,N,N,N,N,N,N,N 少量,,
SVM-8271-1,57-97-6,"7,12-dimethylbenz[a]anthracene",0.0755,% (w/w),N,N,N,N,N,N,N,N 少量,,
SVM-8271-1,88-85-7,dinoseb,0.0755,% (w/w),"N 1,3類，限值1%",N,N,N,N,N,N,N 少量,,
SVM-8271-1,1888-71-7,hexachloropropene,0.0755,% (w/w),N,N,N,N,N,Y,N,N,新化學物質,
SVM-8271-1,100-51-6,Phenylmethanol,0.0755,% (w/w),N,N,N,N,N,N,N,N 少量,,
SVM-8271-1,62-53-3,aniline,0.0755,% (w/w),N 3類，限值1%,N,N 1目，限值1%,N,N,N,N,N 少量,,
TCLP-512-1,1975/9/2,METHYLENE DICHLORIDE,95-100,% (w/w),Y 4類，限值25%,N,N 2目少量,N,N,N,N,N 少量,毒化物,毒化物+包裝
TCLP-512-1,108-39-4,m-cresol,0.1508,% (w/w),N 4類，限值1%,N,N,N,N,N,N,N 少量,,
TCLP-512-1,106-44-5,p-cresol,0.1508,% (w/w),N,N,N 2目少量,N,N,N,N,N 少量,,
TCLP-512-1,106-46-7,"1,4-dichlorobenzene",0.1508,% (w/w),N,N,N 2目少量,N,N,N,N,N 少量,,
TCLP-512-1,121-14-2,"2,4-dinitrotoluene",0.1508,% (w/w),N,N,N 2目少量,N,N,N,N,N 少量,,
TCLP-512-1,118-74-1,hexachlorobenzene,0.1508,% (w/w),N 1類，限值1%,N,N,N,N,N,N,N 少量,,
TCLP-512-1,87-68-3,hexachlorobutadiene,0.1508,% (w/w),N 1類，限值1%,N,N,N,N,N,N,N 少量,,
TCLP-512-1,67-72-1,hexachloroethane,0.1508,% (w/w),N 1類，限值1%,N,N,N,N,N,N,N 少量,,
TCLP-512-1,98-95-3,nitrobenzene,0.1508,% (w/w),N 1類，限值10%,N,N,N,N,N,N,N 少量,,
TCLP-512-1,110-86-1,pyridine,0.1508,% (w/w),N 1類，限值1%,N,N,N,N,N,N,N 少量,,
TCLP-512-1,87-86-5,pentachlorophenol,0.01-0.2,% (w/w),"Y 1,3類，限值0.01%",N,N,N 限值1%(沒有超過1%),N,N,N,N 少量,毒化物,毒化物+包裝
TCLP-512-1,95-95-4,"2,4,5-trichlorophenol",0.1508,% (w/w),"N 1,2類，限值1%",N,N,N,N,N,N,N 少量,,
TCLP-512-1,1988/6/2,"2,4,6-trichlorophenol",0.1508,% (w/w),"N 1,2類，限值1%",N,N,N,N,N,N,N 少量,,
TCLP-512-1,95-48-7,o-cresol,0.1508,% (w/w),N,N,N 2目少量,N,N,N,N,N 年用量無超過,,
SMA-300-1,1975/9/2,METHYLENE DICHLORIDE,95-100,% (w/w),Y 4類，限值25%,N,N 2目少量,N,N,N,N,N 少量,毒化物,毒化物+包裝
SMA-300-1,91-20-3,naphthalene,0.0754,% (w/w),N,N,N 2目少量,N,N,N,N,N 年用量無超過,,
SMA-300-1,129-00-0,pyrene,0.0754,% (w/w),N,N,N,N,N,N,N,N 少量,,
SMA-300-1,86-73-7,fluorene,0.0754,% (w/w),N,N,N,N,N,N,N,N 少量,,
SMA-300-1,120-12-7,anthracene,0.0754,% (w/w),N 1類，限值10%,N,N,N,N,N,N,N 少量,,
SMA-300-1,1985/1/8,phenanthrene,0.0754,% (w/w),N,N,N,N,N,N,N,N 少量,,
SMA-300-1,206-44-0,fluoranthene,0.0754,% (w/w),N,N,N,N,N,N,N,N 少量,,
SMA-300-1,83-32-9,acenaphthene,0.0754,% (w/w),N,N,N,N,N,N,N,N 少量,,
SMA-300-1,208-96-8,acenaphthylene,0.0754,% (w/w),N,N,N,N,N,N,N,N 少量,,
SMA-300-1,53-70-3,"dibenz[a,h]anthracene",0.0754,% (w/w),N,N,N,N,N,N,N,N 少量,,
SMA-300-1,193-39-5,"indeno[1,2,3-cd]pyrene",0.0754,% (w/w),N,N,N,N,N,N,N,N 少量,,
SMA-300-1,218-01-9,chrysene,0.0754,% (w/w),N,N,N,N,N,N,N,N 少量,,
SMA-300-1,207-08-9,benzo[k]fluoranthene,0.0754,% (w/w),N,N,N,N,N,N,N,N 少量,,
SMA-300-1,205-99-2,benzo[b]fluoranthene,0.0754,% (w/w),N,N,N,N,N,N,N,N 少量,,
SMA-300-1,50-32-8,benzo[a]pyrene,0.0754,% (w/w),N,N,N,N,N,N,N,N 少量,,
SMA-300-1,56-55-3,benz[a]anthracene,0.0754,% (w/w),N,N,N 1目，限值1%,N,N,N,N,N 少量,,
SMA-300-1,191-24-2,benzo[ghi]perylene,0.0754,% (w/w),N,N,N,N,N,N,N,N 少量,,
SMA-300-1,91-57-6,2-methylnaphthalene,0.0754,% (w/w),N,N,N,N,N,N,N,N 少量,,
ISM-287-1,1975/9/2,METHYLENE DICHLORIDE,95-100,% (w/w),Y 4類，限值25%,N,N 2目少量,N,N,N,N,N 少量,毒化物,毒化物+包裝
ISM-287-1,4165-60-0,nitrobenzene-d5,0.3771,% (w/w),N 同位素 1類 cas#98-95-3 (硝苯)，限值10%,N,N,N,N,N,N,N 少量,,
ISM-287-1,1718-51-0,p-terphenyl-d14,0.3771,% (w/w),N,N,N,N,N,N,N,N 少量,,
ISM-287-1,321-60-8,2-fluorobiphenyl,0.3771,% (w/w),N,N,N,N,N,N,N,N 少量,,
ISM-287-1,2199-69-1,"1,2-dichlorobenzene-d4",0.3771,% (w/w),N,N,N,N,N,N,N,N 少量,,
PST-2005A1000,1975/5/8,acetonitrile,95-100,% (w/w),Y 4類，限值1%,N,N,N,N,N,N,N 少量,毒化物,毒化物+包裝
PST-2005A1000,919-86-8,Demeton-S-methyl,0.1272,% (w/w),N,N,N,N,N,N,N,N 少量,,
EPA-1249-1,67-56-1,methanol,99.3679,% (w/w),N,N,N 2目少量,N,N,N,N,N 少量,,
EPA-1249-1,8001-35-2,Toxaphene,0.6321,% (w/w),N 1類，限值1%,N,N,N,N,N,N,N 少量,,
5190-8244,7732-18-5,Deionized water,98.231,% (w/w),N,N,N,N,N,N,N,N 少量,,
5190-8244,87-69-4,l-Tartaric acid,1,% (w/w),N,N,N,N,N,N,N,N 少量,,
5190-8244,7697-37-2,Nitric acid,0.67,% (w/w),N,N,N 2目少量,N,N,N,N,N 少量,,
5190-8244,7440-36-0,Antimony,0.099,% (w/w),N,N,N,N,N,N,N,N 少量,,
5190-8246,7732-18-5,Deionized water,96.551,% (w/w),N,N,N,N,N,N,N,N 少量,,
5190-8246,7697-37-2,Nitric acid,3.35,% (w/w),N,N,N 2目少量,N,N,N,N,N 少量,,
5190-8246,7440-38-2,Arsenic (As),0.099,% (w/w),N,N,N 附錄一限值>1%,N,N,N,N,N 少量,,
5190-8348,7732-18-5,Deionized water,96.551,% (w/w),N,N,N,N,N,N,N,N 少量,,
5190-8348,7697-37-2,Nitric acid,3.35,% (w/w),N,N,N 2目少量,N,N,N,N,N 少量,,
5190-8348,7440-50-8,Copper (Cu),0.099,% (w/w),N,N,N,N,N,N,N,N 少量,,
5190-8475,7732-18-5,Deionized water,96.551,% (w/w),N,N,N,N,N,N,N,N 少量,,
5190-8475,7697-37-2,Nitric acid,3.35,% (w/w),N,N,N 2目少量,N,N,N,N,N 少量,,
5190-8475,7439-92-1,Lead,0.099,% (w/w),N,N,N 附錄一限值>1%,N,N,N,N,N 少量,,
5190-8485,7732-18-5,Deionized water,96.553,% (w/w),N,N,N,N,N,N,N,N 少量,,
5190-8485,7697-37-2,Nitric acid,3.35,% (w/w),N,N,N 2目少量,N,N,N,N,N 少量,,
5190-8485,7439-97-6,"Mercury, contained in manufactured articles (MSDS based on elemental mercury)",0.097,% (w/w),N 1類，限值95%,N,N 1目，限值1%,N,N,N,N,N 少量,,
5190-8487,7732-18-5,Deionized water,98.9,% (w/w),N,N,N,N,N,N,N,N 少量,,
5190-8487,1336-21-6,Ammonium hydroxide,1,% (w/w),N,N,N 2目少量,N,N,N,N,N 年用量無超過,,
5190-8487,13106-76-8,Ammonium molybdate,0.1,% (w/w),N,N,N,N,N,N,N,N 少量,,
5190-8543,7732-18-5,Deionized water,92.5032,% (w/w),N,N,N,N,N,N,N,N 少量,,
5190-8543,7647-01-0,Hydrochloric Acid (HCl),7.4,% (w/w),N,N,N 2目少量,N,N 乙類，限值100%,N,N,N 少量,,
5190-8543,7440-31-5,Tin,0.0968,% (w/w),N,N,N,N,N,N,N,N 少量,,
5190-9414,7732-18-5,Deionized water,96.553,% (w/w),N,N,N,N,N,N,N,N 少量,,
5190-9414,7697-37-2,Nitric acid,3.35,% (w/w),N,N,N 2目少量,N,N,N,N,N 少量,,
5190-9414,7440-43-9,Cadmium (Cd),0.097,% (w/w),"N 2,3類，限值95%",N,N 2目少量,N,N,N,N,N 少量,,
5190-8519,7732-18-5,Deionized water,96.5515,% (w/w),N,N,N,N,N,N,N,N 少量,,
5190-8519,7697-37-2,Nitric acid,3.35,% (w/w),N,N,N 2目少量,N,N,N,N,N 少量,,
5190-8519,7782-49-2,Selenium,0.0985,% (w/w),N,N,N,N,N,N,N,N 少量,,
ALD-100-1,7732-18-5,water,99.8,% (w/w),N,N,N,N,N,N,N,N 少量,,
ALD-100-1,75-07-0,acetaldehyde,0.1,% (w/w),N 4類，限值1%,N,N,N,N,N,N,N 少量,,
ALD-100-1,50-00-0,Formaldehyde,0.1,% (w/w),"N 2,3類，限值15%",N,N 1目，限值1%,N,N,N,N,N 少量,,
PPM-549-1,7732-18-5,water,99.8,% (w/w),N,N,N,N,N,N,N,N 少量,,
PPM-549-1,1910-42-5,paraquat dichloride,0.1,% (w/w),N,N,N 2目少量,N,N,N,N,N 少量,,
PPM-549-1,85-00-7,diquat dibromide,0.1,% (w/w),N,N,N,N,N,N,N,N 少量,,
HB-101-1,67-56-1,methanol,99.9874,% (w/w),N,N,N 2目少量,N,N,N,N,N 少量,,
HB-101-1,1928-38-7,"methyl 2,4-dichlorophenoxyacetate",0.0126,% (w/w),N,N,N,N,N,N,N,N 少量,,
HC-440-1,67-56-1,methanol,99.9874,% (w/w),N,N,N 2目少量,N,N,N,N,N 少量,,
HC-440-1,96-18-4,"1,2,3-trichloropropane",0.0126,% (w/w),N 2類，限值1%,N,N,N,N,N,N,N 少量,,
DWM-590-1,67-56-1,methanol,96.9664,% (w/w),N,N,N 2目少量,N,N,N,N,N 少量,,
DWM-590-1,75-27-4,bromodichloromethane,0.2528,% (w/w),N 4類，限值1%,N,N,N,N,N,N,N 少量,,
DWM-590-1,75-25-2,bromoform,0.2528,% (w/w),N 1類，限值1%,N,N,N,N,N,N,N 少量,,
DWM-590-1,67-66-3,chloroform,0.2528,% (w/w),N 1類，限值50%,N,N 2目少量,N,N,N,N,N 少量,,
DWM-590-1,124-48-1,dibromochloromethane,0.2528,% (w/w),N,N,N,N,N,N,N,N 少量,,
DWM-590-1,106-46-7,"1,4-dichlorobenzene",0.2528,% (w/w),N,N,N 2目少量,N,N,N,N,N 少量,,
DWM-590-1,75-35-4,"1,1-dichloroethene",0.2528,% (w/w),N 4類，限值25%,N,N,N,N,N,N,N 少量,,
DWM-590-1,71-43-2,benzene,0.2528,% (w/w),"N 1,2類，限值70%",N,N 1目，限值1%,N,N,N,N,N 少量,,
DWM-590-1,56-23-5,carbon tetrachloride,0.2528,% (w/w),N 1類，限值50%,N,N 2目少量,N,N,N,Y,N 少量,空汙申請,
DWM-590-1,107-06-2,ethylene dichloride,0.2528,% (w/w),N 4類，限值15%,N,N 1目，限值1%,N,N,N,N,N 少量,,
DWM-590-1,71-55-6,methyl chloroform,0.2528,% (w/w),N,N,N 2目少量,N,N,N,Y,N 少量,空汙申請,
DWM-590-1,1979/1/6,trichloroethylene,0.2528,% (w/w),"N 1,2類，限值10%",N,N 附錄一限值>1%,N,N,N,N,N 少量,,
DWM-590-1,1975/1/4,vinyl chloride,0.2528,% (w/w),N 2類，限值50%,N,N 1目，限值1%,N,N,N,N,N 少量,,
5190-9426,7732-18-5,Deionized water,99.594,%,N,N,N,N,N,N,N,N 少量,,
5190-9426,7647-01-0,Hydrochloric Acid (HCl),0.4,%,N,N,N 2目少量,N,N 乙類，限值100%,N,N,N 少量,,
5190-9426,60-18-4,L-Tyrosine,50000,PPM,N,N,N,N,N,N,N,N 少量,,
5190-9426,56-86-0,L-Glutamic Acid,40000,PPM,N,N,N,N,N,N,N,N 少量,,
5190-9426,56-87-1,L-Lysine,40000,PPM,N,N,N,N,N,N,N,N 少量,,
5190-9426,63-68-3,L-Methionine,40000,PPM,N,N,N,N,N,N,N,N 少量,,
5190-9426,63-91-2,L-Pheynlalanine,40000,PPM,N,N,N,N,N,N,N,N 少量,,
5190-9426,71-00-1,L-Histidine,40000,PPM,N,N,N,N,N,N,N,N 少量,,
5190-9426,74-79-3,L-Arginine,40000,PPM,N,N,N,N,N,N,N,N 少量,,
5190-9426,147-85-3,L-Proline,30000,PPM,N,N,N,N,N,N,N,N 少量,,
5190-9426,52-90-4,L-Cysteine,30000,PPM,N,N,N,N,N,N,N,N 少量,,
5190-9426,56-45-1,L-Serine,30000,PPM,N,N,N,N,N,N,N,N 少量,,
5190-9426,56-84-8,L-Aspartic Acid,30000,PPM,N,N,N,N,N,N,N,N 少量,,
5190-9426,61-90-5,L-Leucine,30000,PPM,N,N,N,N,N,N,N,N 少量,,
5190-9426,72-18-4,L-Valine,30000,PPM,N,N,N,N,N,N,N,N 少量,,
5190-9426,72-19-5,L-Threonine,30000,PPM,N,N,N,N,N,N,N,N 少量,,
5190-9426,73-32-5,L-Isoleucine,30000,PPM,N,N,N,N,N,N,N,N 少量,,
5190-9426,56-40-6,Glycine,20000,PPM,N,N,N,N,N,N,N,N 少量,,
5190-9426,56-41-7,L-Alanine,20000,PPM,N,N,N,N,N,N,N,N 少量,,
5190-9426,7732-18-5,Deionized water,99.577,%,N,N,N,N,N,N,N,N 少量,,
5190-9426,7647-01-0,Hydrochloric Acid (HCl),0.4,%,N,N,N 2目少量,N,N 乙類，限值100%,N,N,N 少量,,
5190-9426,60-18-4,L-Tyrosine,0.0018,%,N,N,N,N,N,N,N,N 少量,,
5190-9426,63-91-2,L-Pheynlalanine,0.0017,%,N,N,N,N,N,N,N,N 少量,,
5190-9426,74-79-3,L-Arginine,0.0017,%,N,N,N,N,N,N,N,N 少量,,
5190-9426,71-00-1,L-Histidine,0.0016,%,N,N,N,N,N,N,N,N 少量,,
5190-9426,56-45-1,L-Serine,0.0015,%,N,N,N,N,N,N,N,N 少量,,
5190-9426,56-86-0,L-Glutamic Acid,0.0015,%,N,N,N,N,N,N,N,N 少量,,
5190-9426,56-87-1,L-Lysine,0.0015,%,N,N,N,N,N,N,N,N 少量,,
5190-9426,63-68-3,L-Methionine,0.0015,%,N,N,N,N,N,N,N,N 少量,,
5190-9426,56-84-8,L-Aspartic Acid,0.0013,%,N,N,N,N,N,N,N,N 少量,,
5190-9426,61-90-5,L-Leucine,0.0013,%,N,N,N,N,N,N,N,N 少量,,
5190-9426,73-32-5,L-Isoleucine,0.0013,%,N,N,N,N,N,N,N,N 少量,,
5190-9426,147-85-3,L-Proline,0.0012,%,N,N,N,N,N,N,N,N 少量,,
5190-9426,52-90-4,L-Cysteine,0.0012,%,N,N,N,N,N,N,N,N 少量,,
5190-9426,72-18-4,L-Valine,0.0012,%,N,N,N,N,N,N,N,N 少量,,
5190-9426,72-19-5,L-Threonine,0.0012,%,N,N,N,N,N,N,N,N 少量,,
5190-9426,56-41-7,L-Alanine,90000,PPM,N,N,N,N,N,N,N,N 少量,,
5190-9426,56-40-6,Glycine,80000,PPM,N,N,N,N,N,N,N,N 少量,,
5190-9426,7732-18-5,Deionized water,99.506,%,N,N,N,N,N,N,N,N 少量,,
5190-9426,7647-01-0,Hydrochloric Acid (HCl),0.4,%,N,N,N 2目少量,N,N 乙類，限值100%,N,N,N 少量,,
5190-9426,56-41-7,L-Alanine,0.089,%,N,N,N,N,N,N,N,N 少量,,
5190-9426,71-00-1,L-Histidine,0.0016,%,N,N,N,N,N,N,N,N 少量,,
5190-9426,56-45-1,L-Serine,0.0015,%,N,N,N,N,N,N,N,N 少量,,
5190-9426,60-18-4,L-Tyrosine,20000,PPM,N,N,N,N,N,N,N,N 少量,,
5190-9426,63-91-2,L-Pheynlalanine,20000,PPM,N,N,N,N,N,N,N,N 少量,,
5190-9426,74-79-3,L-Arginine,20000,PPM,N,N,N,N,N,N,N,N 少量,,
5190-9426,147-85-3,L-Proline,10000,PPM,N,N,N,N,N,N,N,N 少量,,
5190-9426,52-90-4,L-Cysteine,10000,PPM,N,N,N,N,N,N,N,N 少量,,
5190-9426,56-84-8,L-Aspartic Acid,10000,PPM,N,N,N,N,N,N,N,N 少量,,
5190-9426,56-86-0,L-Glutamic Acid,10000,PPM,N,N,N,N,N,N,N,N 少量,,
5190-9426,56-87-1,L-Lysine,10000,PPM,N,N,N,N,N,N,N,N 少量,,
5190-9426,61-90-5,L-Leucine,10000,PPM,N,N,N,N,N,N,N,N 少量,,
5190-9426,63-68-3,L-Methionine,10000,PPM,N,N,N,N,N,N,N,N 少量,,
5190-9426,72-18-4,L-Valine,10000,PPM,N,N,N,N,N,N,N,N 少量,,
5190-9426,72-19-5,L-Threonine,10000,PPM,N,N,N,N,N,N,N,N 少量,,
5190-9426,73-32-5,L-Isoleucine,10000,PPM,N,N,N,N,N,N,N,N 少量,,
5190-9426,7732-18-5,Deionized water,85,% (w/w),N,N,N,N,N,N,N,N 少量,,
5190-9426,1310-58-3,Potassium hydroxide,5,% (w/w),N,N,N 2目少量,N,N,N,N,N 少量,,
5190-9426,10043-35-3,Boric Acid,3,% (w/w),N,N,Y 1目，限值1%,N,N,N,N,N 少量,優先化學品報備,
5190-9426,107-96-0,3-Mercapotopropionic acid,2,% (w/w),N,N,N 2目少量,N,N,N,N,N 少量,,
5190-9426,67-56-1,Methanol,2,% (w/w),N,N,N 2目少量,N,N,N,N,N 少量,,
5190-9426,643-79-8,o-Phtalaldehyde,1.5,% (w/w),N,N,N,N,N,N,N,N 少量,,
5190-9426,333-20-0,Potassium thiocyanate,1,% (w/w),N,N,N,N,N,N,N,N 少量,,
5190-9426,9002-92-0,"Poly(oxy-1,2-ethanediyl), .alpha.-dodecyl-.omega.-hydroxy-",0.5,% (w/w),N,N,N 2目少量,N,N,N,N,N 少量,,
5190-9426,1975/5/8,Acetonitrile (Neat),95-100,% (w/w),Y 4類，限值1%,N,N,N,N,N,N,N 少量,毒化物,毒化物+包裝
5190-9426,28920-43-6,9-Fluorenylmethylchloroformate,0.5,% (w/w),N,N,N,N,N,N,N,N 少量,,
5190-9426,7732-18-5,Deionized water,99.548,%,N,N,N,N,N,N,N,N 少量,,
5190-9426,7647-01-0,Hydrochloric Acid (HCl),0.4,%,N,N,N 2目少量,N,N 乙類，限值100%,N,N,N 少量,,
5190-9426,60-18-4,L-Tyrosine,0.0045,%,N,N,N,N,N,N,N,N 少量,,
5190-9426,74-79-3,L-Arginine,0.0044,%,N,N,N,N,N,N,N,N 少量,,
5190-9426,63-91-2,L-Pheynlalanine,0.0041,%,N,N,N,N,N,N,N,N 少量,,
5190-9426,71-00-1,L-Histidine,0.0039,%,N,N,N,N,N,N,N,N 少量,,
5190-9426,56-86-0,L-Glutamic Acid,0.0037,%,N,N,N,N,N,N,N,N 少量,,
5190-9426,56-87-1,L-Lysine,0.0037,%,N,N,N,N,N,N,N,N 少量,,
5190-9426,63-68-3,L-Methionine,0.0037,%,N,N,N,N,N,N,N,N 少量,,
5190-9426,56-84-8,L-Aspartic Acid,0.0033,%,N,N,N,N,N,N,N,N 少量,,
5190-9426,73-32-5,L-Isoleucine,0.0033,%,N,N,N,N,N,N,N,N 少量,,
5190-9426,61-90-5,L-Leucine,0.0032,%,N,N,N,N,N,N,N,N 少量,,
5190-9426,52-90-4,L-Cysteine,0.003,%,N,N,N,N,N,N,N,N 少量,,
5190-9426,72-19-5,L-Threonine,0.003,%,N,N,N,N,N,N,N,N 少量,,
5190-9426,147-85-3,L-Proline,0.0029,%,N,N,N,N,N,N,N,N 少量,,
5190-9426,72-18-4,L-Valine,0.0029,%,N,N,N,N,N,N,N,N 少量,,
5190-9426,56-45-1,L-Serine,0.0026,%,N,N,N,N,N,N,N,N 少量,,
5190-9426,56-41-7,L-Alanine,0.0022,%,N,N,N,N,N,N,N,N 少量,,
5190-9426,56-40-6,Glycine,0.0019,%,N,N,N,N,N,N,N,N 少量,,
5190-9426,7732-18-5,Deionized water,99.374,% (w/w),N,N,N,N,N,N,N,N 少量,,
5190-9426,7647-01-0,Hydrochloric Acid (HCl),0.4,% (w/w),N,N,N 2目少量,N,N 乙類，限值100%,N,N,N 少量,,
5190-9426,60-18-4,L-Tyrosine,0.0181,% (w/w),N,N,N,N,N,N,N,N 少量,,
5190-9426,74-79-3,L-Arginine,0.0181,% (w/w),N,N,N,N,N,N,N,N 少量,,
5190-9426,63-91-2,L-Pheynlalanine,0.0165,% (w/w),N,N,N,N,N,N,N,N 少量,,
5190-9426,71-00-1,L-Histidine,0.0155,% (w/w),N,N,N,N,N,N,N,N 少量,,
5190-9426,63-68-3,L-Methionine,0.0149,% (w/w),N,N,N,N,N,N,N,N 少量,,
5190-9426,56-86-0,L-Glutamic Acid,0.0147,% (w/w),N,N,N,N,N,N,N,N 少量,,
5190-9426,56-87-1,L-Lysine,0.0146,% (w/w),N,N,N,N,N,N,N,N 少量,,
5190-9426,56-84-8,L-Aspartic Acid,0.0133,% (w/w),N,N,N,N,N,N,N,N 少量,,
5190-9426,73-32-5,L-Isoleucine,0.0132,% (w/w),N,N,N,N,N,N,N,N 少量,,
5190-9426,61-90-5,L-Leucine,0.0131,% (w/w),N,N,N,N,N,N,N,N 少量,,
5190-9426,52-90-4,L-Cysteine,0.0121,% (w/w),N,N,N,N,N,N,N,N 少量,,
5190-9426,72-19-5,L-Threonine,0.0119,% (w/w),N,N,N,N,N,N,N,N 少量,,
5190-9426,72-18-4,L-Valine,0.0117,% (w/w),N,N,N,N,N,N,N,N 少量,,
5190-9426,147-85-3,L-Proline,0.0115,% (w/w),N,N,N,N,N,N,N,N 少量,,
5190-9426,56-45-1,L-Serine,0.0105,% (w/w),N,N,N,N,N,N,N,N 少量,,
5190-9426,56-41-7,L-Alanine,0.0089,% (w/w),N,N,N,N,N,N,N,N 少量,,
5190-9426,56-40-6,Glycine,0.0075,% (w/w),N,N,N,N,N,N,N,N 少量,,
5190-9426,1119-62-6,Dithiodipropionic acid,100,% (w/w),N,N,N,N,N,N,N,N 少量,,
5190-9426,7732-18-5,Deionized water,98.63,% (w/w),N,N,N,N,N,N,N,N 少量,,
5190-9426,10043-35-3,Boric Acid,0.87,% (w/w),N,N,N 1目，限值1%,N,N,N,N,N 少量,,
5190-9426,1310-73-2,Sodium Hydroxide,0.5,% (w/w),N,N,N 2目少量,N,N,N,N,N 少量,,
5190-9426,107-97-1,Sarcosine,1667,,N,N,N,N,N,N,N,N 少量,,
5190-9426,51-35-4,L-4-Hydroxyproline,1,,N,N,N,N,N,N,N,N 少量,,
5190-9426,56-85-9,L-Glutamine,1,,N,N,N,N,N,N,N,N 少量,,
5190-9426,6600-40-4,L-Norvaline,1,,N,N,N,N,N,N,N,N 少量,,
5190-9426,70-47-3,L-Asparagine,1,,N,N,N,N,N,N,N,N 少量,,
5190-9426,73-22-3,L-Trytophan,1,,N,N,N,N,N,N,N,N 少量,,
G1969-85020,1975/5/8,Acetonitrile (Neat),90-95,% (w/w),Y 4類，限值1%,N,N,N,N,N,N,N 少量,毒化物,毒化物+包裝
G1969-85020,7732-18-5,Deionized water,5,% (w/w),N,N,N,N,N,N,N,N 少量,,
G1969-85020,120-73-0,Purine,0.01,% (w/w),N,N,N,N,N,N,N,N 少量,,
G1969-85020,16059-16-8,"Hexakis(1H,1H,5H-octafluoropentoxy)phospazine",0.01,% (w/w),N,N,N,N,N,N,N,N 少量,,
G1969-85020,186043-67-4,"Hexakis(1H,1H,9H-perfluorononyloxy)phosphazene",0.01,% (w/w),N,N,N,N,N,N,N,N 少量,,
G1969-85020,186406-47-3,"Hexakis (1H,1H,4H-hexafluorobutyloxy) phosphazine",0.01,% (w/w),N,N,N,N,N,Y,N,N,新化學物質,
G1969-85020,186406-48-4,"Hexakis (1H,1H,6H-Decafluorohexyloxy) phosphazine",0.01,% (w/w),N,N,N,N,N,Y,N,N,新化學物質,
G1969-85020,186406-49-5,"Hexakis (1H,1H,8H-tetradecafluorooctyloxy) phosphazine",0.01,% (w/w),N,N,N,N,N,Y,N,N,新化學物質,
G1969-85020,186817-57-2,"Hexakis(2,2-difluoroethoxy)phosphazine",0.01,% (w/w),N,N,N,N,N,N,N,N 少量,,
G1969-85020,3336-58-1,Trifluoroacetic acid ammonium salt,0.01,% (w/w),N,N,N,N,N,N,N,N 少量,,
G1969-85020,368-66-1,"Tris (trifluoromethyl)-1,3,5-triazine",0.01,% (w/w),N,N,N,N,N,N,N,N 少量,,
G1969-85020,3830-74-8,"Hexakis(1H,1H,7H-dodecafluoroheptoxy)phosphazene",0.01,% (w/w),N,N,N,N,N,N,N,N 少量,,
G1969-85020,58943-98-9,"Hexakis(1H,1H,3H,-tetrafluoropropoxy)phosphazine",0.01,% (w/w),N,N,N,N,N,N,N,N 少量,,
G1969-85020,915-76-4,Tris(heptafluoropropyl)-s-triazine,0.01,% (w/w),N,N,N,N,N,N,N,N 少量,,
G1969-85020,957-13-1,Hexamethoxyphosphine,0.01,% (w/w),N,N,N,N,N,N,N,N 少量,,
ICP-071,7732-18-5,water,98.8863,% (w/w),N,N,N,N,N,N,N,N 少量,,
ICP-071,7697-37-2,NITRIC ACID,1,% (w/w),N,N,N 2目少量,N,N,N,N,N 少量,,
ICP-071,12032-20-1,lutetium (III) oxide,0.1137,% (w/w),N,N,N,N,N,N,N,N 少量,,
5064-8236,505-86-2,CTAOH,0.33,% (w/w),N,N,N,N,N,N,N,N 少量,,
5064-8236,499-83-2,"2,6-Pyridinedicarboxylic acid",0.015,% (w/w),N,N,N,N,N,N,N,N 少量,,
5064-8236,1310-73-2,Sodium Hydroxide,0.1,% (w/w),N,N,N 2目少量,N,N,N,N,N 少量,,
5064-8236,7732-18-5,Deionized water,99.555,% (w/w),N,N,N,N,N,N,N,N 少量,,
6610030100,10022-31-8,Barium nitrate,0.0005,%,N,N,N,N,N,N,N,N 少量,,
6610030100,10042-76-9,Strontium nitrate,0.0005,%,N,N,N 2目少量,N,N,N,N,N 少量,,
6610030100,13548-38-4,chromium trinitrate,0.0005,%,N,N,N 1目，限值1%,N,N,N,N,N 少量,,
6610030100,7429-90-5,Aluminium,0.0005,%,N,N,N,N,N,N,N,N 少量,,
6610030100,7439-92-1,Lead,0.0005,%,N,N,N 附錄一限值>1%,N,N,N,N,N 少量,,
6610030100,7439-96-5,Manganese,0.0005,%,N,N,N,N,N,N,N,N 少量,,
6610030100,7439-98-7,Molybdenum,0.0005,%,N,N,N,N,N,N,N,N 少量,,
6610030100,7440-02-0,Nickel,0.0005,%,N,N,N 2目少量,N,N,N,N,N 少量,,
6610030100,7440-38-2,Arsenic,0.0005,%,N,N,N 附錄一限值>1%,N,N,N,N,N 少量,,
6610030100,7440-43-9,Cadmium,0.0005,%,"N 2,3類，限值95%",N,N 2目少量,N,N,N,N,N 少量,,
6610030100,7440-48-4,Cobalt,0.0005,%,N,N,N 2目少量,N,N,N,N,N 少量,,
6610030100,7440-50-8,Copper,0.0005,%,N,N,N,N,N,N,N,N 少量,,
6610030100,7440-66-6,Zinc,0.0005,%,N,N,N 2目少量,N,N,N,N,N 少量,,
6610030100,7697-37-2,Nitric acid,5,%,N,N,N 2目少量,N,N,N,N,N 少量,,
6610030100,7732-18-5,Water,94.988,%,N,N,N,N,N,N,N,N 少量,,
6610030100,7757-79-1,Potassium nitrate,0.005,%,N,N,N 2目少量,N,N,N,N,N 年用量無超過,,
6610030100,7782-49-2,Selenium,0.0005,%,N,N,N,N,N,N,N,N 少量,,
8500-5995,1975/9/2,Methylene chloride,95-100,% (w/w),Y 4類，限值25%,N,N 2目少量,N,N,N,N,N 少量,毒化物,毒化物+包裝
8500-5995,50-29-3,"4,4'-DDT",0.0752,% (w/w),"N 1,3類，限值1%",N,N,N,N,N,N,N 少量,,
8500-5995,5074-71-5,decafluorotriphenylphosphine,0.0752,% (w/w),N,N,N,N,N,N,N,N 少量,,
8500-5995,87-86-5,Pentachlorophenol,0.01-0.1,% (w/w),"Y 1,3類，限值0.01%",N,N,N 限值1%(沒有超過1%),N,N,N,N 少量,毒化物,毒化物+包裝
8500-5995,92-87-5,benzidine,0.0752,% (w/w),N 2類，限值1%,N,N,N 限值1%(沒有超過1%),N,N,N,N 少量,,
5191-4276,1975/9/2,Methylene chloride,95-100,% (w/w),Y 4類，限值25%,N,N 2目少量,N,N,N,N,N 少量,毒化物,毒化物+包裝
5191-4276,112-39-0,Methyl palmitate,0.0452,% (w/w),N,N,N,N,N,N,N,N 少量,,
5191-4276,106-70-7,Methyl hexanoate,0.0302,% (w/w),N,N,N,N,N,N,N,N 少量,,
5191-4276,110-42-9,methyl decanoate,0.0302,% (w/w),N,N,N,N,N,N,N,N 少量,,
5191-4276,111-11-5,Octanoic acid methyl ester,0.0302,% (w/w),N,N,N,N,N,N,N,N 少量,,
5191-4276,111-82-0,Methyl dodecanoate,0.0302,% (w/w),N,N,N,N,N,N,N,N 少量,,
5191-4276,1120-28-1,Methyl arachidate,0.0302,% (w/w),N,N,N,N,N,N,N,N 少量,,
5191-4276,112-61-8,Methyl stearate,0.0302,% (w/w),N,N,N,N,N,N,N,N 少量,,
5191-4276,112-62-9,Oleic acid methyl ester,0.0302,% (w/w),N,N,N,N,N,N,N,N 少量,,
5191-4276,124-10-7,Tetradecanoic acid methyl ester,0.0302,% (w/w),N,N,N,N,N,N,N,N 少量,,
5191-4276,2442-49-1,Tetracosanoic acid methyl ester,0.0302,% (w/w),N,N,N,N,N,N,N,N 少量,,
5191-4276,929-77-1,Docosanoic acid methyl ester,0.0302,% (w/w),N,N,N,N,N,N,N,N 少量,,
5191-4276,623-42-7,Methyl butyrate,0.0302,% (w/w),N,N,N,N,N,N,N,N 少量,,
5191-4276,112-63-0,Linoleic acid methyl ester,0.0151,% (w/w),N,N,N,N,N,N,N,N 少量,,
5191-4276,1731-86-8,Methyl undecanoate,0.0151,% (w/w),N,N,N,N,N,N,N,N 少量,,
5191-4276,1731-88-0,Methyl tridecanoate,0.0151,% (w/w),N,N,N,N,N,N,N,N 少量,,
5191-4276,1731-92-6,Methyl heptadecanoate,0.0151,% (w/w),N,N,N,N,N,N,N,N 少量,,
5191-4276,2733-88-2,Methyl (Z)-tetracos-15-enoate,0.0151,% (w/w),N,N,N,N,N,N,N,N 少量,,
5191-4276,301-00-8,Linolenic acid methyl ester,0.0151,% (w/w),N,N,N,N,N,N,N,N 少量,,
5191-4276,7132-64-1,Methyl pentadecanoate,0.0151,% (w/w),N,N,N,N,N,N,N,N 少量,,
5191-4276,2390/9/2,Methyl gondonate,0.0151,% (w/w),N,N,N,N,N,N,N,N 少量,,
5191-4276,2463/2/7,"Cis-11,14-eicosadienoic acid methyl ester",0.0151,% (w/w),N,N,N,N,N,N,N,N 少量,,
5191-4276,1120-25-8,Methyl palmitoleate,0.0151,% (w/w),N,N,N,N,N,N,N,N 少量,,
5191-4276,1120-34-9,Methyl erucate,0.0151,% (w/w),N,N,N,N,N,N,N,N 少量,,
5191-4276,16326-32-2,y-linolenic acid methyl ester,0.0151,% (w/w),N,N,N,N,N,N,N,N 少量,,
5191-4276,1937-62-8,Methyl elaidate,0.0151,% (w/w),N,N,N,N,N,N,N,N 少量,,
5191-4276,21061-10-9,Homo gamma-linolenic acid methyl ester,0.0151,% (w/w),N,N,N,N,N,N,N,N 少量,,
5191-4276,2566-89-4,Methyl arachidonate,0.0151,% (w/w),N,N,N,N,N,N,N,N 少量,,
5191-4276,2566-90-7,"Cis-4,7,10,13,16,19-docosahexaenoic acid methyl ester",0.0151,% (w/w),N,N,N,N,N,N,N,N 少量,,
5191-4276,2566-97-4,Methyl linelaidate,0.0151,% (w/w),N,N,N,N,N,N,N,N 少量,,
5191-4276,2734-47-6,"Methyl all-cis-5,8,11,14,17-eicosapentaenoate",0.0151,% (w/w),N,N,N,N,N,N,N,N 少量,,
5191-4276,55682-88-7,"Cis-11,14,17-eicosatrienoic acid methyl ester",0.0151,% (w/w),N,N,N,N,N,Y,N,N,新化學物質,
5191-4276,56219-06-8,Methyl myristoleate,0.0151,% (w/w),N,N,N,N,N,N,N,N 少量,,
5191-4276,6064-90-0,Heneicosanoic acid methyl ester,0.0151,% (w/w),N,N,N,N,N,N,N,N 少量,,
5191-4276,61012-47-3,"Cis-13,16-docosadienoic acid methyl ester",0.0151,% (w/w),N,N,N,N,N,N,N,N 少量,,
5191-4276,75190-82-8,Methyl cis-10-heptadecenoate,0.0151,% (w/w),N,N,N,N,N,N,N,N 少量,,
5191-4276,90176-52-6,Methyl-10-pentadecenoate,0.0151,% (w/w),N,N,N,N,N,Y,N,N,新化學物質,
RNA-004,629-50-5,n-tridecane,100,% (w/w),N,N,N,N,N,N,N,N 少量,,
5190-7003,540-84-1,Isooctane,99.9998,%,N,N,N,N,N,N,N,N 少量,,
5190-7003,110-06-5,tert-Butyl disulfide,10000,PPM,N,N,N,N,N,N,N,N 少量,,
5190-7003,110-81-6,Ethyl disulfide,10000,PPM,N,N,N,N,N,N,N,N 少量,,
5190-9766,7697-37-2,Nitric acid,1.34,% (w/w),N,N,N 2目少量,N,N,N,N,N 少量,,
5190-9766,7439-97-6,"Mercury, contained in manufactured articles (MSDS based on elemental mercury)",0.003,% (w/w),N 1類，限值95%,N,N 1目，限值1%,N,N,N,N,N 少量,,
5190-9766,7440-38-2,Arsenic (As),0.0015,% (w/w),N,N,N 附錄一限值>1%,N,N,N,N,N 少量,,
5190-9766,7440-43-9,Cadmium (Cd),0.0005,% (w/w),"N 2,3類，限值95%",N,N 2目少量,N,N,N,N,N 少量,,
5190-9766,7439-92-1,Lead,0.0005,% (w/w),N,N,N 附錄一限值>1%,N,N,N,N,N 少量,,
5190-9766,7732-18-5,Deionized water,98.6545,% (w/w),N,N,N,N,N,N,N,N 少量,,
5190-9767,7697-37-2,Nitric acid,1.34,% (w/w),N,N,N 2目少量,N,N,N,N,N 少量,,
5190-9767,7440-02-0,Nickel (Ni),0.02,% (w/w),N,N,N 2目少量,N,N,N,N,N 少量,,
5190-9767,7440-22-4,Silver (Ag),0.015,% (w/w),N,N,N,N,N,N,N,N 少量,,
5190-9767,7782-49-2,Selenium,0.015,% (w/w),N,N,N,N,N,N,N,N 少量,,
5190-9767,1314-62-1,Divanadium pentaoxide,0.01,% (w/w),N,N,N 2目少量,N,N,N,N,N 少量,,
5190-9767,7440-28-0,Thallium,0.0008,% (w/w),N,N,N,N,N,N,N,N 少量,,
5190-9767,7440-48-4,Cobalt,0.0005,% (w/w),N,N,N 2目少量,N,N,N,N,N 少量,,
5190-9767,7732-18-5,Deionized water,98.5987,% (w/w),N,N,N,N,N,N,N,N 少量,,
5183-4682,7732-18-5,Deionized water,0.9438,% (w/w),N,N,N,N,N,N,N,N 少量,,
5183-4682,7697-37-2,Nitric acid,0.05,% (w/w),N,N,N 2目少量,N,N,N,N,N 少量,,
5183-4682,7439-89-6,Iron (FE),0.001,% (w/w),N,N,N,N,N,N,N,N 少量,,
5183-4682,7439-95-4,Magnesium (Mg),0.001,% (w/w),N,N,N 2目少量,N,N,N,N,N 少量,,
5183-4682,7440/9/7,Potassium,0.001,% (w/w),N,N,N 2目少量,N,N,N,N,N 少量,,
5183-4682,7440-23-5,Sodium (Na),0.001,% (w/w),N,N,N 2目少量,N,N,N,N,N 少量,,
5183-4682,7440-24-6,Strontium,0.001,% (w/w),N,N,N,N,N,N,N,N 少量,,
5183-4682,7440-70-2,Calcium (Ca),0.001,% (w/w),N,N,N 2目少量,N,N,N,N,N 少量,,
5183-4682,7429-90-5,Aluminum (Al),0.00001,% (w/w),N,N,N,N,N,N,N,N 少量,,
5183-4682,7439-92-1,Lead,0.00001,% (w/w),N,N,N 附錄一限值>1%,N,N,N,N,N 少量,,
5183-4682,7439-96-5,Manganese (Mn),0.00001,% (w/w),N,N,N,N,N,N,N,N 少量,,
5183-4682,7439-98-7,Molybdenum (Mo),0.00001,% (w/w),N,N,N,N,N,N,N,N 少量,,
5183-4682,7440-02-0,Nickel (Ni),0.00001,% (w/w),N,N,N 2目少量,N,N,N,N,N 少量,,
5183-4682,7440-22-4,Silver (Ag),0.00001,% (w/w),N,N,N,N,N,N,N,N 少量,,
5183-4682,7440-28-0,Thallium,0.00001,% (w/w),N,N,N,N,N,N,N,N 少量,,
5183-4682,7440-29-1,Thorium,0.00001,% (w/w),N,N,N,N,N,N,N,N 少量,,
5183-4682,7440-36-0,Antimony,0.00001,% (w/w),N,N,N,N,N,N,N,N 少量,,
5183-4682,7440-38-2,Arsenic (As),0.00001,% (w/w),N,N,N 附錄一限值>1%,N,N,N,N,N 少量,,
5183-4682,7440-39-3,Barium,0.00001,% (w/w),N,N,N,N,N,N,N,N 少量,,
5183-4682,7440-41-7,Beryllium,0.00001,% (w/w),N 2類，限值95%,N,N,N 限值1%(沒有超過1%),N,N,N,N 少量,,
5183-4682,7440-43-9,Cadmium (Cd),0.00001,% (w/w),"N 2,3類，限值95%",N,N 2目少量,N,N,N,N,N 少量,,
5183-4682,7440-47-3,Chromium (Cr),0.00001,% (w/w),N,N,N 2目少量,N,N,N,N,N 少量,,
5183-4682,7440-48-4,Cobalt,0.00001,% (w/w),N,N,N 2目少量,N,N,N,N,N 少量,,
5183-4682,7440-50-8,Copper (Cu),0.00001,% (w/w),N,N,N,N,N,N,N,N 少量,,
5183-4682,7440-61-1,Uranium,0.00001,% (w/w),N,N,N,N,N,N,N,N 少量,,
5183-4682,7440-62-2,Vanadium,0.00001,% (w/w),N,N,N,N,N,N,N,N 少量,,
5183-4682,7440-66-6,Zinc (Zn),0.00001,% (w/w),N,N,N 2目少量,N,N,N,N,N 少量,,
5183-4682,7782-49-2,Selenium,0.00001,% (w/w),N,N,N,N,N,N,N,N 少量,,
5183-4681,7732-18-5,Deionized water,0.94993,% (w/w),N,N,N,N,N,N,N,N 少量,,
5183-4681,7697-37-2,Nitric acid,0.05,% (w/w),N,N,N 2目少量,N,N,N,N,N 少量,,
5183-4681,7439-93-2,Lithium,0.00001,% (w/w),N,N,N 2目少量,N,N,N,N,N 少量,申請IVL文件(lithium),
5183-4681,7440-20-2,Scandium,0.00001,% (w/w),N,N,N,N,N,N,N,N 少量,,
5183-4681,7440-27-9,Terbium,0.00001,% (w/w),N,N,N,N,N,N,N,N 少量,,
5183-4681,7440-56-4,Germanium,0.00001,% (w/w),N,N,N,N,N,N,N,N 少量,,
5183-4681,7440-65-5,Yttrium,0.00001,% (w/w),N,N,N,N,N,N,N,N 少量,,
5183-4681,7440-69-9,Bismuth,0.00001,% (w/w),N,N,N,N,N,N,N,N 少量,,
5183-4681,7440-74-6,Indium,0.00001,% (w/w),N,N,N 2目少量,N,N,N,N,N 少量,,
PST-5175-10MG,18854-01-8,isoxathion,100,% (w/w),N,N,N,N,N,N,N,N 少量,,
PST-3160-10MG,40596-69-8,methoprene,100,% (w/w),N,N,N,N,N,N,N,N 少量,,
PST-1540-10MG,2212-67-1,molinate,100,% (w/w),N,N,N,N,N,N,N,N 少量,,
PST-1605-10MG,52645-53-1,PERMETHRIN,100,% (w/w),N,N,N,N,N,N,N,N 少量,,
PST-2895-10MG,61949-76-6,cis-permethrin,100,% (w/w),N,N,N,N,N,Y,N,N,新化學物質,
PST-2520-10MG,32809-16-8,procymidone,100,% (w/w),N,N,N,N,N,N,N,N 少量,,
PST-2040-10MG,60207-90-1,propiconazole,100,% (w/w),N,N,N,N,N,N,N,N 少量,,
PST-3590-10MG,105779-78-0,pyrimidifen,100,% (w/w),N,N,N,N,N,N,N,N 少量,,
PST-2045-10MG,24017-47-8,triazophos,100,% (w/w),N,N,N,N,N,N,N,N 少量,,
PST-5560-10MG,58138-08-2,tridiphane,100,% (w/w),N,N,N,N,N,Y,N,N,新化學物質,
PST-1740-25MG,1582-09-8,trifluralin,100,% (w/w),N,N,N,N,N,N,N,N 少量,,
PST-1740A100A01,1975/5/8,acetonitrile,95-100,% (w/w),Y 4類，限值1%,N,N,N,N,N,N,N 少量,毒化物,毒化物+包裝
PST-1740A100A01,1582-09-8,trifluralin,0.0127,% (w/w),N,N,N,N,N,N,N,N 少量,,
PST-2040M1000,67-56-1,methanol,99.8736,% (w/w),N,N,N 2目少量,N,N,N,N,N 少量,,
PST-2040M1000,60207-90-1,propiconazole,0.1264,% (w/w),N,N,N,N,N,N,N,N 少量,,
PST-2045K1000,67-64-1,acetone,99.8736,% (w/w),N,N,N 2目少量,N,N 乙類，限值100%,N,N,N 少量,,
PST-2045K1000,24017-47-8,triazophos,0.1264,% (w/w),N,N,N,N,N,N,N,N 少量,,
PST-2520M1000,67-56-1,methanol,99.8736,% (w/w),N,N,N 2目少量,N,N,N,N,N 少量,,
PST-2520M1000,32809-16-8,procymidone,0.1264,% (w/w),N,N,N,N,N,N,N,N 少量,,
8500-6947,7440-48-4,Cobalt,0.1,% (w/w),N,N,N 2目少量,N,N,N,N,N 少量,,
8500-6947,7697-37-2,Nitric acid,2,% (w/w),N,N,N 2目少量,N,N,N,N,N 少量,,
8500-6947,7732-18-5,Deionized water,97.9,% (w/w),N,N,N,N,N,N,N,N 少量,,
5190-8497,7440/5/3,Palladium,0.0978,% (w/w),N,N,N,N,N,N,N,N 少量,,
5190-8497,7697-37-2,Nitric acid,3.35,% (w/w),N,N,N 2目少量,N,N,N,N,N 少量,,
5190-8497,7732-18-5,Deionized water,96.5522,% (w/w),N,N,N,N,N,N,N,N 少量,,
5190-8559,7699-43-6,Zirconium oxychloride,0.097,% (w/w),N,N,N,N,N,N,N,N 少量,,
5190-8559,7647-01-0,Hydrochloric Acid (HCl),1.85,% (w/w),N,N,N 2目少量,N,N 乙類，限值100%,N,N,N 少量,,
5190-8559,7732-18-5,Deionized water,98.053,% (w/w),N,N,N,N,N,N,N,N 少量,,
5190-8571,7439-92-1,Lead,0.001,% (w/w),N,N,N 附錄一限值>1%,N,N,N,N,N 少量,,
5190-8571,7697-37-2,Nitric acid,1.34,% (w/w),N,N,N 2目少量,N,N,N,N,N 少量,,
5190-8571,7732-18-5,Deionized water,98.659,% (w/w),N,N,N,N,N,N,N,N 少量,,
5190-8311,497-19-8,Sodium Carbonate,0.0992,% (w/w),N,N,N,N,N,N,N,N 少量,,
5190-8311,7697-37-2,Nitric acid,3.35,% (w/w),N,N,N 2目少量,N,N,N,N,N 少量,,
5190-8311,7732-18-5,Deionized water,96.5508,% (w/w),N,N,N,N,N,N,N,N 少量,,
5062-8571,7732-18-5,Deionized water,99.18,% (w/w),N,N,N,N,N,N,N,N 少量,,
5062-8571,7601-54-9,Sodium Phosphate,0.82,% (w/w),N,N,N 2目少量,N,N,N,N,N 少量,,
GS48-SAQ,119171-73-2,"ethanone, 1-(3,7-dihydroxy-10H-phenoxazin-10-yl)ethanone",100,% (w/v),N,N,N,N,N,N,N,N 少量,,
GS48-SAQ,7778-77-0,potassium dihydrogenorthophosphate,57,% (w/v),N,N,N,N,N,N,N,N 少量,,
GS48-SAQ,9003-99-0,Peroxidase,35,% (w/v),N,N,N,N,N,N,N,N 少量,,
GS48-SAQ,7758/11/4,dipotassium hydrogenorthophosphate,8,% (w/v),N,N,N,N,N,N,N,N 少量,,
GS48-SAQ,9001-96-1,Pyruvate Oxidase,41-43,% (w/v),N,N,N,N,N,N,N,N 少量,,
GS48-SAQ,7778-77-0,potassium dihydrogenorthophosphate,29-36,% (w/v),N,N,N,N,N,N,N,N 少量,,
GS48-SAQ,9027-60-5,N-Acetylneuraminic Acid Aldolase,23-29,% (w/v),N,N,N,N,N,N,N,N 少量,,
GS48-SAQ,7732-18-5,"water, distilled, conductivity or of similar purity",97.6045,% (w/v),N,N,N,N,N,N,N,N 少量,,
GS48-SAQ,7758/11/4,dipotassium hydrogenorthophosphate,1.365,% (w/v),N,N,N,N,N,N,N,N 少量,,
GS48-SAQ,7778-77-0,potassium dihydrogenorthophosphate,1.021,% (w/v),N,N,N,N,N,N,N,N 少量,,
GS48-SAQ,2682-20-4,2-methyl-2H-isothiazol-3-one,0.0095,% (w/v),N,N,N 2目少量,N,N,N,N,N 少量,,
GS48-SAQ,7732-18-5,"water, distilled, conductivity or of similar purity",96.9505,% (w/v),N,N,N,N,N,N,N,N 少量,,
GS48-SAQ,7558-80-7,Monosodium phosphate,2.6,% (w/v),N,N,N,N,N,N,N,N 少量,,
GS48-SAQ,7558-79-4,disodium hydrogenorthophosphate,0.44,% (w/v),N,N,N,N,N,N,N,N 少量,,
GS48-SAQ,2682-20-4,2-methyl-2H-isothiazol-3-one,0.0095,% (w/v),N,N,N 2目少量,N,N,N,N,N 少量,,
GS48-SAQ,7732-18-5,"water, distilled, conductivity or of similar purity",97.1485,% (w/v),N,N,N,N,N,N,N,N 少量,,
GS48-SAQ,10034-99-8,"Magnesium Sulfate, Heptahydrate",2.47,% (w/v),N,N,N,N,N,N,N,N 少量,,
GS48-SAQ,6381-92-6,Ethylenediaminetetraacetic Acid Disodium Salt Dihydrate,0.372,% (w/v),N,N,N,N,N,N,N,N 少量,,
GS48-SAQ,2682-20-4,2-methyl-2H-isothiazol-3-one,0.0095,% (w/v),N,N,N 2目少量,N,N,N,N,N 少量,,
GS48-SAQ,7732-18-5,"water, distilled, conductivity or of similar purity",99.425,% (w/v),N,N,N,N,N,N,N,N 少量,,
GS48-SAQ,1185-53-1,"2-amino-2-(hydroxymethyl)propane-1,3-diolhydrochloride",0.3,% (w/v),N,N,N,N,N,N,N,N 少量,,
GS48-SAQ,7647-14-5,sodium chloride,0.15,% (w/v),N,N,N,N,N,N,N,N 少量,,
GS48-SAQ,9001-67-6,Neuraminidase,0.125,% (w/v),N,N,N,N,N,N,N,N 少量,,
GS48-SAQ,7732-18-5,"water, distilled, conductivity or of similar purity",99.897,% (w/v),N,N,N,N,N,N,N,N 少量,,
GS48-SAQ,2682-20-4,2-methyl-2H-isothiazol-3-one,0.1,% (w/v),N,N,N 2目少量,N,N,N,N,N 少量,,
GS48-SAQ,131-48-6,N-acetylneuraminic acid,0.003,% (w/v),N,N,N,N,N,N,N,N 少量,,
GS48-SAQ,67-68-5,dimethyl sulfoxide,100,% (w/v),N,N,N,N,N,N,N,N 少量,,
GS48-SAQ,9014-81-7,Bovine Fetuin,100,% (w/v),N,N,N,N,N,N,N,N 少量,,
GS96-SAQ,119171-73-2,"ethanone, 1-(3,7-dihydroxy-10H-phenoxazin-10-yl)ethanone",100,% (w/v),N,N,N,N,N,N,N,N 少量,,
GS96-SAQ,7778-77-0,potassium dihydrogenorthophosphate,57,% (w/v),N,N,N,N,N,N,N,N 少量,,
GS96-SAQ,9003-99-0,Peroxidase,35,% (w/v),N,N,N,N,N,N,N,N 少量,,
GS96-SAQ,7758/11/4,dipotassium hydrogenorthophosphate,8,% (w/v),N,N,N,N,N,N,N,N 少量,,
GS96-SAQ,9001-96-1,Pyruvate Oxidase,41-43,% (w/v),N,N,N,N,N,N,N,N 少量,,
GS96-SAQ,7778-77-0,potassium dihydrogenorthophosphate,29-36,% (w/v),N,N,N,N,N,N,N,N 少量,,
GS96-SAQ,9027-60-5,N-Acetylneuraminic Acid Aldolase,23-29,% (w/v),N,N,N,N,N,N,N,N 少量,,
GS96-SAQ,7732-18-5,"water, distilled, conductivity or of similar purity",97.6045,% (w/v),N,N,N,N,N,N,N,N 少量,,
GS96-SAQ,7758/11/4,dipotassium hydrogenorthophosphate,1.365,% (w/v),N,N,N,N,N,N,N,N 少量,,
GS96-SAQ,7778-77-0,potassium dihydrogenorthophosphate,1.021,% (w/v),N,N,N,N,N,N,N,N 少量,,
GS96-SAQ,2682-20-4,2-methyl-2H-isothiazol-3-one,0.0095,% (w/v),N,N,N 2目少量,N,N,N,N,N 少量,,
GS96-SAQ,7732-18-5,"water, distilled, conductivity or of similar purity",96.9505,% (w/v),N,N,N,N,N,N,N,N 少量,,
GS96-SAQ,7558-80-7,Monosodium phosphate,2.6,% (w/v),N,N,N,N,N,N,N,N 少量,,
GS96-SAQ,7558-79-4,disodium hydrogenorthophosphate,0.44,% (w/v),N,N,N,N,N,N,N,N 少量,,
GS96-SAQ,2682-20-4,2-methyl-2H-isothiazol-3-one,0.0095,% (w/v),N,N,N 2目少量,N,N,N,N,N 少量,,
GS96-SAQ,7732-18-5,"water, distilled, conductivity or of similar purity",97.1485,% (w/v),N,N,N,N,N,N,N,N 少量,,
GS96-SAQ,10034-99-8,"Magnesium Sulfate, Heptahydrate",2.47,% (w/v),N,N,N,N,N,N,N,N 少量,,
GS96-SAQ,6381-92-6,Ethylenediaminetetraacetic Acid Disodium Salt Dihydrate,0.372,% (w/v),N,N,N,N,N,N,N,N 少量,,
GS96-SAQ,2682-20-4,2-methyl-2H-isothiazol-3-one,0.0095,% (w/v),N,N,N 2目少量,N,N,N,N,N 少量,,
GS96-SAQ,7732-18-5,"water, distilled, conductivity or of similar purity",99.425,% (w/v),N,N,N,N,N,N,N,N 少量,,
GS96-SAQ,1185-53-1,"2-amino-2-(hydroxymethyl)propane-1,3-diolhydrochloride",0.3,% (w/v),N,N,N,N,N,N,N,N 少量,,
GS96-SAQ,7647-14-5,sodium chloride,0.15,% (w/v),N,N,N,N,N,N,N,N 少量,,
GS96-SAQ,9001-67-6,Neuraminidase,0.125,% (w/v),N,N,N,N,N,N,N,N 少量,,
GS96-SAQ,7732-18-5,"water, distilled, conductivity or of similar purity",99.897,% (w/v),N,N,N,N,N,N,N,N 少量,,
GS96-SAQ,2682-20-4,2-methyl-2H-isothiazol-3-one,0.1,% (w/v),N,N,N 2目少量,N,N,N,N,N 少量,,
GS96-SAQ,131-48-6,N-acetylneuraminic acid,0.003,% (w/v),N,N,N,N,N,N,N,N 少量,,
GS96-SAQ,67-68-5,dimethyl sulfoxide,100,% (w/v),N,N,N,N,N,N,N,N 少量,,
GS96-SAQ,9014-81-7,Bovine Fetuin,100,% (w/v),N,N,N,N,N,N,N,N 少量,,
ICP-034,7732-18-5,water,97.8805,% (w/w),N,N,N,N,N,N,N,N 少量,,
ICP-034,7697-37-2,NITRIC ACID,1.979,% (w/w),N,N,N 2目少量,N,N,N,N,N 少量,,
ICP-034,7446/8/4,selenium (IV) oxide,0.1405,% (w/w),N,N,N,N,N,N,N,N 少量,,
PSK-531,114-26-1,propoxur,0.0127,% (w/w),N,N,N,N,N,N,N,N 少量,,
PSK-531,63-25-2,carbaryl (sevin),0.0127,% (w/w),N,N,N 2目少量,N,N,N,N,N 少量,,
PSK-531,1646-88-4,aldicarb sulfone,0.0127,% (w/w),N,N,N,N,N,N,N,N 少量,,
PSK-531,16655-82-6,3-hydroxycarbofuran,0.0127,% (w/w),N,N,N,N,N,N,N,N 少量,,
PSK-531,1563-66-2,carbofuran,0.0127,% (w/w),N,N,N 2目少量,N,N,N,N,N 少量,,
PSK-531,2032-65-7,methiocarb,0.0127,% (w/w),N,N,N 2目少量,N,N,N,N,N 少量,,
PSK-531,23135-22-0,oxamyl,0.0127,% (w/w),N,N,N 2目少量,N,N,N,N,N 少量,,
PSK-531,1646-87-3,aldicarb sulfoxide,0.0127,% (w/w),N,N,N,N,N,N,N,N 少量,,
PSK-531,90-15-3,1-naphthol,0.0127,% (w/w),N,N,N,N,N,N,N,N 少量,,
PSK-531,16752-77-5,methomyl,0.0127,% (w/w),N,N,N 2目少量,N,N,N,N,N 少量,,
PSK-531,116-06-3,aldicarb,0.0127,% (w/w),N,N,N,N,N,N,N,N 少量,,
PST-2535-10MG,8003-34-7,pyrethins,100,% (w/w),N,N,N,N,N,N,N,N 少量,,
PST-6805-10MG,203312-38-3,spirotetramat-enol,100,% (w/w),N,N,N,N,N,Y,N,N,新化學物質,
HC-290-1,67-56-1,methanol,99.9874,% (w/w),N,N,N 2目少量,N,N,N,N,N 少量,,
HC-290-1,1975/1/4,vinyl chloride,0.0126,% (w/w),N 2類，限值50%,N,N 1目，限值1%,N,N,N,N,N 少量,,
IMS-101,7732-18-5,water,96.4756,% (w/w),N,N,N,N,N,N,N,N 少量,,
IMS-101,7697-37-2,NITRIC ACID,3.5,% (w/w),N,N,N 2目少量,N,N,N,N,N 少量,,
IMS-101,13759-83-6,samarium(III) nitrate hexahydrate,0.003,% (w/w),N,N,N,N,N,N,N,N 少量,,
IMS-101,18618-55-8,cerium chloride heptahydrate,0.0027,% (w/w),N,N,N,N,N,N,N,N 少量,,
IMS-101,13823-29-5,thorium nitrate hydrate,0.0021,% (w/w),N,N,N,N,N,N,N,N 少量,,
IMS-101,12060-08-1,scandium oxide,0.0015,% (w/w),N,N,N,N,N,N,N,N 少量,,
IMS-101,1314-36-9,yttrium oxide,0.0013,% (w/w),N,N,N,N,N,N,N,N 少量,,
IMS-101,1308-96-9,europium (III) oxide,0.0012,% (w/w),N,N,N,N,N,N,N,N 少量,,
IMS-101,12064-62-9,gadolinium (III) oxide,0.0012,% (w/w),N,N,N,N,N,N,N,N 少量,,
IMS-101,12037-01-3,terbium oxide,0.0012,% (w/w),N,N,N,N,N,N,N,N 少量,,
IMS-101,12037-29-5,praseodymium oxide,0.0012,% (w/w),N,N,N,N,N,N,N,N 少量,,
IMS-101,1313-97-9,neodymium (III) oxide,0.0012,% (w/w),N,N,N,N,N,N,N,N 少量,,
IMS-101,1312-81-8,lanthanum oxide,0.0012,% (w/w),N,N,N,N,N,N,N,N 少量,,
IMS-101,12036-44-1,thulium (III) oxide,0.0011,% (w/w),N,N,N,N,N,N,N,N 少量,,
IMS-101,1314-37-0,ytterbium (III) oxide,0.0011,% (w/w),N,N,N,N,N,N,N,N 少量,,
IMS-101,12032-20-1,lutetium (III) oxide,0.0011,% (w/w),N,N,N,N,N,N,N,N 少量,,
IMS-101,1308-87-8,dysprosium (III) oxide,0.0011,% (w/w),N,N,N,N,N,N,N,N 少量,,
IMS-101,12055-62-8,holmium oxide,0.0011,% (w/w),N,N,N,N,N,N,N,N 少量,,
IMS-101,12061-16-4,erbium (III) oxide (as erbium),0.0011,% (w/w),N,N,N,N,N,N,N,N 少量,,
ICP-011,7732-18-5,water,97.6513,% (w/w),N,N,N,N,N,N,N,N 少量,,
ICP-011,7697-37-2,NITRIC ACID,1.979,% (w/w),N,N,N 2目少量,N,N,N,N,N 少量,,
ICP-011,7631-99-4,sodium nitrate,0.3697,% (w/w),N,N,N 2目少量,N,N,N,N,N 少量,,
ICP-023,7732-18-5,water,94.2564,% (w/w),N,N,N,N,N,N,N,N 少量,,
ICP-023,7697-37-2,NITRIC ACID,4.95,% (w/w),N,N,N 2目少量,N,N,N,N,N 少量,,
ICP-023,7664-39-3,hydrofluoric acid,0.564,% (w/w),N,N 限值0.1-10%,N 2目少量,N,N,N,N,N 少量,,關注+包裝
ICP-023,7803-55-6,ammonium metavanadate,0.2296,% (w/w),N,N,N 2目少量,N,N,N,N,N 少量,,
ICP-025,7732-18-5,water,97.6943,% (w/w),N,N,N,N,N,N,N,N 少量,,
ICP-025,7697-37-2,NITRIC ACID,1.98,% (w/w),N,N,N 2目少量,N,N,N,N,N 少量,,
ICP-025,10377-66-9,manganese (II) nitrate,0.3257,% (w/w),N,N,N,N,N,N,N,N 少量,,
ICP-046,7732-18-5,water,95.5824,% (w/w),N,N,N,N,N,N,N,N 少量,,
ICP-046,7647-01-0,hydrochloric acid,2.19,% (w/w),N,N,N 2目少量,N,N 乙類，限值100%,N,N,N 少量,,
ICP-046,7697-37-2,NITRIC ACID,1.98,% (w/w),N,N,N 2目少量,N,N,N,N,N 少量,,
ICP-046,13933-31-8,tetraamminepalladium (II) chloride monohydrate,0.2476,% (w/w),N,N,N,N,N,N,N,N 少量,,
ICP-056,7732-18-5,water,97.8297,% (w/w),N,N,N,N,N,N,N,N 少量,,
ICP-056,7697-37-2,NITRIC ACID,1.98,% (w/w),N,N,N 2目少量,N,N,N,N,N 少量,,
ICP-056,10022-31-8,barium nitrate,0.1903,% (w/w),N,N,N,N,N,N,N,N 少量,,
ICP-079,7732-18-5,water,97.71,% (w/w),N,N,N,N,N,N,N,N 少量,,
ICP-079,7647-01-0,hydrochloric acid,2.19,% (w/w),N,N,N 2目少量,N,N 乙類，限值100%,N,N,N 少量,,
ICP-079,7440-57-5,gold,0.1,% (w/w),N,N,N,N,N,N,N,N 少量,,
CLP-250-1,110-54-3,n-hexane,99.9288,% (w/w),N,N,N 2目少量,N,N,N,N,N 年用量無超過,,
CLP-250-1,72-43-5,methoxychlor,0.0379,% (w/w),N,N,N,N,N,N,N,N 少量,,
CLP-250-1,50-29-3,"4,4'-DDT",0.0152,% (w/w),"N 1,3類，限值1%",N,N,N,N,N,N,N 少量,,
CLP-250-1,72-20-8,endrin,0.0076,% (w/w),"N 1,3類，限值1%",N,N,N,N,N,N,N 少量,,
CLP-250-1,877-09-8,"2,4,5,6-tetrachloro-m-xylene",0.003,% (w/w),N,N,N,N,N,N,N,N 少量,,
CLP-250-1,2051-24-3,decachlorobiphenyl,0.003,% (w/w),"N 1,2類，限值0.1%",N,N,N,N,N,N,N 少量,,
CLP-250-1,58-89-9,gamma-BHC (lindane),0.0015,% (w/w),"N 1,3類，限值1%",N,N,N,N,N,N,N 少量,,
CLP-250-1,319-84-6,"(1alpha,2alpha,3ß,4alpha,5ß,6ß)-1,2,3,4,5,6-hexachlorocyclohexane",0.0015,% (w/w),"N 1,3類，限值1%",N,N,N,N,N,N,N 少量,,
CLP-250-1,319-85-7,beta-BHC (beta-HCH),0.0015,% (w/w),"N 1,3類，限值1%",N,N,N,N,N,N,N 少量,,
CUS-00005376,67-64-1,acetone,98.9026,% (w/w),N,N,N 2目少量,N,N 乙類，限值100%,N,N,N 少量,,
CUS-00005376,8003-34-7,pyrethins,0.3034,% (w/w),N,N,N,N,N,N,N,N 少量,,
CUS-00005376,56-38-2,parathion (ethyl),0.0809,% (w/w),N,N,N,N,N,N,N,N 少量,,
CUS-00005376,311-45-5,paraoxon,0.0809,% (w/w),N,N,N,N,N,N,N,N 少量,,
CUS-00005376,298-00-0,methyl parathion,0.0809,% (w/w),N,N,N,N,N,N,N,N 少量,,
CUS-00005376,950-35-6,methyl paraoxon,0.0809,% (w/w),N,N,N,N,N,N,N,N 少量,,
CUS-00005376,1634-78-2,Malaoxon,0.0632,% (w/w),N,N,N,N,N,N,N,N 少量,,
CUS-00005376,52315-07-8,cypermethrin cis/trans +/-80/20,0.0632,% (w/w),N,N,N 2目少量,N,N,N,N,N 少量,,
CUS-00005376,33213-65-9,endosulfan II,0.0506,% (w/w),"N 1,3類，限值1%",N,N,N,N,N,N,N 少量,,
CUS-00005376,959-98-8,endosulfan I,0.0506,% (w/w),"N 1,3類，限值1%",N,N,N,N,N,N,N 少量,,
CUS-00005376,67018-59-1,N-desethyl-pirimiphos-methyl,0.0405,% (w/w),N,N,N,N,N,Y,N,N,新化學物質,
CUS-00005376,122-14-5,fenitrothion,0.0253,% (w/w),N,N,N 2目少量,N,N,N,N,N 少量,,
CUS-00005376,470-90-6,chlorfenvinphos,0.0253,% (w/w),N,N,N,N,N,N,N,N 少量,,
CUS-00005376,333-41-5,diazinon,0.0253,% (w/w),N,N,N,N,N,N,N,N 少量,,
CUS-00005376,51630-58-1,fenvalerate,0.0253,% (w/w),N,N,N 2目少量,N,N,N,N,N 少量,,
CUS-00005376,29232-93-7,pirimphos-methyl,0.0253,% (w/w),N,N,N,N,N,N,N,N 少量,,
CUS-00005376,18181-80-1,bromopropylate,0.0253,% (w/w),N,N,N,N,N,N,N,N 少量,,
CUS-00005376,121-75-5,malathion,0.0253,% (w/w),N,N,N,N,N,N,N,N 少量,,
CUS-00005376,786-19-6,trithion,0.0126,% (w/w),N,N,N,N,N,N,N,N 少量,,
CUS-00005376,1031-07-8,endosulfan sulfate,0.0126,% (w/w),"N 1,3類，限值1%",N,N,N,N,N,N,N 少量,,
CUS-00005377,67-64-1,acetone,99.6616,% (w/w),N,N,N 2目少量,N,N 乙類，限值100%,N,N,N 少量,,
CUS-00005377,319-84-6,alpha-BHC (alpha-HCH),0.0253,% (w/w),"N 1,3類，限值1%",N,N,N,N,N,N,N 少量,,
CUS-00005377,319-85-7,beta-BHC (beta-HCH),0.0253,% (w/w),"N 1,3類，限值1%",N,N,N,N,N,N,N 少量,,
CUS-00005377,58-89-9,gamma-BHC (lindane),0.0253,% (w/w),"N 1,3類，限值1%",N,N,N,N,N,N,N 少量,,
CUS-00005377,319-86-8,delta-BHC (delta-HCH),0.0253,% (w/w),"N 1,3類，限值1%",N,N,N,N,N,N,N 少量,,
CUS-00005377,115-32-2,dicofol,0.0253,% (w/w),N,N,N,N,N,N,N,N 少量,,
CUS-00005377,527-20-8,pentachloroaniline,0.0253,% (w/w),N,N,N,N,N,N,N,N 少量,,
CUS-00005377,72-54-8,"4,4'-DDD",0.0126,% (w/w),N,N,N,N,N,N,N,N 少量,,
CUS-00005377,563-12-2,ethion,0.0126,% (w/w),N,N,N 2目少量,N,N,N,N,N 少量,,
CUS-00005377,118-74-1,hexachlorobenzene,0.0126,% (w/w),N 1類，限值1%,N,N,N,N,N,N,N 少量,,
CUS-00005377,2921-88-2,chlorpyrifos,0.0126,% (w/w),N,N,N 2目少量,N,N,N,N,N 少量,,
CUS-00005377,3424-82-6,"2,4'-DDE",0.0126,% (w/w),N,N,N,N,N,N,N,N 少量,,
CUS-00005377,72-55-9,"4,4'-DDE",0.0126,% (w/w),N,N,N,N,N,N,N,N 少量,,
CUS-00005377,789-02-6,"2,4'-DDT",0.0126,% (w/w),N,N,N,N,N,N,N,N 少量,,
CUS-00005377,50-29-3,"4,4'-DDT",0.0126,% (w/w),"N 1,3類，限值1%",N,N,N,N,N,N,N 少量,,
CUS-00005377,82-68-8,pentachloronitrobenzene,0.0126,% (w/w),N 1類，限值1%,N,N,N,N,N,N,N 少量,,
CUS-00005377,53-19-0,"2,4'-DDD",0.0126,% (w/w),N,N,N,N,N,N,N,N 少量,,
CUS-00005377,1825-19-0,methyl-pentachlorophenylsulfide,0.0126,% (w/w),N,N,N,N,N,N,N,N 少量,,
CUS-00005377,52645-53-1,PERMETHRIN,0.0126,% (w/w),N,N,N,N,N,N,N,N 少量,,
CUS-00005377,298-02-2,phorate,0.0126,% (w/w),N,N,N 2目少量,N,N,N,N,N 少量,,
CUS-00005377,5103-71-9,cis-chlordane,0.0076,% (w/w),"N 1,3類，限值1%",N,N,N,N,N,N,N 少量,,
CUS-00005377,5103-74-2,trans-chlordane,0.0076,% (w/w),"N 1,3類，限值1%",N,N,N,N,N,N,N 少量,,
CUS-00005377,27304-13-8,oxychlordane,0.0076,% (w/w),N,N,N,N,N,N,N,N 少量,,
CUS-00005378,67-64-1,acetone,99.5856,% (w/w),N,N,N 2目少量,N,N 乙類，限值100%,N,N,N 少量,,
CUS-00005378,950-37-8,methidathion,0.0506,% (w/w),N,N,N 2目少量,N,N,N,N,N 少量,,
CUS-00005378,86-50-0,azinphos-methyl (guthion),0.0253,% (w/w),N,N,N,N,N,N,N,N 少量,,
CUS-00005378,68359-37-5,cyfluthrin (baythroid),0.0253,% (w/w),N,N,N,N,N,N,N,N 少量,,
CUS-00005378,3983-45-7,fenchlorophos-oxon,0.0253,% (w/w),N,N,N,N,N,Y,N,N,新化學物質,
CUS-00005378,102851-06-9,tau-fluvalinate (mavrik),0.0253,% (w/w),N,N,N,N,N,N,N,N 少量,,
CUS-00005378,32809-16-8,procymidone,0.0253,% (w/w),N,N,N,N,N,N,N,N 少量,,
CUS-00005378,41198-08-7,profenophos,0.0253,% (w/w),N,N,N,N,N,N,N,N 少量,,
CUS-00005378,116-29-0,tetradifon,0.0253,% (w/w),N,N,N,N,N,N,N,N 少量,,
CUS-00005378,50471-44-8,vinclozolin,0.0253,% (w/w),N,N,N 1目，限值1%,N,N,N,N,N 少量,,
CUS-00005378,309-00-2,aldrin,0.0126,% (w/w),"N 1,3類，限值1%",N,N,N,N,N,N,N 少量,,
CUS-00005378,39515-41-8,fenpropathrin,0.0126,% (w/w),N,N,N,N,N,N,N,N 少量,,
CUS-00005378,2104-96-3,bromophos-methyl,0.0126,% (w/w),N,N,N,N,N,N,N,N 少量,,
CUS-00005378,15972-60-8,alachlor (ISO),0.0126,% (w/w),N,N,N 2目少量,N,N,N,N,N 少量,,
CUS-00005378,40487-42-1,pendimethalin,0.0126,% (w/w),N,N,N,N,N,N,N,N 少量,,
CUS-00005378,23505-41-1,pirimiphos-ethyl,0.0126,% (w/w),N,N,N,N,N,N,N,N 少量,,
CUS-00005378,34643-46-4,tokuthion,0.0126,% (w/w),N,N,N,N,N,N,N,N 少量,,
CUS-00005378,60-57-1,dieldrin,0.0126,% (w/w),"N 1,3類，限值1%",N,N,N,N,N,N,N 少量,,
CUS-00005378,72-20-8,endrin,0.0126,% (w/w),"N 1,3類，限值1%",N,N,N,N,N,N,N 少量,,
CUS-00005378,38260-54-7,etrimfos,0.0126,% (w/w),N,N,N,N,N,N,N,N 少量,,
CUS-00005378,299-84-3,fenchlorphos,0.0126,% (w/w),N 1類，限值1%,N,N,N,N,N,N,N 少量,,
CUS-00005378,28044-83-9,heptachlor epoxide - isomer A,0.0076,% (w/w),N,N,N,N,N,N,N,N 少量,,
CUS-00005378,76-44-8,heptachlor,0.0076,% (w/w),"N 1,3類，限值1%",N,N,N,N,N,N,N 少量,,
CUS-00005378,1024-57-3,heptachlor epoxide - isomer B,0.0076,% (w/w),N,N,N,N,N,N,N,N 少量,,
CUS-00005379,1975/5/8,acetonitrile,95-100,% (w/w),Y 4類，限值1%,N,N,N,N,N,N,N 少量,毒化物,毒化物+包裝
CUS-00005379,52918-63-5,deltamethrin,0.0254,% (w/w),N,N,N,N,N,N,N,N 少量,,
CUS-00005379,2310-17-0,phosalone,0.0254,% (w/w),N,N,N,N,N,N,N,N 少量,,
CUS-00005379,5598-13-0,chlorpyriphos methyl,0.0127,% (w/w),N,N,N,N,N,N,N,N 少量,,
CUS-00005379,2642-71-9,azinphos ethyl,0.0127,% (w/w),N,N,N,N,N,N,N,N 少量,,
CUS-00005379,70124-77-5,flucythrinate,0.0127,% (w/w),N,N,N,N,N,N,N,N 少量,,
CUS-00005379,944-22-9,fonofos,0.0127,% (w/w),N,N,N,N,N,N,N,N 少量,,
CUS-00005379,62610-77-9,methacrifos,0.0127,% (w/w),N,N,N,N,N,N,N,N 少量,,
CUS-00005379,72-43-5,methoxychlor,0.0127,% (w/w),N,N,N,N,N,N,N,N 少量,,
CUS-00005379,4824-78-6,bromophos-ethyl,0.0127,% (w/w),N,N,N,N,N,N,N,N 少量,,
CUS-00005379,732-11-6,phosmet  (imidan),0.0127,% (w/w),N,N,N,N,N,N,N,N 少量,,
CUS-00005379,13593-03-8,quinalphos,0.0127,% (w/w),N,N,N,N,N,N,N,N 少量,,
CUS-00005379,1951/3/6,piperonyl butoxide,0.0127,% (w/w),N,N,N,N,N,N,N,N 少量,,
CUS-00005379,117-18-0,tecnazene,0.0127,% (w/w),N,N,N,N,N,N,N,N 少量,,
CUS-00005379,43121-43-3,triadimefon,0.0127,% (w/w),N,N,N,N,N,N,N,N 少量,,
CUS-00005379,107534-96-3,tebuconazole,0.0127,% (w/w),N,N,N,N,N,N,N,N 少量,,
CUS-00005379,62-73-7,dichlorvos,0.0127,% (w/w),N,N,N,N,N,N,N,N 少量,,
CUS-00005379,74115-24-5,clofentezine,0.0127,% (w/w),N,N,N,N,N,N,N,N 少量,,
CUS-00005379,1825-21-4,pentachloroanisole,0.0065,% (w/w),N,N,N,N,N,N,N,N 少量,,
CUS-00005379,1861-32-1,DCPA (dacthal),0.0064,% (w/w),N,N,N,N,N,N,N,N 少量,,
CUS-00005379,127-90-2,"Bis(2,3,3,3-tetrachloropropyl) ether",0.0064,% (w/w),N,N,N,N,N,Y,N,N,新化學物質,
CUS-00005379,2385-85-5,mirex,0.0064,% (w/w),"N 1,3類，限值1%",N,N,N,N,N,N,N 少量,,
CUS-00005380,110-54-3,n-hexane,99.9696,% (w/w),N,N,N 2目少量,N,N,N,N,N 年用量無超過,,
CUS-00005380,1085-98-9,dichlofluanid,0.0152,% (w/w),N,N,N,N,N,N,N,N 少量,,
CUS-00005380,91465-08-6,lambda-cyhalothrin,0.0152,% (w/w),N,N,N 2目少量,N,N,N,N,N 少量,,
ICP-029,7732-18-5,water,98.3048,% (w/w),N,N,N,N,N,N,N,N 少量,,
ICP-029,7697-37-2,NITRIC ACID,1.4,% (w/w),N,N,N 2目少量,N,N,N,N,N 少量,,
ICP-029,3251-23-8,copper (II) nitrate,0.2952,% (w/w),N,N,N 2目少量,N,N,N,N,N 少量,,
5061-3337,1975/5/8,Acetonitrile (Neat),95-100,% (w/w),Y 4類，限值1%,N,N,N,N,N,N,N 少量,毒化物,毒化物+包裝
5061-3337,28920-43-6,9-Fluorenylmethylchloroformate,0.5,% (w/w),N,N,N,N,N,N,N,N 少量,,
5190-0503,1975/5/8,Acetonitrile,95-100,%,Y 4類，限值1%,N,N,N,N,N,N,N 少量,毒化物,毒化物+包裝
5190-0503,115-86-6,Triphenyl phosphate,0.0636,%,N,N,N,N,N,N,N,N 年用量無超過,,
G2432A,120-73-0,Purine,80000,PPM,N,N,N,N,N,N,N,N 少量,,
G2432A,16059-16-8,"Hexakis(1H,1H,5H-octafluoropentoxy)phospazine",200000,PPM,N,N,N,N,N,N,N,N 少量,,
G2432A,186817-57-2,"Hexakis(2,2-difluoroethoxy)phosphazine",80000,PPM,N,N,N,N,N,N,N,N 少量,,
G2432A,3830-74-8,"Hexakis(1H,1H,7H-dodecafluoroheptoxy)phosphazene",420000,PPM,N,N,N,N,N,N,N,N 少量,,
G2432A,58943-98-9,"Hexakis(1H,1H,3H,-tetrafluoropropoxy)phosphazine",140000,PPM,N,N,N,N,N,N,N,N 少量,,
G2432A,67-56-1,Methanol,15,%,N,N,N 2目少量,N,N,N,N,N 少量,,
G2432A,67-64-1,Acetone,4,%,N,N,N 2目少量,N,N 乙類，限值100%,N,N,N 少量,,
G2432A,67-66-3,Chloroform,1.8,%,N 1類，限值50%,N,N 2目少量,N,N,N,N,N 少量,,
G2432A,1975/5/8,Acetonitrile,70-75,%,Y 4類，限值1%,N,N,N,N,N,N,N 少量,毒化物,毒化物+包裝
G2432A,7732-18-5,Deionized water,5.14,%,N,N,N,N,N,N,N,N 少量,,
G2432A,957-13-1,Hexamethoxyphosphine,20000,PPM,N,N,N,N,N,N,N,N 少量,,
G2421-60001,1975/5/8,Acetonitrile,95,%,Y 4類，限值1%,N,N,N,N,N,N,N 少量,毒化物,毒化物+包裝
G2421-60001,7732-18-5,Deionized water,4.91,%,N,N,N,N,N,N,N,N 少量,,
G2421-60001,107-43-7,Betaine,0.01,%,N,N,N,N,N,N,N,N 少量,,
G2421-60001,3336-58-1,Trifluoroacetic acid ammonium salt,0.01,%,N,N,N,N,N,N,N,N 少量,,
G2421-60001,957-13-1,Hexamethoxyphosphine,0.01,%,N,N,N,N,N,N,N,N 少量,,
G2421-60001,186817-57-2,"Hexakis(2,2-difluoroethoxy)phosphazine",0.01,%,N,N,N,N,N,N,N,N 少量,,
G2421-60001,58943-98-9,"Hexakis(1H,1H,3H,-tetrafluoropropoxy)phosphazine",0.01,%,N,N,N,N,N,N,N,N 少量,,
G2421-60001,16059-16-8,"Hexakis(1H,1H,5H-octafluoropentoxy)phospazine",0.01,%,N,N,N,N,N,N,N,N 少量,,
G2421-60001,3830-74-8,"Hexakis(1H,1H,7H-dodecafluoroheptoxy)phosphazene",0.01,%,N,N,N,N,N,N,N,N 少量,,
G2421-60001,186043-67-4,"Hexakis(1H,1H,9H-perfluorononyloxy)phosphazene",0.01,%,N,N,N,N,N,N,N,N 少量,,
G2421-60001,915-76-4,Tris(heptafluoropropyl)-s-triazine,0.01,%,N,N,N,N,N,N,N,N 少量,,
G1969-85001      ,120-73-0,Purine          ,0.006,%,N,N,N,N,N,N,N,N 少量,,
G1969-85001      ,1975/5/8,Acetonitrile    ,85-90,%,Y 4類，限值1%,N,N,N,N,N,N,N 少量,毒化物,毒化物+包裝
G1969-85001      ,7732-18-5,Deionized water ,10,%,N,N,N,N,N,N,N,N 少量,,
G1969-85001      ,58943-98-9,"Hexakis(1H,1H,3H,-tetrafluoropropoxy)phosphazine                          ",0.001,%,N,N,N,N,N,N,N,N 少量,,
G1969-85001      ,1975/5/8,Acetonitrile    ,95-100,%,Y 4類，限值1%,N,N,N,N,N,N,N 少量,毒化物,毒化物+包裝
G1969-85001      ,1975/5/8,Acetonitrile    ,85-90,%,Y 4類，限值1%,N,N,N,N,N,N,N 少量,毒化物,毒化物+包裝
G1969-85001      ,7732-18-5,Deionized water ,10,%,N,N,N,N,N,N,N,N 少量,,
G1969-85001      ,3336-58-1,Trifluoroacetic acid ammonium salt           ,0.00001,%,N,N,N,N,N,N,N,N 少量,,
G1969-85003      ,186406-49-5,"Hexakis (1H,1H,8H-tetradecafluorooctyloxy) phosphazine                    ",0.12,%  ,N,N,N,N,N,Y,N,N,新化學物質,
G1969-85003      ,1975/5/8,Acetonitrile    ,95-100,%  ,Y 4類，限值1%,N,N,N,N,N,N,N 少量,毒化物,毒化物+包裝
G1969-85003      ,1975/5/8,Acetonitrile    ,95-100,%  ,Y 4類，限值1%,N,N,N,N,N,N,N 少量,毒化物,毒化物+包裝
G1969-85003      ,957-13-1,Hexamethoxyphosphine                         ,0.003,%  ,N,N,N,N,N,N,N,N 少量,,
G1969-85003      ,120-73-0,Purine          ,0.06,%  ,N,N,N,N,N,N,N,N 少量,,
G1969-85003      ,1975/5/8,Acetonitrile    ,85-90,%  ,Y 4類，限值1%,N,N,N,N,N,N,N 少量,毒化物,毒化物+包裝
G1969-85003      ,7732-18-5,Deionized water ,9.99,%  ,N,N,N,N,N,N,N,N 少量,,
G1969-85003      ,186406-47-3,"Hexakis (1H,1H,4H-hexafluorobutyloxy) phosphazine                         ",0.02,%  ,N,N,N,N,N,Y,N,N,新化學物質,
G1969-85003      ,1975/5/8,Acetonitrile    ,95-100,%  ,Y 4類，限值1%,N,N,N,N,N,N,N 少量,毒化物,毒化物+包裝
G1969-85003      ,368-66-1,"Tris (trifluoromethyl)-1,3,5-triazine        ",0.014,%  ,N,N,N,N,N,N,N,N 少量,,
G1969-85003      ,1975/5/8,Acetonitrile    ,95-100,%  ,Y 4類，限值1%,N,N,N,N,N,N,N 少量,毒化物,毒化物+包裝
G1969-85003      ,540-69-2,Ammonium formate,6.308,%  ,N,N,N,N,N,N,N,N 少量,,
G1969-85003      ,7732-18-5,Deionized water ,93.692,%  ,N,N,N,N,N,N,N,N 少量,,
G1969-85003      ,186406-48-4,"Hexakis (1H,1H,6H-Decafluorohexyloxy) phosphazine                         ",0.04,%  ,N,N,N,N,N,Y,N,N,新化學物質,
G1969-85003      ,1975/5/8,Acetonitrile    ,95-100,%  ,Y 4類，限值1%,N,N,N,N,N,N,N 少量,毒化物,毒化物+包裝
GK80040,7732-18-5,"water, distilled, conductivity or of similar purity",99.425,% (w/v),N,N,N,N,N,N,N,N 少量,,
GK80040,1185-53-1,"2-amino-2-(hydroxymethyl)propane-1,3-diolhydrochloride",0.3,% (w/v),N,N,N,N,N,N,N,N 少量,,
GK80040,7647-14-5,sodium chloride,0.15,% (w/v),N,N,N,N,N,N,N,N 少量,,
GK80040,9001-67-6,Neuraminidase,0.125,% (w/v),N,N,N,N,N,N,N,N 少量,,
GK80040,7732-18-5,"water, distilled, conductivity or of similar purity",93.45,% (w/v),N,N,N,N,N,N,N,N 少量,,
GK80040,7558-79-4,disodium hydrogenorthophosphate,3.55,% (w/v),N,N,N,N,N,N,N,N 少量,,
GK80040,7558-80-7,Monosodium phosphate,3,% (w/v),N,N,N,N,N,N,N,N 少量,,
GK80045,7732-18-5,"water, distilled, conductivity or of similar purity",98.73,% (w/v),N,N,N,N,N,N,N,N 少量,,
GK80045,9001-67-6,Neuraminidase,0.8,% (w/v),N,N,N,N,N,N,N,N 少量,,
GK80045,1185-53-1,"2-amino-2-(hydroxymethyl)propane-1,3-diolhydrochloride",0.32,% (w/v),N,N,N,N,N,N,N,N 少量,,
GK80045,7647-14-5,sodium chloride,0.15,% (w/v),N,N,N,N,N,N,N,N 少量,,
GK80043,7732-18-5,"water, distilled, conductivity or of similar purity",99.425,% (w/v),N,N,N,N,N,N,N,N 少量,,
GK80043,1185-53-1,"2-amino-2-(hydroxymethyl)propane-1,3-diolhydrochloride",0.3,% (w/v),N,N,N,N,N,N,N,N 少量,,
GK80043,7647-14-5,sodium chloride,0.15,% (w/v),N,N,N,N,N,N,N,N 少量,,
GK80043,9001-67-6,Neuraminidase,0.125,% (w/v),N,N,N,N,N,N,N,N 少量,,
GK80043,7732-18-5,"water, distilled, conductivity or of similar purity",98.73,% (w/v),N,N,N,N,N,N,N,N 少量,,
GK80043,9001-67-6,Neuraminidase,0.8,% (w/v),N,N,N,N,N,N,N,N 少量,,
GK80043,1185-53-1,"2-amino-2-(hydroxymethyl)propane-1,3-diolhydrochloride",0.32,% (w/v),N,N,N,N,N,N,N,N 少量,,
GK80043,7647-14-5,sodium chloride,0.15,% (w/v),N,N,N,N,N,N,N,N 少量,,
GK80043,7732-18-5,"water, distilled, conductivity or of similar purity",98.73,% (w/v),N,N,N,N,N,N,N,N 少量,,
GK80043,9001-67-6,Neuraminidase,0.8,% (w/v),N,N,N,N,N,N,N,N 少量,,
GK80043,1185-53-1,"2-amino-2-(hydroxymethyl)propane-1,3-diolhydrochloride",0.32,% (w/v),N,N,N,N,N,N,N,N 少量,,
GK80043,7647-14-5,sodium chloride,0.15,% (w/v),N,N,N,N,N,N,N,N 少量,,
GK80043,7732-18-5,"water, distilled, conductivity or of similar purity",93.45,% (w/v),N,N,N,N,N,N,N,N 少量,,
GK80043,7558-79-4,disodium hydrogenorthophosphate,3.55,% (w/v),N,N,N,N,N,N,N,N 少量,,
GK80043,7558-80-7,Monosodium phosphate,3,% (w/v),N,N,N,N,N,N,N,N 少量,,
5190-8333,534-17-8,Caesium carbonate,0.097,%,N,N,N,N,N,N,N,N 少量,,
5190-8333,7697-37-2,Nitric acid,3.35,%,N,N,N 2目少量,N,N,N,N,N 少量,,
5190-8333,7732-18-5,Deionized water,96.553,%,N,N,N,N,N,N,N,N 少量,,
5190-8372,534-17-8,Caesium carbonate,0.98,%,N,N,N,N,N,N,N,N 少量,,
5190-8372,7697-37-2,Nitric acid,3.35,%,N,N,N 2目少量,N,N,N,N,N 少量,,
5190-8372,7732-18-5,Deionized water,95.67,%,N,N,N,N,N,N,N,N 少量,,
5190-8343,534-17-8,Caesium carbonate,1,%,N,N,N,N,N,N,N,N 少量,,
5190-8343,7697-37-2,Nitric acid,1.34,%,N,N,N 2目少量,N,N,N,N,N 少量,,
5190-8343,7732-18-5,Deionized water,97.66,%,N,N,N,N,N,N,N,N 少量,,
IBF-570,7732-18-5,water,99.8854,% (w/w),N,N,N,N,N,N,N,N 少量,,
IBF-570,7447-40-7,POTASSIUM CHLORIDE ANHYDROUS,0.0746,% (w/w),N,N,N,N,N,N,N,N 少量,,
IBF-570,89-83-8,thymol,0.04,% (w/w),N,N,N 2目少量,N,N,N,N,N 少量,,
EPA-1003-1,67-56-1,methanol,99.3679,% (w/w),N,N,N 2目少量,N,N,N,N,N 少量,,
EPA-1003-1,71-43-2,benzene,0.6321,% (w/w),"N 1,2類，限值70%",N,N 1目，限值1%,N,N,N,N,N 少量,,
EPA-1012-1,67-56-1,methanol,99.3679,% (w/w),N,N,N 2目少量,N,N,N,N,N 少量,,
EPA-1012-1,75-15-0,carbon disulfide,0.6321,% (w/w),N 1類，限值1%,N,N 1目，限值1%,N,N,N,N,N 少量,,
EPA-1035-1,67-56-1,methanol,99.3679,% (w/w),N,N,N 2目少量,N,N,N,N,N 少量,,
EPA-1035-1,100-41-4,ethylbenzene,0.6321,% (w/w),N 4類，限值70%,N,N,N,N,N,N,N 少量,,
EPA-1061-1,67-56-1,methanol,99.3679,% (w/w),N,N,N 2目少量,N,N,N,N,N 少量,,
EPA-1061-1,95-47-6,"1,2-Dimethylbenzene",0.6321,% (w/w),N,N,N 2目少量,N,N,N,N,N 少量,,
EPA-1062-1,67-56-1,methanol,99.8736,% (w/w),N,N,N 2目少量,N,N,N,N,N 少量,,
EPA-1062-1,108-38-3,"1,3-Dimethylbenzene",0.1264,% (w/w),N,N,N 2目少量,N,N,N,N,N 少量,,
EPA-1063-1,67-56-1,methanol,99.3679,% (w/w),N,N,N 2目少量,N,N,N,N,N 少量,,
EPA-1063-1,106-42-3,"1,4- Dimethylbenzene",0.6321,% (w/w),N,N,N 2目少量,N,N,N,N,N 少量,,
NV-110-1,67-56-1,methanol,99.9874,% (w/w),N,N,N 2目少量,N,N,N,N,N 少量,,
NV-110-1,1975/5/8,acetonitrile,0.0126,% (w/w),N 4類，限值1%,N,N,N,N,N,N,N 少量,,
QCM-100,67-56-1,methanol,92.5918,% (w/w),N,N,N 2目少量,N,N,N,N,N 少量,,
QCM-100,108-10-1,methyl isobutyl ketone,0.5057,% (w/w),N 4類，限值1%,N,N 2目少量,N,N,N,N,N 少量,,
QCM-100,75-35-4,"1,1-dichloroethene",0.3793,% (w/w),N 4類，限值25%,N,N,N,N,N,N,N 少量,,
QCM-100,79-34-5,"1,1,2,2-tetrachloroethane",0.3793,% (w/w),N 4類，限值1%,N,N 2目少量,N,N,N,N,N 少量,,
QCM-100,79-00-5,"1,1,2-trichloroethane",0.3793,% (w/w),N,N,N 2目少量,N,N,N,N,N 少量,,
QCM-100,127-18-4,tetrachloroethylene,0.3793,% (w/w),"N 1,2類，限值10%",N,N 1目，限值1%,N,N,N,N,N 少量,,
QCM-100,56-23-5,carbon tetrachloride,0.3793,% (w/w),N 1類，限值50%,N,N 2目少量,N,N,N,Y,N 少量,空汙申請,
QCM-100,107-06-2,"1,2-dichloroethane",0.3793,% (w/w),N 4類，限值15%,N,N 1目，限值1%,N,N,N,N,N 少量,,
QCM-100,78-87-5,"1,2-dichloropropane",0.3793,% (w/w),N 1類，限值1%,N,N,N,N,N,N,N 少量,,
QCM-100,95-50-1,"1,2-dichlorobenzene",0.3034,% (w/w),N 1類，限值1%,N,N 2目少量,N,N,N,N,N 少量,,
QCM-100,541-73-1,"1,3-dichlorobenzene",0.3034,% (w/w),N 1類，限值1%,N,N,N,N,N,N,N 少量,,
QCM-100,71-43-2,benzene,0.3034,% (w/w),"N 1,2類，限值70%",N,N 1目，限值1%,N,N,N,N,N 少量,,
QCM-100,108-88-3,toluene,0.3034,% (w/w),N,N,N 2目少量,N,N 乙類，限值100%,N,N,N 年用量無超過,,
QCM-100,100-41-4,ethylbenzene,0.3034,% (w/w),N 4類，限值70%,N,N,N,N,N,N,N 少量,,
QCM-100,1975/9/2,METHYLENE DICHLORIDE,0.3034,% (w/w),N 4類，限值25%,N,N 2目少量,N,N,N,N,N 少量,,
QCM-100,106-46-7,"1,4-dichlorobenzene",0.3034,% (w/w),N,N,N 2目少量,N,N,N,N,N 少量,,
QCM-100,156-60-5,"trans-1,2-dichloroethene",0.3034,% (w/w),N 4類，限值25%,N,N,N,N,N,N,N 少量,,
QCM-100,108-90-7,chlorobenzene,0.3034,% (w/w),N 1類，限值1%,N,N 2目少量,N,N,N,N,N 少量,,
QCM-100,71-55-6,"1,1,1-trichloroethane",0.2528,% (w/w),N,N,N 2目少量,N,N,N,Y,N 少量,空汙申請,
QCM-100,67-66-3,chloroform,0.2528,% (w/w),N 1類，限值50%,N,N 2目少量,N,N,N,N,N 少量,,
QCM-100,1979/1/6,trichloroethylene,0.2528,% (w/w),"N 1,2類，限值10%",N,N 附錄一限值>1%,N,N,N,N,N 少量,,
QCM-100,124-48-1,dibromochloromethane,0.2528,% (w/w),N,N,N,N,N,N,N,N 少量,,
QCM-100,75-27-4,bromodichloromethane,0.2528,% (w/w),N 4類，限值1%,N,N,N,N,N,N,N 少量,,
QCM-100,75-25-2,bromoform,0.2528,% (w/w),N 1類，限值1%,N,N,N,N,N,N,N 少量,,
HAH-907-100MG,1719-06-8,anthracene-d10,100,% (w/w),N,N,N,N,N,N,N,N 少量,,
RCC-013,91-59-8,2-naphthylamine,100,% (w/w),"Y 1,2類，限值1%",N,N,Y 限值1%,N,N,N,N 少量,毒化物、管制化學品,毒化物+包裝
5190-8529,7783-20-2,Ammonium sulphate,0.1005,%,N,N,N,N,N,N,N,N 少量,,
5190-8529,7732-18-5,Deionized water,99.8995,%,N,N,N,N,N,N,N,N 少量,,
IQC-106,7732-18-5,water,99.7875,% (w/w),N,N,N,N,N,N,N,N 少量,,
IQC-106,877-24-7,potassium hydrogen phthalate,0.2125,% (w/w),N,N,N,N,N,N,N,N 少量,,
ICP-013,7732-18-5,water,96.6302,% (w/w),N,N,N,N,N,N,N,N 少量,,
ICP-013,7697-37-2,NITRIC ACID,1.979,% (w/w),N,N,N 2目少量,N,N,N,N,N 少量,,
ICP-013,7784-27-2,aluminum nitrate nonahydrate,1.3908,% (w/w),N,N,N,N,N,N,N,N 少量,,
ICP-333,7732-18-5,water,97.888,% (w/w),N,N,N,N,N,N,N,N 少量,,
ICP-333,7697-37-2,NITRIC ACID,1.98,% (w/w),N,N,N 2目少量,N,N,N,N,N 少量,,
ICP-333,1327-53-3,arsenic (III) oxide,0.132,% (w/w),"N 1,2,3類，限值1%",N,N 1目，限值1%,N,N,N,N,N 少量,,
ICP-348,7732-18-5,water,97.7466,% (w/w),N,N,N,N,N,N,N,N 少量,,
ICP-348,7697-37-2,NITRIC ACID,1.979,% (w/w),N,N,N 2目少量,N,N,N,N,N 少量,,
ICP-348,10022-68-1,cadmium nitrate tetrahydrate,0.2744,% (w/w),N,N,N,N,N,N,N,N 少量,,
5190-8237,12061-16-4,Erbia,0.1,%,N,N,N,N,N,N,N,N 少量,,
5190-8237,7697-37-2,Nitric acid,3.35,%,N,N,N 2目少量,N,N,N,N,N 少量,,
5190-8237,7732-18-5,Deionized water,96.55,%,N,N,N,N,N,N,N,N 少量,,
5190-8239,1308-96-9,Europia,0.097,%,N,N,N,N,N,N,N,N 少量,,
5190-8239,7697-37-2,Nitric acid,3.35,%,N,N,N 2目少量,N,N,N,N,N 少量,,
5190-8239,7732-18-5,Deionized water,96.553,%,N,N,N,N,N,N,N,N 少量,,
5190-8241,12064-62-9,Gadolinia,0.099,%,N,N,N,N,N,N,N,N 少量,,
5190-8241,7697-37-2,Nitric acid,3.35,%,N,N,N 2目少量,N,N,N,N,N 少量,,
5190-8241,7732-18-5,Deionized water,96.551,%,N,N,N,N,N,N,N,N 少量,,
5190-8242,7784-27-2,"Aluminum nitrate, 9-hydrate",0.1,%,N,N,N,N,N,N,N,N 少量,,
5190-8242,7697-37-2,Nitric acid,4.5,%,N,N,N 2目少量,N,N,N,N,N 少量,,
5190-8242,7732-18-5,Deionized water,95.4,%,N,N,N,N,N,N,N,N 少量,,
5190-8248,10022-31-8,Barium nitrate,0.099,%,N,N,N,N,N,N,N,N 少量,,
5190-8248,7697-37-2,Nitric acid,3.35,%,N,N,N 2目少量,N,N,N,N,N 少量,,
5190-8248,7732-18-5,Deionized water,96.551,%,N,N,N,N,N,N,N,N 少量,,
5190-8250,19049-40-2,Hexakis[μ-(acetato-O:O')]-μ4-oxotetraberyllium,0.099,%,N,N,N,N,N,N,N,N 少量,,
5190-8250,7697-37-2,Nitric acid,3.35,%,N,N,N 2目少量,N,N,N,N,N 少量,,
5190-8250,7732-18-5,Deionized water,96.551,%,N,N,N,N,N,N,N,N 少量,,
5190-8252,7440-69-9,Bismuth,0.099,%,N,N,N,N,N,N,N,N 少量,,
5190-8252,7697-37-2,Nitric acid,3.35,%,N,N,N 2目少量,N,N,N,N,N 少量,,
5190-8252,7732-18-5,Deionized water,96.551,%,N,N,N,N,N,N,N,N 少量,,
5190-8254,10043-35-3,Boric Acid,0.1,%,N,N,N 1目，限值1%,N,N,N,N,N 少量,,
5190-8254,7732-18-5,Deionized water,99.9,%,N,N,N,N,N,N,N,N 少量,,
5190-8329,471-34-1,Calcium carbonate,0.099,%,N,N,N,N,N,N,N,N 少量,,
5190-8329,7697-37-2,Nitric acid,3.35,%,N,N,N 2目少量,N,N,N,N,N 少量,,
5190-8329,7732-18-5,Deionized water,96.551,%,N,N,N,N,N,N,N,N 少量,,
5190-8346,7440-48-4,Cobalt,0.099,%,N,N,N 2目少量,N,N,N,N,N 少量,,
5190-8346,7697-37-2,Nitric acid,3.35,%,N,N,N 2目少量,N,N,N,N,N 少量,,
5190-8346,7732-18-5,Deionized water,96.551,%,N,N,N,N,N,N,N,N 少量,,
5190-8350,1308-87-8,Dysprosia,0.097,%,N,N,N,N,N,N,N,N 少量,,
5190-8350,7697-37-2,Nitric acid,3.35,%,N,N,N 2目少量,N,N,N,N,N 少量,,
5190-8350,7732-18-5,Deionized water,96.553,%,N,N,N,N,N,N,N,N 少量,,
5190-8457,7440-55-3,Gallium,0.097,%,N,N,N 2目少量,N,N,N,N,N 少量,,
5190-8457,7647-01-0,Hydrochloric Acid (HCl),0.185,%,N,N,N 2目少量,N,N 乙類，限值100%,N,N,N 少量,,
5190-8457,7697-37-2,Nitric acid,3.35,%,N,N,N 2目少量,N,N,N,N,N 少量,,
5190-8457,7732-18-5,Deionized water,96.368,%,N,N,N,N,N,N,N,N 少量,,
5190-8459,7440-56-4,Germanium,0.1,%,N,N,N,N,N,N,N,N 少量,,
5190-8459,7664-39-3,Hydrofluoric Acid (HF),0.9,%,N,N 限值0.1-10%,N 2目少量,N,N,N,N,N 少量,,關注+包裝
5190-8459,7697-37-2,Nitric acid,4,%,N,N,N 2目少量,N,N,N,N,N 少量,,
5190-8459,7732-18-5,Deionized water,95,%,N,N,N,N,N,N,N,N 少量,,
5190-8461,7440-57-5,Gold,0.098,%,N,N,N,N,N,N,N,N 少量,,
5190-8461,7647-01-0,Hydrochloric Acid (HCl),7.4,%,N,N,N 2目少量,N,N 乙類，限值100%,N,N,N 少量,,
5190-8461,7732-18-5,Deionized water,92.502,%,N,N,N,N,N,N,N,N 少量,,
5190-8463,13759-17-6,Hafnyl chloride,0.097,%,N,N,N,N,N,N,N,N 少量,,
5190-8463,7647-01-0,Hydrochloric Acid (HCl),1.85,%,N,N,N 2目少量,N,N 乙類，限值100%,N,N,N 少量,,
5190-8463,7732-18-5,Deionized water,98.053,%,N,N,N,N,N,N,N,N 少量,,
5190-8465,12055-62-8,Holmium Oxide,0.097,%,N,N,N,N,N,N,N,N 少量,,
5190-8465,7697-37-2,Nitric acid,3.35,%,N,N,N 2目少量,N,N,N,N,N 少量,,
5190-8465,7732-18-5,Deionized water,96.553,%,N,N,N,N,N,N,N,N 少量,,
5190-8467,7440-74-6,Indium,0.099,%,N,N,N 2目少量,N,N,N,N,N 少量,,
5190-8467,7697-37-2,Nitric acid,3.35,%,N,N,N 2目少量,N,N,N,N,N 少量,,
5190-8467,7732-18-5,Deionized water,96.551,%,N,N,N,N,N,N,N,N 少量,,
5190-8469,14996-61-3,Iridium trichloride hydrate,0.096,%,N,N,N,N,N,N,N,N 少量,,
5190-8469,7647-01-0,Hydrochloric Acid (HCl),7.4,%,N,N,N 2目少量,N,N 乙類，限值100%,N,N,N 少量,,
5190-8469,7732-18-5,Deionized water,92.504,%,N,N,N,N,N,N,N,N 少量,,
5190-8471,7782-61-8,Ferric nitrate nonhydrate,0.097,%,N,N,N 2目少量,N,N,N,N,N 少量,,
5190-8471,7697-37-2,Nitric acid,3.35,%,N,N,N 2目少量,N,N,N,N,N 少量,,
5190-8471,7732-18-5,Deionized water,96.553,%,N,N,N,N,N,N,N,N 少量,,
5190-8473,162525-16-8,Lanthana,0.097,%,N,N,N,N,N,Y,N,N,新化學物質,
5190-8473,7697-37-2,Nitric acid,3.35,%,N,N,N 2目少量,N,N,N,N,N 少量,,
5190-8473,7732-18-5,Deionized water,96.553,%,N,N,N,N,N,N,N,N 少量,,
5190-8477,554-13-2,Lithium carbonate,0.0995,%,N,N,N,N,N,N,N,N 少量,,
5190-8477,7697-37-2,Nitric acid,3.35,%,N,N,N 2目少量,N,N,N,N,N 少量,,
5190-8477,7732-18-5,Deionized water,96.5505,%,N,N,N,N,N,N,N,N 少量,,
5190-8479,12032-20-1,Cassiopeium Oxide,0.098,%,N,N,N,N,N,N,N,N 少量,,
5190-8479,7697-37-2,Nitric acid,3.35,%,N,N,N 2目少量,N,N,N,N,N 少量,,
5190-8479,7732-18-5,Deionized water,96.552,%,N,N,N,N,N,N,N,N 少量,,
5190-8481,7439-95-4,Magnesium (Mg),0.0995,%,N,N,N 2目少量,N,N,N,N,N 少量,,
5190-8481,7697-37-2,Nitric acid,3.35,%,N,N,N 2目少量,N,N,N,N,N 少量,,
5190-8481,7732-18-5,Deionized water,96.5505,%,N,N,N,N,N,N,N,N 少量,,
5190-8483,7439-96-5,Manganese (Mn),0.1,%,N,N,N,N,N,N,N,N 少量,,
5190-8483,7697-37-2,Nitric acid,3.35,%,N,N,N 2目少量,N,N,N,N,N 少量,,
5190-8483,7732-18-5,Deionized water,96.55,%,N,N,N,N,N,N,N,N 少量,,
5190-8489,1313-97-9,Neodymia,0.097,%,N,N,N,N,N,N,N,N 少量,,
5190-8489,7697-37-2,Nitric acid,3.35,%,N,N,N 2目少量,N,N,N,N,N 少量,,
5190-8489,7732-18-5,Deionized water,96.553,%,N,N,N,N,N,N,N,N 少量,,
5190-8491,7440-02-0,Nickel (Ni),0.0995,%,N,N,N 2目少量,N,N,N,N,N 少量,,
5190-8491,7697-37-2,Nitric acid,3.35,%,N,N,N 2目少量,N,N,N,N,N 少量,,
5190-8491,7732-18-5,Deionized water,96.5505,%,N,N,N,N,N,N,N,N 少量,,
5190-8493,10026-12-7,Niobium chloride,0.0996,%,N,N,N,N,N,N,N,N 少量,,
5190-8493,7697-37-2,Nitric acid,0.96,%,N,N,N 2目少量,N,N,N,N,N 少量,,
5190-8493,7732-18-5,Deionized water,98.9404,%,N,N,N,N,N,N,N,N 少量,,
5190-8495,12125-08-5,Ammonium hexachloroosmate(IV),0.0962,%,N,N,N,N,N,N,N,N 少量,,
5190-8495,7647-01-0,Hydrochloric Acid (HCl),7.4,%,N,N,N 2目少量,N,N 乙類，限值100%,N,N,N 少量,,
5190-8495,7732-18-5,Deionized water,92.5038,%,N,N,N,N,N,N,N,N 少量,,
5190-8499,7664-38-2,Phosphoric acid,0.0978,%,N,N,N 2目少量,N,N,N,N,N 少量,,
5190-8499,7697-37-2,Nitric acid,3.35,%,N,N,N 2目少量,N,N,N,N,N 少量,,
5190-8499,7732-18-5,Deionized water,96.5522,%,N,N,N,N,N,N,N,N 少量,,
5190-8501,7440/6/4,Platinum,0.0974,%,N,N,N,N,N,N,N,N 少量,,
5190-8501,7647-01-0,Hydrochloric Acid (HCl),7.4,%,N,N,N 2目少量,N,N 乙類，限值100%,N,N,N 少量,,
5190-8501,7732-18-5,Deionized water,92.5026,%,N,N,N,N,N,N,N,N 少量,,
5190-8503,7757-79-1,Potassium Nitrate,0.0997,%,N,N,N 2目少量,N,N,N,N,N 年用量無超過,,
5190-8503,7697-37-2,Nitric acid,3.35,%,N,N,N 2目少量,N,N,N,N,N 少量,,
5190-8503,7732-18-5,Deionized water,96.5503,%,N,N,N,N,N,N,N,N 少量,,
5190-8505,12037-29-5,Praseodymium undecaoxide,0.097,%,N,N,N,N,N,N,N,N 少量,,
5190-8505,7697-37-2,Nitric acid,3.35,%,N,N,N 2目少量,N,N,N,N,N 少量,,
5190-8505,7732-18-5,Deionized water,96.553,%,N,N,N,N,N,N,N,N 少量,,
5190-8507,7440-15-5,Rhenium,0.0998,%,N,N,N,N,N,N,N,N 少量,,
5190-8507,7697-37-2,Nitric acid,3.35,%,N,N,N 2目少量,N,N,N,N,N 少量,,
5190-8507,7732-18-5,Deionized water,96.5502,%,N,N,N,N,N,N,N,N 少量,,
5190-8509,10049-07-7,Rhodium trichloride,0.0965,%,N,N,N,N,N,N,N,N 少量,,
5190-8509,7647-01-0,Hydrochloric Acid (HCl),7.4,%,N,N,N 2目少量,N,N 乙類，限值100%,N,N,N 少量,,
5190-8509,7732-18-5,Deionized water,92.5035,%,N,N,N,N,N,N,N,N 少量,,
5190-8511,584-09-8,"Carbonic acid, dirubidium salt",0.0989,%,N,N,N,N,N,N,N,N 少量,,
5190-8511,7697-37-2,Nitric acid,3.35,%,N,N,N 2目少量,N,N,N,N,N 少量,,
5190-8511,7732-18-5,Deionized water,96.5511,%,N,N,N,N,N,N,N,N 少量,,
5190-8513,10049-08-8,Ruthenium trichloride,0.0971,%,N,N,N,N,N,N,N,N 少量,,
5190-8513,7647-01-0,Hydrochloric Acid (HCl),7.4,%,N,N,N 2目少量,N,N 乙類，限值100%,N,N,N 少量,,
5190-8513,7732-18-5,Deionized water,92.5029,%,N,N,N,N,N,N,N,N 少量,,
5190-8515,509148-61-2,Samaria,0.097,%,N,N,N,N,N,Y,N,N,新化學物質,
5190-8515,7697-37-2,Nitric acid,3.35,%,N,N,N 2目少量,N,N,N,N,N 少量,,
5190-8515,7732-18-5,Deionized water,96.553,%,N,N,N,N,N,N,N,N 少量,,
5190-8521,16919-19-0,Ammonium hexafluorosilicate,0.0996,%,N,N,N,N,N,N,N,N 少量,,
5190-8521,7732-18-5,Deionized water,99.9004,%,N,N,N,N,N,N,N,N 少量,,
5190-8523,7440-22-4,Silver (Ag),0.097,%,N,N,N,N,N,N,N,N 少量,,
5190-8523,7697-37-2,Nitric acid,3.35,%,N,N,N 2目少量,N,N,N,N,N 少量,,
5190-8523,7732-18-5,Deionized water,96.553,%,N,N,N,N,N,N,N,N 少量,,
5190-8525,497-19-8,Sodium Carbonate,0.097,%,N,N,N,N,N,N,N,N 少量,,
5190-8525,7697-37-2,Nitric acid,3.35,%,N,N,N 2目少量,N,N,N,N,N 少量,,
5190-8525,7732-18-5,Deionized water,96.553,%,N,N,N,N,N,N,N,N 少量,,
5190-8527,10042-76-9,Strontium nitrate,0.0989,%,N,N,N 2目少量,N,N,N,N,N 少量,,
5190-8527,7697-37-2,Nitric acid,3.35,%,N,N,N 2目少量,N,N,N,N,N 少量,,
5190-8527,7732-18-5,Deionized water,96.5511,%,N,N,N,N,N,N,N,N 少量,,
5190-8531,7721/1/9,Pentachlorotantalum,0.0989,%,N,N,N,N,N,N,N,N 少量,,
5190-8531,7664-39-3,Hydrofluoric Acid (HF),0.96,%,N,N 限值0.1-10%,N 2目少量,N,N,N,N,N 少量,,關注+包裝
5190-8531,7732-18-5,Deionized water,98.9411,%,N,N,N,N,N,N,N,N 少量,,
5190-8533,13494-80-9,Tellurium,0.097,%,N,N,N,N,N,N,N,N 少量,,
5190-8533,7647-01-0,Hydrochloric Acid (HCl),11.1,%,N,N,N 2目少量,N,N 乙類，限值100%,N,N,N 少量,,
5190-8533,7732-18-5,Deionized water,88.803,%,N,N,N,N,N,N,N,N 少量,,
5190-8535,12037-01-3,Terbium oxide,0.0975,%,N,N,N,N,N,N,N,N 少量,,
5190-8535,7697-37-2,Nitric acid,3.35,%,N,N,N 2目少量,N,N,N,N,N 少量,,
5190-8535,7732-18-5,Deionized water,96.5525,%,N,N,N,N,N,N,N,N 少量,,
5190-8537,7440-28-0,Thallium,0.097,%,N,N,N,N,N,N,N,N 少量,,
5190-8537,7697-37-2,Nitric acid,3.35,%,N,N,N 2目少量,N,N,N,N,N 少量,,
5190-8537,7732-18-5,Deionized water,96.553,%,N,N,N,N,N,N,N,N 少量,,
5190-8539,13823-29-5,Thorium tetranitrate,0.0984,%,N,N,N,N,N,N,N,N 少量,,
5190-8539,7697-37-2,Nitric acid,3.35,%,N,N,N 2目少量,N,N,N,N,N 少量,,
5190-8539,7732-18-5,Deionized water,96.5516,%,N,N,N,N,N,N,N,N 少量,,
5190-8541,12036-44-1,oxo(oxothuliooxy)thulium,0.097,%,N,N,N,N,N,N,N,N 少量,,
5190-8541,7697-37-2,Nitric acid,3.35,%,N,N,N 2目少量,N,N,N,N,N 少量,,
5190-8541,7732-18-5,Deionized water,96.553,%,N,N,N,N,N,N,N,N 少量,,
5190-8545,16962-40-6,Ammonium hexafluorotitanate,0.0966,%,N,N,N,N,N,N,N,N 少量,,
5190-8545,7732-18-5,Deionized water,99.9034,%,N,N,N,N,N,N,N,N 少量,,
5190-8547,7440-33-7,Tungsten,0.1,%,N,N,N,N,N,N,N,N 少量,,
5190-8547,7664-39-3,Hydrofluoric Acid (HF),0.9,%,N,N 限值0.1-10%,N 2目少量,N,N,N,N,N 少量,,關注+包裝
5190-8547,7697-37-2,Nitric acid,4,%,N,N,N 2目少量,N,N,N,N,N 少量,,
5190-8547,7732-18-5,Deionized water,95,%,N,N,N,N,N,N,N,N 少量,,
5190-8549,1344-59-8,Triuranium octaoxide,0.0992,%,N,N,N,N,N,Y,N,N,新化學物質,
5190-8549,7697-37-2,Nitric acid,3.35,%,N,N,N 2目少量,N,N,N,N,N 少量,,
5190-8549,7732-18-5,Deionized water,96.5508,%,N,N,N,N,N,N,N,N 少量,,
5190-8551,1314-62-1,Divanadium pentaoxide,0.097,%,N,N,N 2目少量,N,N,N,N,N 少量,,
5190-8551,7697-37-2,Nitric acid,3.35,%,N,N,N 2目少量,N,N,N,N,N 少量,,
5190-8551,7732-18-5,Deionized water,96.553,%,N,N,N,N,N,N,N,N 少量,,
5190-8553,1314-37-0,Ytterbium(III) oxide,0.097,%,N,N,N,N,N,N,N,N 少量,,
5190-8553,7697-37-2,Nitric acid,3.35,%,N,N,N 2目少量,N,N,N,N,N 少量,,
5190-8553,7732-18-5,Deionized water,96.553,%,N,N,N,N,N,N,N,N 少量,,
5190-8555,1314-36-9,Yttrium Oxide,0.0985,%,N,N,N,N,N,N,N,N 少量,,
5190-8555,7697-37-2,Nitric acid,3.35,%,N,N,N 2目少量,N,N,N,N,N 少量,,
5190-8555,7732-18-5,Deionized water,96.5515,%,N,N,N,N,N,N,N,N 少量,,
5190-8557,7440-66-6,Zinc (Zn),0.097,%,N,N,N 2目少量,N,N,N,N,N 少量,,
5190-8557,7697-37-2,Nitric acid,3.35,%,N,N,N 2目少量,N,N,N,N,N 少量,,
5190-8557,7732-18-5,Deionized water,96.553,%,N,N,N,N,N,N,N,N 少量,,
5190-8331,7440-45-1,Cerium,0.099,%,N,N,N,N,N,N,N,N 少量,,
5190-8331,7697-37-2,Nitric acid,3.35,%,N,N,N 2目少量,N,N,N,N,N 少量,,
5190-8331,7732-18-5,Deionized water,96.551,%,N,N,N,N,N,N,N,N 少量,,
PST-1290-10MG,16655-82-6,3-hydroxycarbofuran,100,% (w/w),N,N,N,N,N,N,N,N 少量,,
PST-1445-10MG,51630-58-1,fenvalerate,100,% (w/w),N,N,N 2目少量,N,N,N,N,N 少量,,
PST-2210-10MG,110488-70-5,dimethomorph,100,% (w/w),N,N,N,N,N,N,N,N 少量,,
PST-2275-10MG,131807-57-3,famoxadone,100,% (w/w),N,N,N,N,N,N,N,N 少量,,
PST-2685-10MG,173584-44-6,indoxacarb,100,% (w/w),N,N,N,N,N,N,N,N 少量,,
PST-3395-10MG,210880-92-5,clothianidin,100,% (w/w),N,N,N,N,N,N,N,N 少量,,
PST-3575-10MG,175013-18-0,pyraclostrobin,100,% (w/w),N,N,N,N,N,N,N,N 少量,,
PST-3630-10MG,148477-71-8,spirodiclofen,100,% (w/w),N,N,N,N,N,N,N,N 少量,,
PST-3555-10MG,66063-05-6,pencycuron,100,% (w/w),N,N,N,N,N,N,N,N 少量,,
PST-3840-10MG,907204-31-3,fluxapyroxad,100,% (w/w),N,N,N,N,N,Y,N,N,新化學物質,
ISM-560-1,1975/9/2,METHYLENE DICHLORIDE,95-100,% (w/w),Y 4類，限值25%,N,N 2目少量,N,N,N,N,N 少量,毒化物,毒化物+包裝
ISM-560-1,1719-03-5,chrysene-d12,0.1508,% (w/w),N,N,N,N,N,N,N,N 少量,,
ISM-560-1,3855-82-1,"1,4-dichlorobenzene-d4",0.1508,% (w/w),N,N,N 2目少量,N,N,N,N,N 少量,,
ISM-560-1,1146-65-2,naphthalene-d8,0.1508,% (w/w),N,N,N 2目少量,N,N,N,N,N 少量,,
ISM-560-1,1520-96-3,perylene-d12,0.1508,% (w/w),N,N,N,N,N,N,N,N 少量,,
ISM-560-1,1517-22-2,phenanthrene-d10,0.1508,% (w/w),N,N,N,N,N,N,N,N 少量,,
ISM-560-1,15067-26-2,acenaphthene-d10,0.1508,% (w/w),N,N,N,N,N,N,N,N 少量,,
PST-1935-100MG,66215-27-8,cyromazine,100,% (w/w),N,N,N,N,N,N,N,N 少量,,
PST-1935-25MG,66215-27-8,cyromazine,100,% (w/w),N,N,N,N,N,N,N,N 少量,,
ICP-040,7732-18-5,water,94.7965,% (w/w),N,N,N,N,N,N,N,N 少量,,
ICP-040,7697-37-2,NITRIC ACID,4.95,% (w/w),N,N,N 2目少量,N,N,N,N,N 少量,,
ICP-040,14985-18-3,zirconyl nitrate hydrate,0.2535,% (w/w),N,N,N,N,N,N,N,N 少量,,
ICM-103,7732-18-5,water,85.3296,% (w/w),N,N,N,N,N,N,N,N 少量,,
ICM-103,7697-37-2,NITRIC ACID,4.95,% (w/w),N,N,N 2目少量,N,N,N,N,N 少量,,
ICM-103,7784-27-2,aluminum nitrate nonahydrate,1.3908,% (w/w),N,N,N,N,N,N,N,N 少量,,
ICM-103,13446-18-9,magnesium nitrate hexahydrate,1.0549,% (w/w),N,N,N,N,N,N,N,N 少量,,
ICM-103,7789/2/8,chromium (III) nitrate nonahydrate,1.0288,% (w/w),N,N,N,N,N,N,N,N 少量,,
ICM-103,7782-61-8,iron (III) nitrate nonahydrate,0.7236,% (w/w),N,N,N 2目少量,N,N,N,N,N 少量,,
ICM-103,10043-35-3,ORTHOBORIC ACID,0.5721,% (w/w),N,N,N 1目，限值1%,N,N,N,N,N 少量,,
ICM-103,554-13-2,lithium carbonate,0.5322,% (w/w),N,N,N,N,N,N,N,N 少量,,
ICM-103,13478-00-7,nickel (II) nitrate hexahydrate,0.4955,% (w/w),N,N,N 1目，限值1%,N,N,N,N,N 少量,,
ICM-103,10026-22-9,cobalt nitrate hexahydrate,0.4938,% (w/w),N,N,N 1目，限值1%,N,N,N,N,N 少量,,
ICM-103,10196-18-6,zinc nitrate hexahydrate,0.455,% (w/w),N,N,N,N,N,N,N,N 少量,,
ICM-103,7631-99-4,sodium nitrate,0.3697,% (w/w),N,N,N 2目少量,N,N,N,N,N 少量,,
ICM-103,10377-66-9,manganese (II) nitrate,0.3257,% (w/w),N,N,N,N,N,N,N,N 少量,,
ICM-103,3251-23-8,copper (II) nitrate,0.2952,% (w/w),N,N,N 2目少量,N,N,N,N,N 少量,,
ICM-103,10022-68-1,cadmium nitrate tetrahydrate,0.2744,% (w/w),N,N,N,N,N,N,N,N 少量,,
ICM-103,7757-79-1,potassium nitrate,0.2586,% (w/w),N,N,N 2目少量,N,N,N,N,N 年用量無超過,,
ICM-103,471-34-1,calcium carbonate,0.2498,% (w/w),N,N,N,N,N,N,N,N 少量,,
ICM-103,10042-76-9,strontium nitrate,0.2415,% (w/w),N,N,N 2目少量,N,N,N,N,N 少量,,
ICM-103,10022-31-8,barium nitrate,0.1903,% (w/w),N,N,N,N,N,N,N,N 少量,,
ICM-103,10099-74-8,lead (II) nitrate,0.1598,% (w/w),N,N,N 附錄一限值>1%,N,N,N,N,N 少量,,
ICM-103,7761-88-8,silver nitrate,0.1575,% (w/w),N,N,N 2目少量,N,N,N,N,N 少量,,
ICM-103,10102-45-1,thallium (I) nitrate,0.1303,% (w/w),N,N,N,N,N,N,N,N 少量,,
ICM-103,1312-43-2,indium (III) oxide,0.1209,% (w/w),N,N,N,N,N,N,N,N 少量,,
ICM-103,7440-69-9,PURE BISMUTH,0.1,% (w/w),N,N,N,N,N,N,N,N 少量,,
ICM-103,7440-55-3,gallium,0.1,% (w/w),N,N,N 2目少量,N,N,N,N,N 少量,,
ICC-006,7732-18-5,water,99.8186,% (w/w),N,N,N,N,N,N,N,N 少量,,
ICC-006,7757-82-6,SODIUM SULFATE ANHYDROUS,0.1814,% (w/w),N,N,N,N,N,N,N,N 少量,,
ICP-019,7732-18-5,water,97.7624,% (w/w),N,N,N,N,N,N,N,N 少量,,
ICP-019,7697-37-2,NITRIC ACID,1.979,% (w/w),N,N,N 2目少量,N,N,N,N,N 少量,,
ICP-019,7757-79-1,potassium nitrate,0.2586,% (w/w),N,N,N 2目少量,N,N,N,N,N 年用量無超過,,
ICP-020,7732-18-5,water,97.7712,% (w/w),N,N,N,N,N,N,N,N 少量,,
ICP-020,7697-37-2,NITRIC ACID,1.979,% (w/w),N,N,N 2目少量,N,N,N,N,N 少量,,
ICP-020,471-34-1,calcium carbonate,0.2498,% (w/w),N,N,N,N,N,N,N,N 少量,,
5190-7001,7697-37-2,Nitric acid,4.5,% (w/w),N,N,N 2目少量,N,N,N,N,N 少量,,
5190-7001,7732-18-5,Deionized water,95.5,% (w/w),N,N,N,N,N,N,N,N 少量,,
G2453-85060,64-18-6,Formic Acid,100,% (w/w),N,N,N 2目少量,N,N,N,N,N 少量,,
EPA-1002-1,67-56-1,methanol,99.3679,% (w/w),N,N,N 2目少量,N,N,N,N,N 少量,,
EPA-1002-1,107-13-1,acrylonitrile,0.6321,% (w/w),"N 1,2類，限值50%",N,N 1目，限值1%,N,N,N,N,N 少量,,
5190-8572,554-13-2,Lithium carbonate,0.001,% (w/w),N,N,N,N,N,N,N,N 少量,,
5190-8572,7697-37-2,Nitric acid,1.34,% (w/w),N,N,N 2目少量,N,N,N,N,N 少量,,
5190-8572,7732-18-5,Deionized water,98.659,% (w/w),N,N,N,N,N,N,N,N 少量,,
5190-8362,7440-69-9,Bismuth,0.97,% (w/w),N,N,N,N,N,N,N,N 少量,,
5190-8362,7697-37-2,Nitric acid,3.35,% (w/w),N,N,N 2目少量,N,N,N,N,N 少量,,
5190-8362,7732-18-5,Deionized water,95.68,% (w/w),N,N,N,N,N,N,N,N 少量,,
5190-8363,7440-69-9,Bismuth,0.97,% (w/w),N,N,N,N,N,N,N,N 少量,,
5190-8363,7697-37-2,Nitric acid,3.35,% (w/w),N,N,N 2目少量,N,N,N,N,N 少量,,
5190-8363,7732-18-5,Deionized water,95.68,% (w/w),N,N,N,N,N,N,N,N 少量,,
5190-8530,7783-20-2,Ammonium sulphate,0.1005,% (w/w),N,N,N,N,N,N,N,N 少量,,
5190-8530,7732-18-5,Deionized water,99.8995,% (w/w),N,N,N,N,N,N,N,N 少量,,
5190-8544,7440-31-5,Tin,0.0968,% (w/w),N,N,N,N,N,N,N,N 少量,,
5190-8544,7647-01-0,Hydrochloric Acid (HCl),7.4,% (w/w),N,N,N 2目少量,N,N 乙類，限值100%,N,N,N 少量,,
5190-8544,7732-18-5,Deionized water,92.5032,% (w/w),N,N,N,N,N,N,N,N 少量,,
5190-8500,7664-38-2,Phosphoric acid,0.0978,% (w/w),N,N,N 2目少量,N,N,N,N,N 少量,,
5190-8500,7697-37-2,Nitric acid,3.35,% (w/w),N,N,N 2目少量,N,N,N,N,N 少量,,
5190-8500,7732-18-5,Deionized water,96.5522,% (w/w),N,N,N,N,N,N,N,N 少量,,
PST-480M1000,67-56-1,methanol,99.8736,% (w/w),N,N,N 2目少量,N,N,N,N,N 少量,,
PST-480M1000,2921-88-2,chlorpyrifos,0.1264,% (w/w),N,N,N 2目少量,N,N,N,N,N 少量,,
PST-1370-10MG,52315-07-8,cypermethrin,100,% (w/w),N,N,N 2目少量,N,N,N,N,N 少量,,
PST-1370-50MG,52315-07-8,cypermethrin,100,% (w/w),N,N,N 2目少量,N,N,N,N,N 少量,,
PST-1370-100MG,52315-07-8,cypermethrin,100,% (w/w),N,N,N 2目少量,N,N,N,N,N 少量,,
PST-1295M100A01,67-56-1,methanol,99.9874,% (w/w),N,N,N 2目少量,N,N,N,N,N 少量,,
PST-1295M100A01,1563-66-2,carbofuran,0.0126,% (w/w),N,N,N 2目少量,N,N,N,N,N 少量,,
PST-1295M1000,67-56-1,methanol,99.9874,% (w/w),N,N,N 2目少量,N,N,N,N,N 少量,,
PST-1295M1000,1563-66-2,carbofuran,0.0126,% (w/w),N,N,N 2目少量,N,N,N,N,N 少量,,
PST-1980M1000,67-56-1,methanol,99.8736,% (w/w),N,N,N 2目少量,N,N,N,N,N 少量,,
PST-1980M1000,138261-41-3,imidacloprid,0.1264,% (w/w),N,N,N,N,N,N,N,N 少量,,
PST-1210M100A01,67-56-1,methanol,99.9874,% (w/w),N,N,N 2目少量,N,N,N,N,N 少量,,
PST-1210M100A01,30560-19-1,acephate,0.0126,% (w/w),N,N,N,N,N,N,N,N 少量,,
PST-1285M250,67-56-1,methanol,99.9684,% (w/w),N,N,N 2目少量,N,N,N,N,N 少量,,
PST-1285M250,10605-21-7,carbendazim,0.0316,% (w/w),N,N,N 1目，限值1%,N,N,N,N,N 少量,,
PST-1285M100A01,67-56-1,methanol,99.9684,% (w/w),N,N,N 2目少量,N,N,N,N,N 少量,,
PST-1285M100A01,10605-21-7,carbendazim,0.0316,% (w/w),N,N,N 1目，限值1%,N,N,N,N,N 少量,,
PST-710M1000,67-56-1,methanol,99.8736,% (w/w),N,N,N 2目少量,N,N,N,N,N 少量,,
PST-710M1000,7786-34-7,mevinphos (phosdrin),0.1264,% (w/w),N,N,N 2目少量,N,N,N,N,N 少量,,
PST-1445M1000,67-56-1,methanol,99.8736,% (w/w),N,N,N 2目少量,N,N,N,N,N 少量,,
PST-1445M1000,51630-58-1,fenvalerate,0.1264,% (w/w),N,N,N 2目少量,N,N,N,N,N 少量,,
PST-1445M100A01,67-56-1,methanol,99.8736,% (w/w),N,N,N 2目少量,N,N,N,N,N 少量,,
PST-1445M100A01,51630-58-1,fenvalerate,0.1264,% (w/w),N,N,N 2目少量,N,N,N,N,N 少量,,
PST-1385-10MG,52918-63-5,deltamethrin,100,% (w/w),N,N,N,N,N,N,N,N 少量,,
PST-1385A100A01,52918-63-5,deltamethrin,100,% (w/w),N,N,N,N,N,N,N,N 少量,,
PST-100M1000,67-56-1,methanol,99.8736,% (w/w),N,N,N 2目少量,N,N,N,N,N 少量,,
PST-100M1000,63-25-2,carbaryl (sevin),0.1264,% (w/w),N,N,N 2目少量,N,N,N,N,N 少量,,
5190-9770,7440-69-9,Bismuth,0.05,% (w/w),N,N,N,N,N,N,N,N 少量,,
5190-9770,7440-56-4,Germanium,0.05,% (w/w),N,N,N,N,N,N,N,N 少量,,
5190-9770,7440-74-6,Indium,0.05,% (w/w),N,N,N 2目少量,N,N,N,N,N 少量,,
5190-9770,7439-94-3,Lutetium,0.05,% (w/w),N,N,N,N,N,N,N,N 少量,,
5190-9770,7440-20-2,Scandium,0.1,% (w/w),N,N,N,N,N,N,N,N 少量,,
5190-9770,13494-80-9,Tellurium,0.25,% (w/w),N,N,N,N,N,N,N,N 少量,,
5190-9770,7697-37-2,Nitric acid,2,% (w/w),N,N,N 2目少量,N,N,N,N,N 少量,,
5190-9770,7732-18-5,Deionized water,97.45,% (w/w),N,N,N,N,N,N,N,N 少量,,
G4218-85000,1958/8/2,Caffeine,0.025,% (w/w),N　,N,N,N,N,N,N,N 少量,,
G4218-85000,7732-18-5,Deionized water,99.975,% (w/w),N　,N,N,N,N,N,N,N 少量,,
PL2090-0101,9057/2/7,Pullulan,100,% (w/w),N　,N,N,N,N,N,N,N 少量,,
5191-4533,7440-38-2,Arsenic (As),0.15,% (w/w),N,N,N 附錄一限值>1%,N,N,N,N,N 少量,,
5191-4533,7440-43-9,Cadmium (Cd),0.02,% (w/w),"N 2,3類，限值95%",N,N 2目少量,N,N,N,N,N 少量,,
5191-4533,7440-48-4,Cobalt,0.05,% (w/w),N,N,N 2目少量,N,N,N,N,N 少量,,
5191-4533,7439-97-6,"Mercury, contained in manufactured articles (MSDS based on elemental mercury)",0.03,% (w/w),N 1類，限值95%,N,N 1目，限值1%,N,N,N,N,N 少量,,
5191-4533,7440-02-0,Nickel (Ni),0.2,% (w/w),N,N,N 2目少量,N,N,N,N,N 少量,,
5191-4533,7439-92-1,Lead,0.05,% (w/w),N,N,N 附錄一限值>1%,N,N,N,N,N 少量,,
5191-4533,7440-62-2,Vanadium,0.1,% (w/w),N,N,N,N,N,N,N,N 少量,,
5191-4533,7697-37-2,Nitric acid,2,% (w/w),N,N,N 2目少量,N,N,N,N,N 少量,,
5191-4533,7732-18-5,Deionized water,97.4,% (w/w),N,N,N,N,N,N,N,N 少量,,
9910085200,7681-82-5,Sodium Iodide               ,1,% (w/w),N,N,N,N,N,N,N,N 少量,,
9910085200,7732-18-5,Deionized water             ,99,% (w/w),N,N,N,N,N,N,N,N 少量,,
9910085200,12055-62-8,Holmium Oxide               ,4,% (w/w),N,N,N,N,N,N,N,N 少量,,
9910085200,7732-18-5,Deionized water             ,86,% (w/w),N,N,N,N,N,N,N,N 少量,,
9910085200,7601-90-3,Perchloric acid             ,10,% (w/w),N,N,N 2目少量,N,N,N,N,N 少量,,
9910085200,7601-90-3,Perchloric acid             ,0.004,% (w/w),N,N,N 2目少量,N,N,N,N,N 少量,,
9910085200,7732-18-5,Deionized water             ,99.396,% (w/w),N,N,N,N,N,N,N,N 少量,,
9910085200,7778-50-9,Potassium Dichromate        ,0.6,% (w/w),N 2類，六價鉻含量1%以上,N,N 1目，限值1%,N,N,N,N,N 少量,,
9910085200,108-88-3,Toluene                     ,0.02,% (w/w),N,N,N 2目少量,N,N 乙類，限值100%,N,N,N 年用量無超過,,
9910085200,110-54-3,Hexane                      ,99.98,% (w/w),N,N,N 2目少量,N,N,N,N,N 年用量無超過,,
9910085200,7601-90-3,Perchloric acid             ,0.004,% (w/w),N,N,N 2目少量,N,N,N,N,N 少量,,
9910085200,7732-18-5,Deionized water             ,99.936,% (w/w),N,N,N,N,N,N,N,N 少量,,
9910085200,7601-90-3,Perchloric acid             ,0.004,% (w/w),N,N,N 2目少量,N,N,N,N,N 少量,,
9910085200,7732-18-5,Deionized water             ,99.936,% (w/w),N,N,N,N,N,N,N,N 少量,,
9910085200,7778-50-9,Potassium Dichromate        ,0.06,% (w/w),N 2類，六價鉻含量1%以上,N,N 1目，限值1%,N,N,N,N,N 少量,,
9910085200,7632-00-0,Sodium Nitrite              ,5,% (w/w),N,N,N 2目少量,N,N,N,N,N 少量,,
9910085200,7732-18-5,Deionized water             ,95,% (w/w),N,N,N,N,N,N,N,N 少量,,
9910085200,7447-40-7,Potassium Chloride          ,1.2,% (w/w),N,N,N,N,N,N,N,N 少量,,
9910085200,7732-18-5,Deionized water             ,98.8,% (w/w),N,N,N,N,N,N,N,N 少量,,
9910085200,110-54-3,Hexane                      ,100,% (w/w),N,N,N 2目少量,N,N,N,N,N 年用量無超過,,
9910085200,7732-18-5,Deionized water             ,100,% (w/w),N,N,N,N,N,N,N,N 少量,,
8500-0656,311-89-7,Perfluorotributylamine,100,% (w/w),N,N,N,N,N,N,N,N 少量,,
NAI-200-1,108-88-3,Toluene,99.8845,% (w/w),N,N,N 2目少量,N,N 乙類，限值100%,N,N,N 年用量無超過,,
NAI-200-1,584-84-9,4-methyl-m-phenylene diisocyanate,0.1155,% (w/w),N 3類，限值1%,N,N 2目少量,N,N,N,N,N 少量,,
ICP-382,7732-18-5,water,97.8612,% (w/w),N,N,N,N,N,N,N,N 少量,,
ICP-382,7697-37-2,NITRIC ACID,1.979,% (w/w),N,N,N 2目少量,N,N,N,N,N 少量,,
ICP-382,10099-74-8,lead (II) nitrate,0.1598,% (w/w),N,N,N 附錄一限值>1%,N,N,N,N,N 少量,,
5190-0488        ,1958/8/2,Caffeine                                                                                                                            ,200,PPM,N,N,N,N,N,N,N,N 少量,,
5190-0488        ,7732-18-5,Deionized water                                                                                                                     ,99.98,%  ,N,N,N,N,N,N,N,N 少量,,
5190-0488        ,1958/8/2,Caffeine                                                                                                                            ,2,PPM,N,N,N,N,N,N,N,N 少量,,
5190-0488        ,7732-18-5,Deionized water                                                                                                                     ,99.9998,%  ,N,N,N,N,N,N,N,N 少量,,
5190-0488        ,1958/8/2,Caffeine                                                                                                                            ,25,PPM,N,N,N,N,N,N,N,N 少量,,
5190-0488        ,7732-18-5,Deionized water                                                                                                                     ,99.998,%  ,N,N,N,N,N,N,N,N 少量,,
5190-0488        ,1958/8/2,Caffeine                                                                                                                            ,100.2,PPM,N,N,N,N,N,N,N,N 少量,,
5190-0488        ,7732-18-5,Deionized water                                                                                                                     ,99.99,%  ,N,N,N,N,N,N,N,N 少量,,
5190-0488        ,1958/8/2,Caffeine                                                                                                                            ,0.5,PPM,N,N,N,N,N,N,N,N 少量,,
5190-0488        ,7732-18-5,Deionized water                                                                                                                     ,99.9999,%  ,N,N,N,N,N,N,N,N 少量,,
5190-0488        ,1958/8/2,Caffeine                                                                                                                            ,1,PPM,N,N,N,N,N,N,N,N 少量,,
5190-0488        ,7732-18-5,Deionized water                                                                                                                     ,99.9999,%  ,N,N,N,N,N,N,N,N 少量,,
5190-0488        ,1958/8/2,Caffeine                                                                                                                            ,50.1,PPM,N,N,N,N,N,N,N,N 少量,,
5190-0488        ,7732-18-5,Deionized water                                                                                                                     ,99.995,%  ,N,N,N,N,N,N,N,N 少量,,
5190-0488        ,1958/8/2,Caffeine                                                                                                                            ,5,PPM,N,N,N,N,N,N,N,N 少量,,
5190-0488        ,7732-18-5,Deionized water                                                                                                                     ,99.998,%  ,N,N,N,N,N,N,N,N 少量,,
5188-6525,7439-93-2,Lithium,0.01,%  ,N,N,N 2目少量,N,N,N,N,N 少量,申請IVL文件(lithium),
5188-6525,7439-94-3,Lutetium,1000000,PPM,N,N,N,N,N,N,N,N 少量,,
5188-6525,7440-16-6,Rhodium (Rh),1000000,PPM,N,N,N,N,N,N,N,N 少量,,
5188-6525,7440-20-2,Scandium,1000000,PPM,N,N,N,N,N,N,N,N 少量,,
5188-6525,7440-27-9,Terbium,1000000,PPM,N,N,N,N,N,N,N,N 少量,,
5188-6525,7440-56-4,Germanium,1000000,PPM,N,N,N,N,N,N,N,N 少量,,
5188-6525,7440-69-9,Bismuth,1000000,PPM,N,N,N,N,N,N,N,N 少量,,
5188-6525,7440-74-6,Indium,1000000,PPM,N,N,N 2目少量,N,N,N,N,N 少量,,
5188-6525,7697-37-2,Nitric acid,10,%  ,N,N,N 2目少量,N,N,N,N,N 少量,,
5188-6525,7732-18-5,Deionized water,89.92,%  ,N,N,N,N,N,N,N,N 少量,,
PPM-608D-1,67-56-1,methanol,99.5574,% (w/w),N,N,N 2目少量,N,N,N,N,N 少量,,
PPM-608D-1,50-29-3,"4,4'-DDT",0.0758,% (w/w),"N 1,3類，限值1%",N,N,N,N,N,N,N 少量,,
PPM-608D-1,319-84-6,alpha-BHC (alpha-HCH),0.0253,% (w/w),"N 1,3類，限值1%",N,N,N,N,N,N,N 少量,,
PPM-608D-1,319-85-7,beta-BHC (beta-HCH),0.0253,% (w/w),"N 1,3類，限值1%",N,N,N,N,N,N,N 少量,,
PPM-608D-1,319-86-8,delta-BHC (delta-HCH),0.0253,% (w/w),"N 1,3類，限值1%",N,N,N,N,N,N,N 少量,,
PPM-608D-1,58-89-9,gamma-BHC (lindane),0.0253,% (w/w),"N 1,3類，限值1%",N,N,N,N,N,N,N 少量,,
PPM-608D-1,72-55-9,"4,4'-DDE",0.0253,% (w/w),N,N,N,N,N,N,N,N 少量,,
PPM-608D-1,309-00-2,aldrin,0.0253,% (w/w),"N 1,3類，限值1%",N,N,N,N,N,N,N 少量,,
PPM-608D-1,60-57-1,dieldrin,0.0253,% (w/w),"N 1,3類，限值1%",N,N,N,N,N,N,N 少量,,
PPM-608D-1,959-98-8,endosulfan I,0.0253,% (w/w),"N 1,3類，限值1%",N,N,N,N,N,N,N 少量,,
PPM-608D-1,33213-65-9,endosulfan II,0.0253,% (w/w),"N 1,3類，限值1%",N,N,N,N,N,N,N 少量,,
PPM-608D-1,1031-07-8,endosulfan sulfate,0.0253,% (w/w),"N 1,3類，限值1%",N,N,N,N,N,N,N 少量,,
PPM-608D-1,72-20-8,endrin,0.0253,% (w/w),"N 1,3類，限值1%",N,N,N,N,N,N,N 少量,,
PPM-608D-1,7421-93-4,endrin aldehyde,0.0253,% (w/w),N,N,N,N,N,N,N,N 少量,,
PPM-608D-1,76-44-8,heptachlor,0.0253,% (w/w),"N 1,3類，限值1%",N,N,N,N,N,N,N 少量,,
PPM-608D-1,1024-57-3,heptachlor epoxide - isomer B,0.0253,% (w/w),N,N,N,N,N,N,N,N 少量,,
PPM-608D-1,72-54-8,"4,4'-DDD",0.0126,% (w/w),N,N,N,N,N,N,N,N 少量,,
5190-9769        ,7439-98-7,Molybdenum (Mo)   ,0.3,% (w/w),N,N,N,N,N,N,N,N 少量,,
5190-9769        ,7732-18-5,Deionized water   ,91.985,% (w/w),N,N,N,N,N,N,N,N 少量,,
5190-9769        ,13548-38-4,Chromium trinitrate,1.1,% (w/w),N,N,Y 1目，限值1%,N,N,N,N,N 少量,優先化學品報備,
5190-9769        ,7440-50-8,Copper (Cu)       ,0.3,% (w/w),N,N,N,N,N,N,N,N 少量,,
5190-9769        ,554-13-2,Lithium carbonate ,0.055,% (w/w),N,N,N,N,N,N,N,N 少量,,
5190-9769,7664-39-3,Hydrofluoric Acid (HF)               ,0.9,% (w/w),N,N 限值0.1-10%,N 2目少量,N,N,N,N,N 少量,,關注+包裝
5190-9769        ,7440-31-5,Tin               ,0.6,% (w/w),N,N,N,N,N,N,N,N 少量,,
5190-9769        ,10022-31-8,Barium nitrate    ,0.14,% (w/w),N,N,N,N,N,N,N,N 少量,,
5190-9769        ,7440-36-0      ,Antimony          ,0.12,% (w/w),N,N,N,N,N,N,N,N 少量,,
5190-9769        ,7697-37-2,Nitric acid       ,4.5,% (w/w),N,N,N 2目少量,N,N,N,N,N 少量,,
18713-60040,309-00-2,Aldrin,478300,PPB,"N 1,3類，限值1%",N,N,N,N,N,N,N 少量,,
18713-60040,540-84-1,Isooctane,99.99,%,N,N,N,N,N,N,N,N 少量,,
18713-60040,58-89-9,Lindane,478300,PPB,"N 1,3類，限值1%",N,N,N,N,N,N,N 少量,,
18710-60170,629-59-4,n-Tetradecane,0.033,%,N,N,N,N,N,N,N,N 少量,,
18710-60170,629-62-9,n-Pentadecane,0.033,%,N,N,N,N,N,N,N,N 少量,,
18710-60170,544-76-3,n-Hexadecane,0.033,%,N,N,N,N,N,N,N,N 少量,,
18710-60170,110-54-3,Hexane,99.9,%,N,N,N 2目少量,N,N,N,N,N 年用量無超過,,
5190-8309,7440-22-4,Silver (Ag),0.1,%,N,N,N,N,N,N,N,N 少量,,
5190-8309,7697-37-2,Nitric acid,4,%,N,N,N 2目少量,N,N,N,N,N 少量,,
5190-8309,7732-18-5,Deionized water,95.9,%,N,N,N,N,N,N,N,N 少量,,
PL2140-0100,9003/4/7,Sodium polyacrylate,100,%,N,N,N,N,N,N,N,N 少量,,
PL2140-0100,9003/4/7,Sodium polyacrylate,100,%,N,N,N,N,N,N,N,N 少量,,
PL2140-0100,9003/4/7,Sodium polyacrylate,100,%,N,N,N,N,N,N,N,N 少量,,
PL2140-0100,9003/4/7,Sodium polyacrylate,100,%,N,N,N,N,N,N,N,N 少量,,
PL2140-0100,9003/4/7,Sodium polyacrylate,100,%,N,N,N,N,N,N,N,N 少量,,
PL2140-0100,9003/4/7,Sodium polyacrylate,100,%,N,N,N,N,N,N,N,N 少量,,
PL2140-0100,9003/4/7,Sodium polyacrylate,100,%,N,N,N,N,N,N,N,N 少量,,
PL2140-0100,9003/4/7,Sodium polyacrylate,100,%,N,N,N,N,N,N,N,N 少量,,
PL2140-0100,9003/4/7,Sodium polyacrylate,100,%,N,N,N,N,N,N,N,N 少量,,
PL2140-0100,9003/4/7,Sodium polyacrylate,100,%,N,N,N,N,N,N,N,N 少量,,
01080-68702,84-15-1                                                                                                                 ,o-Terphenyl                                                                                                                         ,0.03,%  ,N,N,N,N,N,N,N,N 少量,,
01080-68702,67-56-1                                                                                                                  ,Methanol                                                                                                                            ,99.34,%  ,N,N,N 2目少量,N,N,N,N,N 少量,,
01080-68702,131-11-3                                                                                                                     ,Dimethyl phthalate                                                                                                                  ,0.15,%  ,N 1類，限值10%,N,N,N,N,N,N,N 少量,,
01080-68702,92-52-4                                                                                                                   ,Biphenyl                                                                                                                            ,0.01,%  ,"N (多氯聯苯1-10氯管制:聯苯) 1,2類，限值0.1%",N,N,N,N,N,N,N 少量,,
01080-68702,84-66-2                                                                                                                    ,Diethyl phthalate                                                                                                                   ,0.15,%  ,N 1類，限值10%,N,N,N,N,N,N,N 少量,,
01080-68702,117-81-7                                                                                                                  ,di-sec-octyl phthalate                                                                                                              ,0.32,%  ,N 1.2類，限值10%,N,N,N,N,N,N,N 少量,,
01080-68702,84-15-1                                                                                                              ,o-Terphenyl                                                                                                                         ,0.03,%  ,N,N,N,N,N,N,N,N 少量,,
01080-68702,131-11-3                                                                                                             ,Dimethyl phthalate                                                                                                                  ,0.15,%  ,N 1類，限值10%,N,N,N,N,N,N,N 少量,,
01080-68702,92-52-4                                                                                                                    ,Biphenyl                                                                                                                            ,0.01,%  ,"N (多氯聯苯1-10氯管制:聯苯) 1,2類，限值0.1%",N,N,N,N,N,N,N 少量,,
01080-68702,84-66-2                                                                                                                ,Diethyl phthalate                                                                                                                   ,0.15,%  ,N 1類，限值10%,N,N,N,N,N,N,N 少量,,
01080-68702,67-56-1                                                                                                                     ,Methanol                                                                                                                            ,99.66,%  ,N,N,N 2目少量,N,N,N,N,N 少量,,
IAA-213,7732-18-5,water,96.6302,% (w/w),N,N,N,N,N,N,N,N 少量,,
IAA-213,7697-37-2,NITRIC ACID,1.979,% (w/w),N,N,N 2目少量,N,N,N,N,N 少量,,
IAA-213,7784-27-2,aluminum nitrate nonahydrate,1.3908,% (w/w),N,N,N,N,N,N,N,N 少量,,
ICC-002,7732-18-5,water,99.7897,% (w/w),N,N,N,N,N,N,N,N 少量,,
ICC-002,7447-40-7,POTASSIUM CHLORIDE ANHYDROUS,0.2103,% (w/w),N,N,N,N,N,N,N,N 少量,,
ICC-004,7732-18-5,water,99.8629,% (w/w),N,N,N,N,N,N,N,N 少量,,
ICC-004,7631-99-4,sodium nitrate,0.1371,% (w/w),N,N,N 2目少量,N,N,N,N,N 少量,,
ICC-004A,7732-18-5,water,99.3932,% (w/w),N,N,N,N,N,N,N,N 少量,,
ICC-004A,7631-99-4,sodium nitrate,0.6068,% (w/w),N,N,N 2目少量,N,N,N,N,N 少量,,
ICC-007,7732-18-5,water,99.85,% (w/w),N,N,N,N,N,N,N,N 少量,,
ICC-007,7632-00-0,sodium nitrite,0.15,% (w/w),N,N,N 2目少量,N,N,N,N,N 少量,,
ICC-007A,7732-18-5,water,99.5074,% (w/w),N,N,N,N,N,N,N,N 少量,,
ICC-007A,7632-00-0,sodium nitrite,0.4926,% (w/w),N,N,N 2目少量,N,N,N,N,N 少量,,
ICP-021,7732-18-5,water,94.8966,% (w/w),N,N,N,N,N,N,N,N 少量,,
ICP-021,7697-37-2,NITRIC ACID,4.95,% (w/w),N,N,N 2目少量,N,N,N,N,N 少量,,
ICP-021,12060-08-1,scandium oxide,0.1534,% (w/w),N,N,N,N,N,N,N,N 少量,,
ICP-024,7732-18-5,water,96.9912,% (w/w),N,N,N,N,N,N,N,N 少量,,
ICP-024,7697-37-2,NITRIC ACID,1.98,% (w/w),N,N,N 2目少量,N,N,N,N,N 少量,,
ICP-024,7789/2/8,chromium (III) nitrate nonahydrate,1.0288,% (w/w),N,N,N,N,N,N,N,N 少量,,
ICP-026,7732-18-5,water,97.2964,% (w/w),N,N,N,N,N,N,N,N 少量,,
ICP-026,7697-37-2,NITRIC ACID,1.98,% (w/w),N,N,N 2目少量,N,N,N,N,N 少量,,
ICP-026,7782-61-8,iron (III) nitrate nonahydrate,0.7236,% (w/w),N,N,N 2目少量,N,N,N,N,N 少量,,
ICP-027,7732-18-5,water,97.5272,% (w/w),N,N,N,N,N,N,N,N 少量,,
ICP-027,7697-37-2,NITRIC ACID,1.979,% (w/w),N,N,N 2目少量,N,N,N,N,N 少量,,
ICP-027,10026-22-9,cobalt nitrate hexahydrate,0.4938,% (w/w),N,N,N 1目，限值1%,N,N,N,N,N 少量,,
ICP-028,7732-18-5,water,97.5255,% (w/w),N,N,N,N,N,N,N,N 少量,,
ICP-028,7697-37-2,NITRIC ACID,1.979,% (w/w),N,N,N 2目少量,N,N,N,N,N 少量,,
ICP-028,13478-00-7,nickel (II) nitrate hexahydrate,0.4955,% (w/w),N,N,N 1目，限值1%,N,N,N,N,N 少量,,
ICP-045,7732-18-5,water,97.2442,% (w/w),N,N,N,N,N,N,N,N 少量,,
ICP-045,7697-37-2,NITRIC ACID,2.475,% (w/w),N,N,N 2目少量,N,N,N,N,N 少量,,
ICP-045,10139-58-9,rhodium nitrate,0.2808,% (w/w),N,N,N,N,N,N,N,N 少量,,
ICP-049,7732-18-5,water,98.8791,% (w/w),N,N,N,N,N,N,N,N 少量,,
ICP-049,7697-37-2,NITRIC ACID,1,% (w/w),N,N,N 2目少量,N,N,N,N,N 少量,,
ICP-049,1312-43-2,indium (III) oxide,0.1209,% (w/w),N,N,N,N,N,N,N,N 少量,,
ICP-052,7732-18-5,water,95.4949,% (w/w),N,N,N,N,N,N,N,N 少量,,
ICP-052,7647-01-0,hydrochloric acid,4.38,% (w/w),N,N,N 2目少量,N,N 乙類，限值100%,N,N,N 少量,,
ICP-052,7446/7/3,tellurium (IV) oxide,0.1251,% (w/w),N,N,N,N,N,N,N,N 少量,,
ICP-067,7732-18-5,water,98.8855,% (w/w),N,N,N,N,N,N,N,N 少量,,
ICP-067,7697-37-2,NITRIC ACID,1,% (w/w),N,N,N 2目少量,N,N,N,N,N 少量,,
ICP-067,12055-62-8,holmium oxide,0.1145,% (w/w),N,N,N,N,N,N,N,N 少量,,
ICP-081,7732-18-5,water,98.4697,% (w/w),N,N,N,N,N,N,N,N 少量,,
ICP-081,7697-37-2,NITRIC ACID,1.4,% (w/w),N,N,N 2目少量,N,N,N,N,N 少量,,
ICP-081,10102-45-1,thallium (I) nitrate,0.1303,% (w/w),N,N,N,N,N,N,N,N 少量,,
ICP-082,7732-18-5,water,97.8612,% (w/w),N,N,N,N,N,N,N,N 少量,,
ICP-082,7697-37-2,NITRIC ACID,1.979,% (w/w),N,N,N 2目少量,N,N,N,N,N 少量,,
ICP-082,10099-74-8,lead (II) nitrate,0.1598,% (w/w),N,N,N 附錄一限值>1%,N,N,N,N,N 少量,,
ICP-048,7732-18-5,water,97.7466,% (w/w),N,N,N,N,N,N,N,N 少量,,
ICP-048,7697-37-2,NITRIC ACID,1.979,% (w/w),N,N,N 2目少量,N,N,N,N,N 少量,,
ICP-048,10022-68-1,cadmium nitrate tetrahydrate,0.2744,% (w/w),N,N,N,N,N,N,N,N 少量,,
5190-9028,9007-49-2,Deoxyribonucleic acids,100,%,N,N,N,N,N,N,N,N 少量,,
5190-9029,9007-49-2,Deoxyribonucleic acids,100,%,N,N,N,N,N,N,N,N 少量,,
PSM-101-F,1975/5/8,acetonitrile,95-100,% (w/w),Y 4類，限值1%,N,N,N,N,N,N,N 少量,毒化物,毒化物+包裝
PSM-101-F,66215-27-8,cyromazine,0.0127,% (w/w),N,N,N,N,N,N,N,N 少量,,
PSM-101-F,35554-44-0,imazalil,0.0127,% (w/w),N,N,N,N,N,N,N,N 少量,,
PSM-101-F,30560-19-1,acephate,0.0127,% (w/w),N,N,N,N,N,N,N,N 少量,,
PSM-101-F,1563-66-2,carbofuran,0.0127,% (w/w),N,N,N 2目少量,N,N,N,N,N 少量,,
PSM-101-F,35367-38-5,diflubenzuron,0.0127,% (w/w),N,N,N,N,N,N,N,N 少量,,
PSM-101-F,23135-22-0,oxamyl,0.0127,% (w/w),N,N,N 2目少量,N,N,N,N,N 少量,,
PSM-101-F,16752-77-5,methomyl,0.0127,% (w/w),N,N,N 2目少量,N,N,N,N,N 少量,,
PSM-101-F,63-25-2,carbaryl (sevin),0.0127,% (w/w),N,N,N 2目少量,N,N,N,N,N 少量,,
PSM-101-F,16655-82-6,3-hydroxycarbofuran,0.0127,% (w/w),N,N,N,N,N,N,N,N 少量,,
PSM-101-F,10265-92-6,methamidophos,0.0127,% (w/w),N,N,N 2目少量,N,N,N,N,N 少量,,
PSM-101-F,148-79-8,thiabendazole,0.0127,% (w/w),N,N,N,N,N,N,N,N 少量,,
PSM-101-F,1113-02-6,omethoate,0.0127,% (w/w),N,N,N 2目少量,N,N,N,N,N 少量,,
PSM-101-F,138261-41-3,imidacloprid,0.0127,% (w/w),N,N,N,N,N,N,N,N 少量,,
PSM-101-F,111988-49-9,thiacloprid,0.0127,% (w/w),N,N,N,N,N,N,N,N 少量,,
PSM-101-F,161050-58-4,methoxyfenozide,0.0127,% (w/w),N,N,N,N,N,N,N,N 少量,,
PSM-101-F,135410-20-7,acetamiprid,0.0127,% (w/w),N,N,N,N,N,N,N,N 少量,,
PSM-101-F,210880-92-5,clothianidin,0.0127,% (w/w),N,N,N,N,N,N,N,N 少量,,
PSM-101-F,168316-95-8,spinosad,0.0127,% (w/w),N,N,N,N,N,N,N,N 少量,,
PSM-101-F,116714-46-6,novaluron,0.0127,% (w/w),N,N,N,N,N,N,N,N 少量,,
PSM-101-F,500008-45-7,chlorantraniliprole,0.0127,% (w/w),N,N,N,N,N,N,N,N 少量,,
PSM-101-F,165252-70-0,dinotefuran,0.0127,% (w/w),N,N,N,N,N,N,N,N 少量,,
PSM-101-M,1975/5/8,acetonitrile,95-100,% (w/w),Y 4類，限值1%,N,N,N,N,N,N,N 少量,毒化物,毒化物+包裝
PSM-101-M,148477-71-8,spirodiclofen,0.0127,% (w/w),N,N,N,N,N,N,N,N 少量,,
PSM-101-M,24353-61-5,isocarbophos,0.0127,% (w/w),N,N,N,N,N,N,N,N 少量,,
PSM-101-M,94361-06-5,cyproconazole,0.0127,% (w/w),N,N,N,N,N,N,N,N 少量,,
PSM-101-M,87130-20-9,diethofencarb,0.0127,% (w/w),N,N,N,N,N,N,N,N 少量,,
PSM-101-M,119446-68-3,difenoconazole,0.0127,% (w/w),N,N,N,N,N,N,N,N 少量,,
PSM-101-M,110488-70-5,dimethomorph,0.0127,% (w/w),N,N,N,N,N,N,N,N 少量,,
PSM-101-M,161326-34-7,fenamidone,0.0127,% (w/w),N,N,N,N,N,N,N,N 少量,,
PSM-101-M,114369-43-6,fenbuconazole,0.0127,% (w/w),N,N,N,N,N,N,N,N 少量,,
PSM-101-M,107534-96-3,tebuconazole,0.0127,% (w/w),N,N,N,N,N,N,N,N 少量,,
PSM-101-M,563-12-2,ethion,0.0127,% (w/w),N,N,N 2目少量,N,N,N,N,N 少量,,
PSM-101-M,149877-41-8,bifenazate,0.0127,% (w/w),N,N,N,N,N,N,N,N 少量,,
PSM-101-M,1912-24-9,atrazine,0.0127,% (w/w),N,N,N,N,N,N,N,N 少量,,
PSM-101-M,62-73-7,dichlorvos,0.0127,% (w/w),N,N,N,N,N,N,N,N 少量,,
PSM-101-M,60168-88-9,fenarimol,0.0127,% (w/w),N,N,N,N,N,N,N,N 少量,,
PSM-101-M,41814-78-2,tricyclazole,0.0127,% (w/w),N,N,N 2目少量,N,N,N,N,N 少量,,
PSM-101-M,24017-47-8,triazophos,0.0127,% (w/w),N,N,N,N,N,N,N,N 少量,,
PSM-101-M,23103-98-2,pirimicarb,0.0127,% (w/w),N,N,N,N,N,N,N,N 少量,,
PSM-101-M,66246-88-6,penconazole,0.0127,% (w/w),N,N,N,N,N,N,N,N 少量,,
PSM-101-M,55219-65-3,triadimenol,0.0127,% (w/w),N,N,N,N,N,N,N,N 少量,,
PSM-101-M,153719-23-4,thiamethoxam,0.0127,% (w/w),N,N,N,N,N,N,N,N 少量,,
US-355-1,67-64-1,acetone,99.9622,% (w/w),N,N,N 2目少量,N,N 乙類，限值100%,N,N,N 少量,,
US-355-1,314-40-9,bromacil,0.0126,% (w/w),N,N,N,N,N,N,N,N 少量,,
US-355-1,101-21-3,chlorpropham,0.0126,% (w/w),N,N,N,N,N,N,N,N 少量,,
US-355-1,51218-45-2,metolachlor,0.0126,% (w/w),N,N,N,N,N,N,N,N 少量,,
PPM-680-1,110-54-3,hexanes,99.0288,% (w/w),N,N,N 2目少量,N,N,N,N,N 年用量無超過,,
PPM-680-1,309-00-2,aldrin,0.0607,% (w/w),"N 1,3類，限值1%",N,N,N,N,N,N,N 少量,,
PPM-680-1,72-54-8,"4,4'-DDD",0.0607,% (w/w),N,N,N,N,N,N,N,N 少量,,
PPM-680-1,72-55-9,"4,4'-DDE",0.0607,% (w/w),N,N,N,N,N,N,N,N 少量,,
PPM-680-1,50-29-3,"4,4'-DDT",0.0607,% (w/w),"N 1,3類，限值1%",N,N,N,N,N,N,N 少量,,
PPM-680-1,60-57-1,dieldrin,0.0607,% (w/w),"N 1,3類，限值1%",N,N,N,N,N,N,N 少量,,
PPM-680-1,959-98-8,endosulfan I,0.0607,% (w/w),"N 1,3類，限值1%",N,N,N,N,N,N,N 少量,,
PPM-680-1,33213-65-9,endosulfan II,0.0607,% (w/w),"N 1,3類，限值1%",N,N,N,N,N,N,N 少量,,
PPM-680-1,1031-07-8,endosulfan sulfate,0.0607,% (w/w),"N 1,3類，限值1%",N,N,N,N,N,N,N 少量,,
PPM-680-1,72-20-8,endrin,0.0607,% (w/w),"N 1,3類，限值1%",N,N,N,N,N,N,N 少量,,
PPM-680-1,7421-93-4,endrin aldehyde,0.0607,% (w/w),N,N,N,N,N,N,N,N 少量,,
PPM-680-1,76-44-8,heptachlor,0.0607,% (w/w),"N 1,3類，限值1%",N,N,N,N,N,N,N 少量,,
PPM-680-1,1024-57-3,heptachlor epoxide - isomer B,0.0607,% (w/w),N,N,N,N,N,N,N,N 少量,,
PPM-680-1,319-84-6,alpha-BHC (alpha-HCH),0.0607,% (w/w),"N 1,3類，限值1%",N,N,N,N,N,N,N 少量,,
PPM-680-1,319-85-7,beta-BHC (beta-HCH),0.0607,% (w/w),"N 1,3類，限值1%",N,N,N,N,N,N,N 少量,,
PPM-680-1,58-89-9,gamma-BHC (lindane),0.0607,% (w/w),"N 1,3類，限值1%",N,N,N,N,N,N,N 少量,,
PPM-680-1,319-86-8,delta-BHC (delta-HCH),0.0607,% (w/w),"N 1,3類，限值1%",N,N,N,N,N,N,N 少量,,
5190-8594,7440-22-4,Silver (Ag),0.001,%,N,N,N,N,N,N,N,N 少量,,
5190-8594,7429-90-5,Aluminum (Al),0.001,%,N,N,N,N,N,N,N,N 少量,,
5190-8594,7440-38-2,Arsenic (As),0.001,%,N,N,N 附錄一限值>1%,N,N,N,N,N 少量,,
5190-8594,10022-31-8,Barium nitrate,0.001,%,N,N,N,N,N,N,N,N 少量,,
5190-8594,7440-69-9,Bismuth,0.001,%,N,N,N,N,N,N,N,N 少量,,
5190-8594,471-34-1,Calcium carbonate,0.001,%,N,N,N,N,N,N,N,N 少量,,
5190-8594,7440-43-9,Cadmium (Cd),0.001,%,"N 2,3類，限值95%",N,N 2目少量,N,N,N,N,N 少量,,
5190-8594,7440-45-1,Cerium,0.001,%,N,N,N,N,N,N,N,N 少量,,
5190-8594,1308-87-8,Dysprosia,0.001,%,N,N,N,N,N,N,N,N 少量,,
5190-8594,12061-16-4,Erbia,0.001,%,N,N,N,N,N,N,N,N 少量,,
5190-8594,1308-96-9,Europia,0.001,%,N,N,N,N,N,N,N,N 少量,,
5190-8594,7440-55-3,Gallium,0.001,%,N,N,N 2目少量,N,N,N,N,N 少量,,
5190-8594,12064-62-9,Gadolinia,0.001,%,N,N,N,N,N,N,N,N 少量,,
5190-8594,12055-62-8,Holmium Oxide,0.001,%,N,N,N,N,N,N,N,N 少量,,
5190-8594,162525-16-8,Lanthana,0.001,%,N,N,N,N,N,Y,N,N,新化學物質,
5190-8594,12032-20-1,Cassiopeium Oxide,0.001,%,N,N,N,N,N,N,N,N 少量,,
5190-8594,7439-95-4,Magnesium (Mg),0.001,%,N,N,N 2目少量,N,N,N,N,N 少量,,
5190-8594,497-19-8,Sodium Carbonate,0.001,%,N,N,N,N,N,N,N,N 少量,,
5190-8594,1313-97-9,Neodymia,0.001,%,N,N,N,N,N,N,N,N 少量,,
5190-8594,7664-38-2,Phosphoric acid,0.001,%,N,N,N 2目少量,N,N,N,N,N 少量,,
5190-8594,7439-92-1,Lead,0.001,%,N,N,N 附錄一限值>1%,N,N,N,N,N 少量,,
5190-8594,12037-29-5,Praseodymium undecaoxide,0.001,%,N,N,N,N,N,N,N,N 少量,,
5190-8594,584-09-8,"Carbonic acid, dirubidium salt",0.001,%,N,N,N,N,N,N,N,N 少量,,
5190-8594,256652-08-1,Scandium oxide,0.001,%,N,N,N,N,N,Y,N,N,新化學物質,
5190-8594,7782-49-2,Selenium,0.001,%,N,N,N,N,N,N,N,N 少量,,
5190-8594,509148-61-2,Samaria,0.001,%,N,N,N,N,N,Y,N,N,新化學物質,
5190-8594,10042-76-9,Strontium nitrate,0.001,%,N,N,N 2目少量,N,N,N,N,N 少量,,
5190-8594,12037-01-3,Terbium oxide,0.001,%,N,N,N,N,N,N,N,N 少量,,
5190-8594,13823-29-5,Thorium tetranitrate,0.001,%,N,N,N,N,N,N,N,N 少量,,
5190-8594,7440-28-0,Thallium,0.001,%,N,N,N,N,N,N,N,N 少量,,
5190-8594,12036-44-1,oxo(oxothuliooxy)thulium,0.001,%,N,N,N,N,N,N,N,N 少量,,
5190-8594,1344-59-8,Triuranium octaoxide,0.001,%,N,N,N,N,N,Y,N,N,新化學物質,
5190-8594,1314-37-0,Ytterbium(III) oxide,0.001,%,N,N,N,N,N,N,N,N 少量,,
5190-8594,1314-36-9,Yttrium Oxide,0.001,%,N,N,N,N,N,N,N,N 少量,,
5190-8594,7647-01-0,Hydrochloric Acid (HCl),11.1,%,N,N,N 2目少量,N,N 乙類，限值100%,N,N,N 少量,,
5190-8594,7697-37-2,Nitric acid,6.7,%,N,N,N 2目少量,N,N,N,N,N 少量,,
5190-8594,7732-18-5,Deionized water,82.166,%,N,N,N,N,N,N,N,N 少量,,
5190-8595,7440-57-5,Gold,0.001,%,N,N,N,N,N,N,N,N 少量,,
5190-8595,10043-35-3,Boric Acid,0.001,%,N,N,N 1目，限值1%,N,N,N,N,N 少量,,
5190-8595,19049-40-2,Hexakis[μ-(acetato-O:O')]-μ4-oxotetraberyllium,0.001,%,N,N,N,N,N,N,N,N 少量,,
5190-8595,7440-48-4,Cobalt,0.001,%,N,N,N 2目少量,N,N,N,N,N 少量,,
5190-8595,7440-47-3,Chromium (Cr),0.001,%,N,N,N 2目少量,N,N,N,N,N 少量,,
5190-8595,7440-50-8,Copper (Cu),0.001,%,N,N,N,N,N,N,N,N 少量,,
5190-8595,7782-61-8,Ferric nitrate nonahydrate,0.001,%,N,N,N 2目少量,N,N,N,N,N 少量,,
5190-8595,7440-56-4,Germanium,0.001,%,N,N,N,N,N,N,N,N 少量,,
5190-8595,13759-17-6,Hafnyl chloride,0.001,%,N,N,N,N,N,N,N,N 少量,,
5190-8595,12645-45-3,Iridium muriate,0.001,%,N,N,N,N,N,Y,N,N,新化學物質,
5190-8595,7757-79-1,Potassium Nitrate,0.001,%,N,N,N 2目少量,N,N,N,N,N 年用量無超過,,
5190-8595,554-13-2,Lithium carbonate,0.001,%,N,N,N,N,N,N,N,N 少量,,
5190-8595,7439-96-5,Manganese (Mn),0.001,%,N,N,N,N,N,N,N,N 少量,,
5190-8595,7439-98-7,Molybdenum (Mo),0.001,%,N,N,N,N,N,N,N,N 少量,,
5190-8595,10026-12-7,Niobium chloride,0.001,%,N,N,N,N,N,N,N,N 少量,,
5190-8595,7440-02-0,Nickel (Ni),0.001,%,N,N,N 2目少量,N,N,N,N,N 少量,,
5190-8595,12125-08-5,Ammonium hexachloroosmate(IV),0.001,%,N,N,N,N,N,N,N,N 少量,,
5190-8595,7440/5/3,Palladium,0.001,%,N,N,N,N,N,N,N,N 少量,,
5190-8595,7440/6/4,Platinum,0.001,%,N,N,N,N,N,N,N,N 少量,,
5190-8595,7440-15-5,Rhenium,0.001,%,N,N,N,N,N,N,N,N 少量,,
5190-8595,10049-07-7,Rhodium trichloride,0.001,%,N,N,N,N,N,N,N,N 少量,,
5190-8595,10049-08-8,Ruthenium trichloride,0.001,%,N,N,N,N,N,N,N,N 少量,,
5190-8595,7440-36-0,Antimony,0.001,%,N,N,N,N,N,N,N,N 少量,,
5190-8595,16919-19-0,Ammonium hexafluorosilicate,0.001,%,N,N,N,N,N,N,N,N 少量,,
5190-8595,7440-31-5,Tin,0.001,%,N,N,N,N,N,N,N,N 少量,,
5190-8595,7721/1/9,Pentachlorotantalum,0.001,%,N,N,N,N,N,N,N,N 少量,,
5190-8595,13494-80-9,Tellurium,0.001,%,N,N,N,N,N,N,N,N 少量,,
5190-8595,7440-32-6,Titanium (Ti),0.001,%,N,N,N,N,N,N,N,N 少量,,
5190-8595,1314-62-1,Divanadium pentaoxide,0.001,%,N,N,N 2目少量,N,N,N,N,N 少量,,
5190-8595,7440-33-7,Tungsten,0.001,%,N,N,N,N,N,N,N,N 少量,,
5190-8595,7440-66-6,Zinc (Zn),0.001,%,N,N,N 2目少量,N,N,N,N,N 少量,,
5190-8595,7699-43-6,Zirconium oxychloride,0.001,%,N,N,N,N,N,N,N,N 少量,,
5190-8595,7664-39-3,Hydrofluoric Acid (HF),0.48,%,N,N 限值0.1-10%,N 2目少量,N,N,N,N,N 少量,,關注+包裝
5190-8595,7647-01-0,Hydrochloric Acid (HCl),11.1,%,N,N,N 2目少量,N,N 乙類，限值100%,N,N,N 少量,,
5190-8595,7697-37-2,Nitric acid,6.7,%,N,N,N 2目少量,N,N,N,N,N 少量,,
5190-8595,7732-18-5,Deionized water,81.688,%,N,N,N,N,N,N,N,N 少量,,
5190-8451,16919-19-0,Ammonium hexafluorosilicate,0.96,%,N,N,N,N,N,N,N,N 少量,,
5190-8451,7732-18-5,Deionized water,99.04,%,N,N,N,N,N,N,N,N 少量,,
IAA-220,7732-18-5,water,97.7712,% (w/w),N,N,N,N,N,N,N,N 少量,,
IAA-220,7697-37-2,NITRIC ACID,1.979,% (w/w),N,N,N 2目少量,N,N,N,N,N 少量,,
IAA-220,471-34-1,calcium carbonate,0.2498,% (w/w),N,N,N,N,N,N,N,N 少量,,
5190-8354,7440-36-0,Antimony,1,%,N,N,N,N,N,N,N,N 少量,,
5190-8354,87-69-4,l-Tartaric acid,6,%,N,N,N,N,N,N,N,N 少量,,
5190-8354,7697-37-2,Nitric acid,0.67,%,N,N,N 2目少量,N,N,N,N,N 少量,,
5190-8354,7732-18-5,Deionized water,92.33,%,N,N,N,N,N,N,N,N 少量,,
5190-8368,471-34-1,Calcium carbonate,0.97,%,N,N,N,N,N,N,N,N 少量,,
5190-8368,7697-37-2,Nitric acid,5,%,N,N,N 2目少量,N,N,N,N,N 少量,,
5190-8368,7732-18-5,Deionized water,94.03,%,N,N,N,N,N,N,N,N 少量,,
8500-6936,7440-69-9,Bismuth,0.001,%,N,N,N,N,N,N,N,N 少量,,
8500-6936,7697-37-2,Nitric acid,2,%,N,N,N 2目少量,N,N,N,N,N 少量,,
8500-6936,7732-18-5,Deionized water,97.999,%,N,N,N,N,N,N,N,N 少量,,
5062-8572,7601-54-9,Sodium Phosphate,0.82,%,N,N,N 2目少量,N,N,N,N,N 少量,,
5062-8572,7732-18-5,Deionized water,99.18,%,N,N,N,N,N,N,N,N 少量,,
8500-6948,13494-80-9,Tellurium,0.001,%,N,N,N,N,N,N,N,N 少量,,
8500-6948,7439-88-5,Iridium,0.001,%,N,N,N,N,N,N,N,N 少量,,
8500-6948,7440/5/3,Palladium,0.001,%,N,N,N,N,N,N,N,N 少量,,
8500-6948,7440/6/4,Platinum,0.001,%,N,N,N,N,N,N,N,N 少量,,
8500-6948,7440-16-6,Rhodium (Rh),0.001,%,N,N,N,N,N,N,N,N 少量,,
8500-6948,7440-18-8,Ruthenium,0.001,%,N,N,N,N,N,N,N,N 少量,,
8500-6948,7440-31-5,Tin,0.001,%,N,N,N,N,N,N,N,N 少量,,
8500-6948,7440-36-0,Antimony,0.001,%,N,N,N,N,N,N,N,N 少量,,
8500-6948,7440-57-5,Gold,0.001,%,N,N,N,N,N,N,N,N 少量,,
8500-6948,7440-58-6,Hafnium,0.001,%,N,N,N,N,N,N,N,N 少量,,
8500-6948,7647-01-0,Hydrochloric Acid (HCl),10,%,N,N,N 2目少量,N,N 乙類，限值100%,N,N,N 少量,,
8500-6948,7732-18-5,Deionized water,88.99,%,N,N,N,N,N,N,N,N 少量,,
8500-6948,7697-37-2,Nitric acid,1,%,N,N,N 2目少量,N,N,N,N,N 少量,,
IST-630-1,67-64-1,acetone,99.8736,% (w/w),N,N,N 2目少量,N,N 乙類，限值100%,N,N,N 少量,,
IST-630-1,121-73-3,1-chloro-3-nitrobenzene,0.1264,% (w/w),N,N,N,N,N,N,N,N 少量,,
PB20,7783-20-2,ammonium sulphate,60,%,N,N,N,N,N,N,N,N 少量,,
PB20,7732-18-5,"water, distilled, conductivity or of similar purity",31.778,%,N,N,N,N,N,N,N,N 少量,,
PB20,7758/11/4,dipotassium hydrogenorthophosphate,5.35,%,N,N,N,N,N,N,N,N 少量,,
PB20,7778-77-0,potassium dihydrogenorthophosphate,2.62,%,N,N,N,N,N,N,N,N 少量,,
PB20,775,Allophycocyanin,0.22,%,N,N,N,N,N,Y,N,N,新化學物質,
PB20,26628-22-8,sodium azide,0.032,%,N,N 限值95%,N,N,N,N,N,N 少量,,
PJ25C,7732-18-5,"water, distilled, conductivity or of similar purity",97.8715,%,N,N,N,N,N,N,N,N 少量,,
PJ25C,145224-94-8,2-Morpholinoethanesulphonic acid,1.07,%,N,N,N,N,N,N,N,N 少量,,
PJ25C,775,Allophycocyanin,1,%,N,N,N,N,N,Y,N,N,新化學物質,
PJ25C,60-00-4,edetic acid,0.0584,%,N,N,N,N,N,N,N,N 少量,,
PJ25C,87-86-5,pentachlorophenol,0.0001,%,"N 1,3類，限值0.01%",N,N,N 限值1%(沒有超過1%),N,N,N,N 少量,,
QCI-701,7732-18-5,water,89.1393,% (w/w),N,N,N,N,N,N,N,N 少量,,
QCI-701,7697-37-2,NITRIC ACID,4.95,% (w/w),N,N,N 2目少量,N,N,N,N,N 少量,,
QCI-701,471-34-1,calcium carbonate,4.4955,% (w/w),N,N,N,N,N,N,N,N 少量,,
QCI-701,7784-27-2,aluminum nitrate nonahydrate,0.2817,% (w/w),N,N,N,N,N,N,N,N 少量,,
QCI-701,7782-61-8,iron (III) nitrate nonahydrate,0.2609,% (w/w),N,N,N 2目少量,N,N,N,N,N 少量,,
QCI-701,87-69-4,TARTARIC ACID L(+),0.2,% (w/w),N,N,N,N,N,N,N,N 少量,,
QCI-701,10196-18-6,zinc nitrate hexahydrate,0.1667,% (w/w),N,N,N,N,N,N,N,N 少量,,
QCI-701,3251-23-8,copper (II) nitrate,0.155,% (w/w),N,N,N 2目少量,N,N,N,N,N 少量,,
QCI-701,10022-31-8,barium nitrate,0.1143,% (w/w),N,N,N,N,N,N,N,N 少量,,
QCI-701,10377-66-9,manganese (II) nitrate,0.0895,% (w/w),N,N,N,N,N,N,N,N 少量,,
QCI-701,13478-00-7,nickel (II) nitrate hexahydrate,0.0505,% (w/w),N,N,N 1目，限值1%,N,N,N,N,N 少量,,
QCI-701,543-81-7,beryllium acetate,0.0449,% (w/w),N,N,N,N,N,Y,N,N,新化學物質,
QCI-701,7789/2/8,chromium (III) nitrate nonahydrate,0.031,% (w/w),N,N,N,N,N,N,N,N 少量,,
QCI-701,7761-88-8,silver nitrate,0.0094,% (w/w),N,N,N 2目少量,N,N,N,N,N 少量,,
QCI-701,10099-74-8,lead (II) nitrate,0.0032,% (w/w),N,N,N 附錄一限值>1%,N,N,N,N,N 少量,,
QCI-701,7446/8/4,selenium (IV) oxide,0.0028,% (w/w),N,N,N,N,N,N,N,N 少量,,
QCI-701,10022-68-1,cadmium nitrate tetrahydrate,0.0027,% (w/w),N,N,N,N,N,N,N,N 少量,,
QCI-701,1327-53-3,arsenic (III) oxide,0.0013,% (w/w),"N 1,2,3類，限值1%",N,N 1目，限值1%,N,N,N,N,N 少量,,
QCI-701,7440-36-0,antimony,0.001,% (w/w),N,N,N,N,N,N,N,N 少量,,
QCI-701,10102-45-1,thallium (I) nitrate,0.0003,% (w/w),N,N,N,N,N,N,N,N 少量,,
QCI-701,7732-18-5,water,98.0183,% (w/w),N,N,N,N,N,N,N,N 少量,,
QCI-701,7697-37-2,NITRIC ACID,1.98,% (w/w),N,N,N 2目少量,N,N,N,N,N 少量,,
QCI-701,7783-34-8,mercuric nitrate monohydrate,0.0017,% (w/w),N,N,N 1目，限值1%,N,N,N,N,N 少量,,
QCI-745,7732-18-5,water,97.0544,% (w/w),N,N,N,N,N,N,N,N 少量,,
QCI-745,7757-79-1,potassium nitrate,1.805,% (w/w),N,N,N 2目少量,N,N,N,N,N 年用量無超過,,
QCI-745,12125-02-9,ammonium chloride,0.7636,% (w/w),N,N,N,N,N,N,N,N 少量,,
QCI-745,7778-53-2,potassium orthophosphate,0.377,% (w/w),N,N,N 2目少量,N,N,N,N,N 少量,,
QCI-745,7732-18-5,water,97.427,% (w/w),N,N,N,N,N,N,N,N 少量,,
QCI-745,56-40-6,Glycine,1.8757,% (w/w),N,N,N,N,N,N,N,N 少量,,
QCI-745,819-83-0,disodium b-glycerophosphate,0.6973,% (w/w),N,N,N,N,N,N,N,N 少量,,
QCI-706A,7732-18-5,water,94.6668,% (w/w),N,N,N,N,N,N,N,N 少量,,
QCI-706A,7697-37-2,NITRIC ACID,4.95,% (w/w),N,N,N 2目少量,N,N,N,N,N 少量,,
QCI-706A,87-69-4,TARTARIC ACID L(+),0.2,% (w/w),N,N,N,N,N,N,N,N 少量,,
QCI-706A,10022-31-8,barium nitrate,0.0571,% (w/w),N,N,N,N,N,N,N,N 少量,,
QCI-706A,3251-23-8,copper (II) nitrate,0.0775,% (w/w),N,N,N 2目少量,N,N,N,N,N 少量,,
QCI-706A,13478-00-7,nickel (II) nitrate hexahydrate,0.0252,% (w/w),N,N,N 1目，限值1%,N,N,N,N,N 少量,,
QCI-706A,7789/2/8,chromium (III) nitrate nonahydrate,0.0155,% (w/w),N,N,N,N,N,N,N,N 少量,,
QCI-706A,10099-74-8,lead (II) nitrate,0.0016,% (w/w),N,N,N 附錄一限值>1%,N,N,N,N,N 少量,,
QCI-706A,7446/8/4,selenium (IV) oxide,0.0014,% (w/w),N,N,N,N,N,N,N,N 少量,,
QCI-706A,7440-36-0,"antimony, soluble compounds as Sb",0.0005,% (w/w),N,N,N,N,N,N,N,N 少量,,
QCI-706A,10022-68-1,cadmium nitrate tetrahydrate,0.0014,% (w/w),N,N,N,N,N,N,N,N 少量,,
QCI-706A,1327-53-3,arsenic (III) oxide,0.0007,% (w/w),"N 1,2,3類，限值1%",N,N 1目，限值1%,N,N,N,N,N 少量,,
QCI-706A,543-81-7,beryllium acetate,0.0022,% (w/w),N,N,N,N,N,Y,N,N,新化學物質,
QCI-706A,10102-45-1,thallium (I) nitrate,0.0001,% (w/w),N,N,N,N,N,N,N,N 少量,,
QCI-706C,7732-18-5,water,80.2186,% (w/w),N,N,N,N,N,N,N,N 少量,,
QCI-706C,7697-37-2,NITRIC ACID,19.78,% (w/w),N,N,N 2目少量,N,N,N,N,N 少量,,
QCI-706C,115-09-3,methylmercuric chloride,0.0006,% (w/w),N,N,N,N,N,N,N,N 少量,,
QCI-706C,7783-34-8,mercuric nitrate monohydrate,0.0008,% (w/w),N,N,N 1目，限值1%,N,N,N,N,N 少量,,
QCI-706B,7732-18-5,water,94.8044,% (w/w),N,N,N,N,N,N,N,N 少量,,
QCI-706B,7697-37-2,NITRIC ACID,4.95,% (w/w),N,N,N 2目少量,N,N,N,N,N 少量,,
QCI-706B,10043-35-3,ORTHOBORIC ACID,0.1156,% (w/w),N,N,N 1目，限值1%,N,N,N,N,N 少量,,
QCI-706B,10196-18-6,zinc nitrate hexahydrate,0.0833,% (w/w),N,N,N,N,N,N,N,N 少量,,
QCI-706B,10377-66-9,manganese (II) nitrate,0.0448,% (w/w),N,N,N,N,N,N,N,N 少量,,
QCI-706B,1313-27-5,molybdenum (VI) oxide,0.0019,% (w/w),N,N,N,N,N,N,N,N 少量,,
QCI-710,7732-18-5,water,99.9442,% (w/w),N,N,N,N,N,N,N,N 少量,,
QCI-710,1303-96-4,SODIUM TETRABORATE,0.0363,% (w/w),N,N,N 1目，限值1%,N,N,N,N,N 少量,,
QCI-710,7778-80-5,Potassium Sulfate,0.0088,% (w/w),N,N,N,N,N,N,N,N 少量,,
QCI-710,7647-14-5,sodium chloride,0.0063,% (w/w),N,N,N,N,N,N,N,N 少量,,
QCI-710,7631-99-4,sodium nitrate,0.0038,% (w/w),N,N,N 2目少量,N,N,N,N,N 少量,,
QCI-710,7681-49-4,sodium fluoride,0.0006,% (w/w),N,N,N 2目少量,N,N,N,N,N 年用量無超過,,
QCI-713,7732-18-5,water,99.2972,% (w/w),N,N,N,N,N,N,N,N 少量,,
QCI-713,7778-77-0,POTASSIUM DIHYDROGEN PHOSPHATE,0.6804,% (w/w),N,N,N,N,N,N,N,N 少量,,
QCI-713,1310-73-2,sodium hydroxide,0.0224,% (w/w),N,N,N 2目少量,N,N,N,N,N 少量,,
QCI-720,7732-18-5,water,99.488,% (w/w),N,N,N,N,N,N,N,N 少量,,
QCI-720,7697-37-2,NITRIC ACID,0.495,% (w/w),N,N,N 2目少量,N,N,N,N,N 少量,,
QCI-720,471-34-1,calcium carbonate,0.014,% (w/w),N,N,N,N,N,N,N,N 少量,,
QCI-720,39409-82-0,magnesium carbonate basic,0.003,% (w/w),N,N,N,N,N,N,N,N 少量,,
QCI-736,7732-18-5,water,99.3,% (w/w),N,N,N,N,N,N,N,N 少量,,
QCI-736,56-86-0,L-glutamic acid,0.35,% (w/w),N,N,N,N,N,N,N,N 少量,,
QCI-736,50-99-7,D-glucose,0.35,% (w/w),N,N,N,N,N,N,N,N 少量,,
QCI-751,7732-18-5,water,99.97,% (w/w),N,N,N,N,N,N,N,N 少量,,
QCI-751,7632-00-0,sodium nitrite,0.03,% (w/w),N,N,N 2目少量,N,N,N,N,N 少量,,
QCI-790,7732-18-5,water,99.945,% (w/w),N,N,N,N,N,N,N,N 少量,,
QCI-790,100-97-0,Hexamethylenetetramine,0.05,% (w/w),N,N,N 2目少量,N,N,N,N,N 年用量無超過,,
QCI-790,10034-93-2,Hydrazine sulfate,0.005,% (w/w),N,N,N 2目少量,N,N,N,N,N 少量,,
PL2013-8005,9003-53-6,Polystyrene,100,% (w/w),N,N,N,N,N,N,N,N 少量,,
PL2013-8010,9003-53-6,Polystyrene,100,% (w/w),N,N,N,N,N,N,N,N 少量,,
PL2012-4001,9003-53-6,Polystyrene,100,% (w/w),N,N,N,N,N,N,N,N 少量,,
PL2010-0505,9003-53-6,Polystyrene,100,% (w/w),N,N,N,N,N,N,N,N 少量,,
PL2013-1001 ,9003-53-6,Polystyrene,100,% (w/w),N,N,N,N,N,N,N,N 少量,,
PL2012-7001,9003-53-6,"Styrene, oligomers (Beads, expandable)",100,%,N,N,N,N,N,N,N,N 少量,,
PL2012-6001,9003-53-6,"Styrene, oligomers (Beads, expandable)",100,%,N,N,N,N,N,N,N,N 少量,,
PL2012-1001,1077-16-3,1-PHENYLHEXANE,100,%,N,N,N,N,N,N,N,N 少量,,
PL2013-1001,9003-53-6,"Styrene, oligomers (Beads, expandable)",100,%,N,N,N,N,N,N,N,N 少量,,
US-113N-1,1975/9/2,METHYLENE DICHLORIDE,95-100,% (w/w),Y 4類，限值25%,N,N 2目少量,N,N,N,N,N 少量,毒化物,毒化物+包裝
US-113N-1,621-64-7,N-nitrosodi-n-propylamine,0.1508,% (w/w),N,N,N,N,N,N,N,N 少量,,
US-113N-1,59-89-2,N-nitrosomorpholine (4-nitrosomorpholine),0.1508,% (w/w),N,N,N,N,N,N,N,N 少量,,
US-113N-1,10595-95-6,N-Nitrosomethylethylamine,0.1508,% (w/w),N,N,N,N,N,N,N,N 少量,,
US-113N-1,930-55-2,N-nitrosopyrrolidine (1-nitrosopyrrolidine),0.1508,% (w/w),N,N,N,N,N,N,N,N 少量,,
US-113N-1,924-16-3,N-nitrosodi-n-butylamine,0.1508,% (w/w),N,N,N,N,N,N,N,N 少量,,
US-113N-1,55-18-5,N-nitrosodiethylamine,0.1508,% (w/w),N 2類，限值1%,N,N,N,N,N,N,N 少量,,
US-113N-1,62-75-9,N-nitrosodimethylamine,0.1508,% (w/w),N 2類，限值1%,N,N,N,N,N,N,N 少量,,
US-113N-1,86-30-6,N-nitrosodiphenylamine,0.1508,% (w/w),N,N,N,N,N,N,N,N 少量,,
US-113N-1,100-75-4,N-nitrosopiperidine (1-nitrosopiperidine),0.1508,% (w/w),N,N,N,N,N,N,N,N 少量,,
PL2070-0201,25322-68-3,Poly(ethylene glycol),100,% (w/w),N,N,N,N,N,N,N,N 少量,,
PL2071-1001,25322-68-3,Poly(ethylene glycol),100,% (w/w),N,N,N,N,N,N,N,N 少量,,
PL2070-0100,25322-68-3,Poly(ethylene glycol),100,% (w/w),N,N,N,N,N,N,N,N 少量,,
EPA-1151-1,67-56-1,methanol,99.3679,% (w/w),N,N,N 2目少量,N,N,N,N,N 少量,,
EPA-1151-1,82-68-8,pentachloronitrobenzene,0.6321,% (w/w),N 1類，限值1%,N,N,N,N,N,N,N 少量,,
US-102BN-1,108-88-3,toluene,47.9032,% (w/w),N,N,N 2目少量,N,N 乙類，限值100%,N,N,N 年用量無超過,,
US-102BN-1,110-54-3,n-hexane,47.9032,% (w/w),N,N,N 2目少量,N,N,N,N,N 年用量無超過,,
US-102BN-1,50-29-3,"4,4'-DDT",0.2621,% (w/w),"N 1,3類，限值1%",N,N,N,N,N,N,N 少量,,
US-102BN-1,72-55-9,"4,4'-DDE",0.2621,% (w/w),N,N,N,N,N,N,N,N 少量,,
US-102BN-1,60-57-1,dieldrin,0.2621,% (w/w),"N 1,3類，限值1%",N,N,N,N,N,N,N 少量,,
US-102BN-1,72-20-8,endrin,0.2621,% (w/w),"N 1,3類，限值1%",N,N,N,N,N,N,N 少量,,
US-102BN-1,959-98-8,endosulfan I,0.2621,% (w/w),"N 1,3類，限值1%",N,N,N,N,N,N,N 少量,,
US-102BN-1,33213-65-9,endosulfan II,0.2621,% (w/w),"N 1,3類，限值1%",N,N,N,N,N,N,N 少量,,
US-102BN-1,1031-07-8,endosulfan sulfate,0.2621,% (w/w),"N 1,3類，限值1%",N,N,N,N,N,N,N 少量,,
US-102BN-1,7421-93-4,endrin aldehyde,0.2621,% (w/w),N,N,N,N,N,N,N,N 少量,,
US-102BN-1,76-44-8,heptachlor,0.2621,% (w/w),"N 1,3類，限值1%",N,N,N,N,N,N,N 少量,,
US-102BN-1,319-84-6,"(1alpha,2alpha,3ß,4alpha,5ß,6ß)-1,2,3,4,5,6-hexachlorocyclohexane",0.2621,% (w/w),"N 1,3類，限值1%",N,N,N,N,N,N,N 少量,,
US-102BN-1,1024-57-3,heptachlor epoxide - isomer B,0.2621,% (w/w),N,N,N,N,N,N,N,N 少量,,
US-102BN-1,319-85-7,beta-BHC (beta-HCH),0.2621,% (w/w),"N 1,3類，限值1%",N,N,N,N,N,N,N 少量,,
US-102BN-1,319-86-8,delta-BHC (delta-HCH),0.2621,% (w/w),"N 1,3類，限值1%",N,N,N,N,N,N,N 少量,,
US-102BN-1,58-89-9,gamma-BHC (lindane),0.2621,% (w/w),"N 1,3類，限值1%",N,N,N,N,N,N,N 少量,,
US-102BN-1,309-00-2,aldrin,0.2621,% (w/w),"N 1,3類，限值1%",N,N,N,N,N,N,N 少量,,
US-102BN-1,72-54-8,"4,4'-DDD",0.2621,% (w/w),N,N,N,N,N,N,N,N 少量,,
PPM-608B-1,67-56-1,methanol,99.96,% (w/w),N,N,N 2目少量,N,N,N,N,N 少量,,
PPM-608B-1,72-54-8,"4,4'-DDD",0.0025,% (w/w),N,N,N,N,N,N,N,N 少量,,
PPM-608B-1,50-29-3,"4,4'-DDT",0.0025,% (w/w),"N 1,3類，限值1%",N,N,N,N,N,N,N 少量,,
PPM-608B-1,72-55-9,"4,4'-DDE",0.0025,% (w/w),N,N,N,N,N,N,N,N 少量,,
PPM-608B-1,60-57-1,dieldrin,0.0025,% (w/w),"N 1,3類，限值1%",N,N,N,N,N,N,N 少量,,
PPM-608B-1,72-20-8,endrin,0.0025,% (w/w),"N 1,3類，限值1%",N,N,N,N,N,N,N 少量,,
PPM-608B-1,959-98-8,endosulfan I,0.0025,% (w/w),"N 1,3類，限值1%",N,N,N,N,N,N,N 少量,,
PPM-608B-1,33213-65-9,endosulfan II,0.0025,% (w/w),"N 1,3類，限值1%",N,N,N,N,N,N,N 少量,,
PPM-608B-1,1031-07-8,endosulfan sulfate,0.0025,% (w/w),"N 1,3類，限值1%",N,N,N,N,N,N,N 少量,,
PPM-608B-1,7421-93-4,endrin aldehyde,0.0025,% (w/w),N,N,N,N,N,N,N,N 少量,,
PPM-608B-1,76-44-8,heptachlor,0.0025,% (w/w),"N 1,3類，限值1%",N,N,N,N,N,N,N 少量,,
PPM-608B-1,1024-57-3,heptachlor epoxide - isomer B,0.0025,% (w/w),N,N,N,N,N,N,N,N 少量,,
PPM-608B-1,319-85-7,beta-BHC (beta-HCH),0.0025,% (w/w),"N 1,3類，限值1%",N,N,N,N,N,N,N 少量,,
PPM-608B-1,319-86-8,delta-BHC (delta-HCH),0.0025,% (w/w),"N 1,3類，限值1%",N,N,N,N,N,N,N 少量,,
PPM-608B-1,58-89-9,gamma-BHC (lindane),0.0025,% (w/w),"N 1,3類，限值1%",N,N,N,N,N,N,N 少量,,
PPM-608B-1,309-00-2,aldrin,0.0025,% (w/w),"N 1,3類，限值1%",N,N,N,N,N,N,N 少量,,
PPM-608B-1,319-84-6,"(1alpha,2alpha,3ß,4alpha,5ß,6ß)-1,2,3,4,5,6-hexachlorocyclohexane",0.0025,% (w/w),"N 1,3類，限值1%",N,N,N,N,N,N,N 少量,,
PPM-665-1,108-88-3,toluene,56.5488,% (w/w),N,N,N 2目少量,N,N 乙類，限值100%,N,N,N 年用量無超過,,
PPM-665-1,110-54-3,n-hexane,43.032,% (w/w),N,N,N 2目少量,N,N,N,N,N 年用量無超過,,
PPM-665-1,309-00-2,aldrin,0.0262,% (w/w),"N 1,3類，限值1%",N,N,N,N,N,N,N 少量,,
PPM-665-1,72-54-8,"4,4'-DDD",0.0262,% (w/w),N,N,N,N,N,N,N,N 少量,,
PPM-665-1,72-55-9,"4,4'-DDE",0.0262,% (w/w),N,N,N,N,N,N,N,N 少量,,
PPM-665-1,50-29-3,"4,4'-DDT",0.0262,% (w/w),"N 1,3類，限值1%",N,N,N,N,N,N,N 少量,,
PPM-665-1,60-57-1,dieldrin,0.0262,% (w/w),"N 1,3類，限值1%",N,N,N,N,N,N,N 少量,,
PPM-665-1,959-98-8,endosulfan I,0.0262,% (w/w),"N 1,3類，限值1%",N,N,N,N,N,N,N 少量,,
PPM-665-1,33213-65-9,endosulfan II,0.0262,% (w/w),"N 1,3類，限值1%",N,N,N,N,N,N,N 少量,,
PPM-665-1,1031-07-8,endosulfan sulfate,0.0262,% (w/w),"N 1,3類，限值1%",N,N,N,N,N,N,N 少量,,
PPM-665-1,72-20-8,endrin,0.0262,% (w/w),"N 1,3類，限值1%",N,N,N,N,N,N,N 少量,,
PPM-665-1,7421-93-4,endrin aldehyde,0.0262,% (w/w),N,N,N,N,N,N,N,N 少量,,
PPM-665-1,76-44-8,heptachlor,0.0262,% (w/w),"N 1,3類，限值1%",N,N,N,N,N,N,N 少量,,
PPM-665-1,1024-57-3,heptachlor epoxide - isomer B,0.0262,% (w/w),N,N,N,N,N,N,N,N 少量,,
PPM-665-1,319-84-6,"(1alpha,2alpha,3ß,4alpha,5ß,6ß)-1,2,3,4,5,6-hexachlorocyclohexane",0.0262,% (w/w),"N 1,3類，限值1%",N,N,N,N,N,N,N 少量,,
PPM-665-1,319-85-7,beta-BHC (beta-HCH),0.0262,% (w/w),"N 1,3類，限值1%",N,N,N,N,N,N,N 少量,,
PPM-665-1,58-89-9,gamma-BHC (lindane),0.0262,% (w/w),"N 1,3類，限值1%",N,N,N,N,N,N,N 少量,,
PPM-665-1,319-86-8,delta-BHC (delta-HCH),0.0262,% (w/w),"N 1,3類，限值1%",N,N,N,N,N,N,N 少量,,
5184-3566,7439-93-2,Lithium,100000,PPB,N,N,N 2目少量,N,N,N,N,N 少量,,
5184-3566,7440-28-0,Thallium,100000,PPB,N,N,N,N,N,N,N,N 少量,,
5184-3566,7440-45-1,Cerium,100000,PPB,N,N,N,N,N,N,N,N 少量,,
5184-3566,7440-48-4,Cobalt,100000,PPB,N,N,N 2目少量,N,N,N,N,N 少量,,
5184-3566,7440-65-5,Yttrium,100000,PPB,N,N,N,N,N,N,N,N 少量,,
5184-3566,7697-37-2,Nitric acid,206.24,%,N,N,N 2目少量,N,N,N,N,N 少量,,
5184-3566,7732-18-5,Water,9793.76,%,N,N,N,N,N,N,N,N 少量,,
5188-5348,313-72-4,Octafluoronaphthalene,14000,PPB,N,N,N,N,N,N,N,N 少量,,
5188-5348,540-84-1,"2,2,4-trimethylpentane",100,%,N,N,N,N,N,N,N,N 少量,,
5190-8275,7440-47-3,Chromium,0.0999,%,N,N,N 2目少量,N,N,N,N,N 少量,,
5190-8275,7647-01-0,Hydrochloric acid,1.85,%,N,N,N 2目少量,N,N 乙類，限值100%,N,N,N 少量,,
5190-8275,7732-18-5,Water,98.0501,%,N,N,N,N,N,N,N,N 少量,,
5190-8287,7439-92-1,Lead,0.0987,%,N,N,N 附錄一限值>1%,N,N,N,N,N 少量,,
5190-8287,7697-37-2,Nitric acid,3.35,%,N,N,N 2目少量,N,N,N,N,N 少量,,
5190-8287,7732-18-5,Water,96.5513,%,N,N,N,N,N,N,N,N 少量,,
5190-0585,540-84-1,"2,2,4-trimethylpentane",9999.99,%,N,N,N,N,N,N,N,N 少量,,
5190-0585,313-72-4,Octafluoronaphthalene,"1,0000 PPB",,N,N,N,N,N,N,N,N 少量,,
5183-0379,540-84-1,"2,2,4-trimethylpentane",9999.99,,N,N,N,N,N,N,N,N 少量,,
5183-0379,313-72-4,Octafluoronaphthalene,"48,0000 PPB",,"N 1,3類，限值1%",N,N,N,N,N,N,N 少量,,
IAA-226,7732-18-5,water,97.2964,% (w/w),N,N,N,N,N,N,N,N 少量,,
IAA-226,7697-37-2,NITRIC ACID,1.98,% (w/w),N,N,N 2目少量,N,N,N,N,N 少量,,
IAA-226,7782-61-8,iron (III) nitrate nonahydrate,0.7236,% (w/w),N,N,N 2目少量,N,N,N,N,N 少量,,
IAA-229,7732-18-5,water,98.3048,% (w/w),N,N,N,N,N,N,N,N 少量,,
IAA-229,7697-37-2,NITRIC ACID,1.4,% (w/w),N,N,N 2目少量,N,N,N,N,N 少量,,
IAA-229,3251-23-8,copper (II) nitrate,0.2952,% (w/w),N,N,N 2目少量,N,N,N,N,N 少量,,
EPA-1008-1,67-56-1,methanol,99.3679,% (w/w),N,N,N 2目少量,N,N,N,N,N 少量,,
EPA-1008-1,78-93-3,methyl ethyl ketone,0.6321,% (w/w),N,N,N 2目少量,N,N 乙類，限值100%,N,N,N 少量,,
5190-0471,108-88-3,Toluene,90.798,%,N,N,N 2目少量,N,N 乙類，限值100%,N,N,N 年用量無超過,,
5190-0471,1095-90-5,Methadone hydrochloride,58000,PPM,N,N,N,N,N,N,N,N 少量,,
5190-0471,116261-63-3,"3,4-Methylenedioxyethylamphetamine hydrochloride",58000,PPM,N,N,N,N,N,Y,N,N,新化學物質,
5190-0471,122-09-8,Phentermine,58000,PPM,N,N,N,N,N,Y,N,N,新化學物質,
5190-0471,124-90-3,Oxycodone hydrochloride,58000,PPM,N,N,N,N,N,Y,N,N,新化學物質,
5190-0471,13673-99-9,"1,3-Benzodioxole-5-ethanamine, alpha-methyl-, hydrochloride, (+-)-",58000,PPM,N,N,N,N,N,Y,N,N,新化學物質,
5190-0471,143-71-5,Hydrocodone hydrogen tartrate,58000,PPM,N,N,N,N,N,Y,N,N,新化學物質,
5190-0471,146-22-5,Nitrazepam,58000,PPM,N,N,N,N,N,N,N,N 少量,,
5190-0471,152-11-4,Verapamil hydrochloride,58000,PPM,N,N,N,N,N,N,N,N 少量,,
5190-0471,1622-61-3,Clonazepam,58000,PPM,N,N,N,N,N,N,N,N 少量,,
5190-0471,1622-62-4,Flunitrazepam,"0,0006 ",PPM,N,N,N,N,N,N,N,N 少量,,
5190-0471,1972/8/3,Tetrahydrocannabinol (THC),58000,PPM,N,N,N,N,N,N,N,N 少量,,
5190-0471,28981-97-7,Alprazolam,58000,PPM,N,N,N,N,N,N,N,N 少量,,
5190-0471,439-14-5,Diazepam,58000,PPM,N,N,N,N,N,N,N,N 少量,,
5190-0471,50-13-5,Pethidine hydrochloride,58000,PPM,N,N,N,N,N,Y,N,N,新化學物質,
5190-0471,51-57-0,Methamphetamine hydrochloride,58000,PPM,N,N,N,N,N,N,N,N 少量,,
5190-0471,51-63-8,Dexamphetamine sulphate,58000,PPM,N,N,N,N,N,N,N,N 少量,,
5190-0471,53-21-4,Cocaine hydrochloride,58000,PPM,N,N,N,N,N,N,N,N 少量,,
5190-0471,1954/11/5,Nicotine (ISO),58000,PPM,N,N,N 2目少量,N,N,N,N,N 少量,,
5190-0471,561-27-3,"O,O'-Diacetylmorphine",58000,PPM,N,N,N,N,N,N,N,N 少量,,
5190-0471,57-24-9,Strychnine,58000,PPM,N,N,N,N,N,N,N,N 少量,,
5190-0471,604-75-1,Oxazepam,58000,PPM,N,N,N,N,N,N,N,N 少量,,
5190-0471,62-68-0,Skf 525-a,58000,PPM,N,N,N,N,N,N,N,N 少量,,
5190-0471,67-56-1,Methanol,4.5861,%,N,N,N 2目少量,N,N,N,N,N 少量,,
5190-0471,1975/5/8,Acetonitrile,1月5日,%,Y 4類，限值1%,N,N,N,N,N,N,N 少量,毒化物,毒化物+包裝
5190-0471,76-57-3,Codeine,58000,PPM,N,N,N,N,N,N,N,N 少量,,
5190-0471,846-49-1,Lorazepam,58000,PPM,N,N,N,N,N,N,N,N 少量,,
5190-0471,846-50-4,Temazepam,58000,PPM,N,N,N,N,N,Y,N,N,新化學物質,
5190-0471,92279-84-0,"3,4-Methylenedioxymethampetamineetamine hydrochloride",58000,PPM,N,N,N,N,N,Y,N,N,新化學物質,
5190-0471,956-90-1,1-(1-Phenylcyclohexyl)piperidine-hydrochloride,58000,PPM,N,N,N,N,N,Y,N,N,新化學物質,
5190-0471,19794-93-5,Trazodone Hydrochloride,58000,PPM,N,N,N,N,N,N,N,N 少量,,
5190-8304,7757-79-1,Potassium nitrate,0.1,%,N,N,N 2目少量,N,N,N,N,N 年用量無超過,,
5190-8304,7697-37-2,Nitric acid,4,%,N,N,N 2目少量,N,N,N,N,N 少量,,
5190-8304,7732-18-5,Water,95.9,%,N,N,N,N,N,N,N,N 少量,,
5190-9418,7440-22-4,Silver,0.01,%,N,N,N,N,N,N,N,N 少量,,
5190-9418,7784-27-2,"Aluminum(III) nitrate, nonahydrate (1:3:9)",0.01,%,N,N,N,N,N,N,N,N 少量,,
5190-9418,7440-38-2,Arsenic,0.01,%,N,N,N 附錄一限值>1%,N,N,N,N,N 少量,,
5190-9418,10043-35-3,Boric acid,0.01,%,N,N,N 1目，限值1%,N,N,N,N,N 少量,,
5190-9418,10022-31-8,Barium nitrate,0.01,%,N,N,N,N,N,N,N,N 少量,,
5190-9418,19049-40-2,Beryllium acetate,0.01,%,N,N,N,N,N,N,N,N 少量,,
5190-9418,471-34-1,Calcium carbonate,0.01,%,N,N,N,N,N,N,N,N 少量,,
5190-9418,7440-43-9,Cadmium,0.01,%,"N 2,3類，限值95%",N,N 2目少量,N,N,N,N,N 少量,,
5190-9418,7440-48-4,Cobalt,0.01,%,N,N,N 2目少量,N,N,N,N,N 少量,,
5190-9418,13548-38-4,chromium trinitrate,0.01,%,N,N,N 1目，限值1%,N,N,N,N,N 少量,,
5190-9418,7440-50-8,Copper,0.01,%,N,N,N,N,N,N,N,N 少量,,
5190-9418,7782-61-8,Iron(III) nitrate nonahydrate,0.01,%,N,N,N 2目少量,N,N,N,N,N 少量,,
5190-9418,7757-79-1,Potassium nitrate,0.01,%,N,N,N 2目少量,N,N,N,N,N 年用量無超過,,
5190-9418,7439-95-4,Magnesium,0.01,%,N,N,N 2目少量,N,N,N,N,N 少量,,
5190-9418,7439-96-5,Manganese,0.01,%,N,N,N,N,N,N,N,N 少量,,
5190-9418,7439-98-7,Molybdenum,0.01,%,N,N,N,N,N,N,N,N 少量,,
5190-9418,497-19-8,Sodium carbonate,0.01,%,N,N,N,N,N,N,N,N 少量,,
5190-9418,7440-02-0,Nickel,0.01,%,N,N,N 2目少量,N,N,N,N,N 少量,,
5190-9418,7439-92-1,Lead,0.01,%,N,N,N 附錄一限值>1%,N,N,N,N,N 少量,,
5190-9418,7440-36-0,Antimony,0.01,%,N,N,N,N,N,N,N,N 少量,,
5190-9418,7782-49-2,Selenium,0.01,%,N,N,N,N,N,N,N,N 少量,,
5190-9418,16919-19-0,Alkali fluorosilicates(NH4),0.01,%,N,N,N,N,N,N,N,N 少量,,
5190-9418,10042-76-9,Strontium nitrate,0.01,%,N,N,N 2目少量,N,N,N,N,N 少量,,
5190-9418,7440-32-6,Titanium,0.01,%,N,N,N,N,N,N,N,N 少量,,
5190-9418,7440-28-0,Thallium,0.01,%,N,N,N,N,N,N,N,N 少量,,
5190-9418,1314-62-1,Divanadium pentaoxide,0.01,%,N,N,N 2目少量,N,N,N,N,N 少量,,
5190-9418,7440-66-6,Zinc,0.01,%,N,N,N 2目少量,N,N,N,N,N 少量,,
5190-9418,7664-39-3,Hydrofluoric Acid,0.098,%,N,N 限值0.1-10%,N 2目少量,N,N,N,N,N 少量,,關注+包裝
5190-9418,7697-37-2,Nitric acid,3.35,%,N,N,N 2目少量,N,N,N,N,N 少量,,
5190-9418,7732-18-5,Water,96.282,%,N,N,N,N,N,N,N,N 少量,,
5184-3544,74-82-8,methane,99.05,%,N,N,N 2目少量,N,N,N,N,N 少量,,
5184-3544,7782-44-7,oxygen                                                                                                                              ,0.05,%,N,N,N 2目少量,N,N,N,N,N 少量,,
5184-3544,110-54-3,n-hexane                                                                                                                            ,0.05,%,N,N,N 2目少量,N,N,N,N,N 年用量無超過,,
5184-3544,142-82-5,heptane                                                                                                                             ,0.05,%,N,N,N,N,N,N,N,N 年用量無超過,,
5184-3544,7440-59-7,helium                                                                                                                              ,0.1,%,N,N,N,N,N,N,N,N 少量,,
5184-3544,74-84-0,ethane                                                                                                                              ,0.05,%,N,N,N 2目少量,N,N,N,N,N 少量,,
5184-3544,74-99-7,propyne                                                                                                                             ,0.05,%,N,N,N 2目少量,N,N,N,N,N 少量,,
5184-3544,7440/1/9,neon                                                                                                                                ,0.05,%,N,N,N,N,N,N,N,N 少量,,
5184-3544,106-97-8,butane                                                                                                                              ,0.05,%,N,N,N 2目少量,N,N,N,N,N 少量,,
5184-3544,124-38-9,carbon dioxide (Solid)                                                                                                              ,0.05,%,N,N,N,N,N,N,N,N 少量,,
5184-3544,74-98-6,propane                                                                                                                             ,0.05,%,N,N,N 2目少量,N,N,N,N,N 少量,,
5184-3544,1333-74-0,hydrogen                                                                                                                            ,0.1,%,N,N,N 2目少量,N,N,N,N,N 少量,,
5184-3544,74-85-1,ethylene                                                                                                                            ,0.05,%,N,N,N 2目少量,N,N,N,N,N 少量,,
5184-3544,7727-37-9,nitrogen                                                                                                                            ,0.1,%,N,N,N,N,N,N,N,N 少量,,
5184-3544,630-08-0,carbon monoxide                                                                                                                     ,0.1,%,N,N,N 1目，限值1%,N,N,N,N,N 少量,,
5184-3544,74-86-2,acetylene                                                                                                                           ,0.05,%,N,N,N 2目少量,N,N,N,N,N 少量,,
5184-3544,74-82-8,methane                                                                                                                             ,72.23,%,N,N,N 2目少量,N,N,N,N,N 少量,,
5184-3544,7727-37-9,nitrogen                                                                                                                            ,5.17,%,N,N,N,N,N,N,N,N 少量,,
5184-3544,110-54-3,n-hexane                                                                                                                            ,0.1,%,N,N,N 2目少量,N,N,N,N,N 年用量無超過,,
5184-3544,74-98-6,propane                                                                                                                             ,6,%,N,N,N 2目少量,N,N,N,N,N 少量,,
5184-3544,109-66-0,pentane                                                                                                                             ,0.5,%,N,N,N 2目少量,N,N,N,N,N 少量,,
5184-3544,124-38-9,carbon dioxide (Solid)                                                                                                              ,1.5,%,N,N,N,N,N,N,N,N 少量,,
5184-3544,74-84-0,ethane                                                                                                                              ,9,%,N,N,N 2目少量,N,N,N,N,N 少量,,
5184-3544,75-28-5,isobutane                                                                                                                           ,3,%,N,N,N 2目少量,N,N,N,N,N 少量,,
5184-3544,78-78-4,2-methylbutane                                                                                                                      ,0.5,%,N,N,N 2目少量,N,N,N,N,N 少量,,
5184-3544,106-97-8,butane                                                                                                                              ,2,%,N,N,N 2目少量,N,N,N,N,N 少量,,
RCP-021,95-50-1,"1,2-dichlorobenzene",100,% (w/w),Y 1類，限值1%,N,N 2目少量,N,N,N,N,N 少量,毒化物,毒化物+包裝
STS-110N-1,67-56-1,methanol,99.7472,% (w/w),N,N,N 2目少量,N,N,N,N,N 少量,,
STS-110N-1,460-00-4,1-bromo-4-fluorobenzene,0.2528,% (w/w),N,N,N,N,N,N,Y,N 少量,空汙申請,
STM-260N-1,67-56-1,methanol,99.6208,% (w/w),N,N,N 2目少量,N,N,N,N,N 少量,,
STM-260N-1,2037-26-5,toluene-d8,0.1264,% (w/w),N,N,N,N,N 乙類，限值100%,N,N,N 少量,,
STM-260N-1,460-00-4,1-bromo-4-fluorobenzene,0.1264,% (w/w),N,N,N,N,N,N,Y,N 少量,空汙申請,
STM-260N-1,17060-07-0,"1,2-dichloroethane-d4",0.1264,% (w/w),"N 同位素 4類 cas#107-06-2 (1,2-二氯乙烷)，限值15%",N,N 1目，限值1%,N,N,N,N,N 少量,,
5190-8285,7782-61-8,Iron(III) nitrate nonahydrate,0.1,%,N,N,N 2目少量,N,N,N,N,N 少量,,
5190-8285,7697-37-2,Nitric acid,4,%,N,N,N 2目少量,N,N,N,N,N 少量,,
5190-8285,7732-18-5,Water,95.9,%,N,N,N,N,N,N,N,N 少量,,
5190-8291,13446-18-9,Magnesium nitrate hexahydrate,0.1,%,N,N,N,N,N,N,N,N 少量,,
5190-8291,7697-37-2,Nitric acid,4,%,N,N,N 2目少量,N,N,N,N,N 少量,,
5190-8291,7732-18-5,Water,95.9,%,N,N,N,N,N,N,N,N 少量,,
5190-0482,110-82-7,Cyclohexane                                                                                                                         ,5月10日,%  ,Y 4類，限值1%,N,N 2目少量,N,N,N,N,N 少量,毒化物,毒化物+包裝
5190-0482,1985/1/8,phenanthrene                                                                                                                        ,0.49,%  ,N,N,N,N,N,N,N,N 少量,,
5190-0482,90-12-0,1-Methylnaphthalene                                                                                                                 ,4.87,%  ,N,N,N,N,N,N,N,N 少量,,
5190-0482,142-82-5,n-Heptane                                                                                                                           ,83.7,%  ,N,N,N,N,N,N,N,N 年用量無超過,,
5190-0482,95-47-6,o-xylene                                                                                                                            ,4.87,%  ,N,N,N 2目少量,N,N,N,N,N 少量,,
5190-0482,142-82-5,n-Heptane                                                                                                                           ,94.25,%  ,N,N,N,N,N,N,N,N 年用量無超過,,
5190-0482,95-47-6,o-xylene                                                                                                                            ,1.37,%  ,N,N,N 2目少量,N,N,N,N,N 少量,,
5190-0482,90-12-0,1-Methylnaphthalene                                                                                                                 ,1.37,%  ,N,N,N,N,N,N,N,N 少量,,
5190-0482,110-82-7,Cyclohexane                                                                                                                         ,1月5日,%  ,Y 4類，限值1%,N,N 2目少量,N,N,N,N,N 少量,毒化物,毒化物+包裝
5190-0482,1985/1/8,phenanthrene                                                                                                                        ,0.274,%  ,N,N,N,N,N,N,N,N 少量,,
5190-0482,142-82-5,n-Heptane                                                                                                                           ,98.5,%  ,N,N,N,N,N,N,N,N 年用量無超過,,
5190-0482,90-12-0,1-Methylnaphthalene                                                                                                                 ,0.36,%  ,N,N,N,N,N,N,N,N 少量,,
5190-0482,1985/1/8,phenanthrene                                                                                                                        ,0.07,%  ,N,N,N,N,N,N,N,N 少量,,
5190-0482,110-82-7,Cyclohexane                                                                                                                         ,0.72,%  ,N 4類，限值1%,N,N 2目少量,N,N,N,N,N 少量,,
5190-0482,95-47-6,o-xylene                                                                                                                            ,0.36,%  ,N,N,N 2目少量,N,N,N,N,N 少量,,
5190-0482,110-82-7,Cyclohexane                                                                                                                         ,0.1462,%  ,N 4類，限值1%,N,N 2目少量,N,N,N,N,N 少量,,
5190-0482,90-12-0,1-Methylnaphthalene                                                                                                                 ,0.0292,%  ,N,N,N,N,N,N,N,N 少量,,
5190-0482,95-47-6,o-xylene                                                                                                                            ,0.0731,%  ,N,N,N 2目少量,N,N,N,N,N 少量,,
5190-0482,1985/1/8,phenanthrene                                                                                                                        ,0.0146,%  ,N,N,N,N,N,N,N,N 少量,,
5190-0482,142-82-5,n-Heptane                                                                                                                           ,99.84,%  ,N,N,N,N,N,N,N,N 年用量無超過,,
05971-60571,311-89-7,Tris(Perfluorobutyl)amine,100,%,N,N,N,N,N,N,N,N 少量,,
PL2020-0101,9011-14-7,Poly(methyl methacrylate),100,%,N,N,N,N,N,N,N,N 少量,,
PL2023-4005,9011-14-7,Poly(methyl methacrylate),100,%,N,N,N,N,N,N,N,N 少量,,
PL2023-4010,9011-14-7,Poly(methyl methacrylate),100,%,N,N,N,N,N,N,N,N 少量,,
PL2023-5005,9011-14-7,Poly(methyl methacrylate),100,%,N,N,N,N,N,N,N,N 少量,,
PL2023-5010,9011-14-7,Poly(methyl methacrylate),100,%,N,N,N,N,N,N,N,N 少量,,
PL2022-6001,9011-14-7,Poly(methyl methacrylate),100,%,N,N,N,N,N,N,N,N 少量,,
PL2024-2001,9011-14-7,Poly(methyl methacrylate),100,%,N,N,N,N,N,N,N,N 少量,,
RD-32249-2.5L,108-88-3,toluene,99.7,% (w/w),N,N,N 2目少量,N,N 乙類，限值100%,N,N,N 年用量無超過,,
47995N-1,67-64-1,acetone,99.8736,% (w/w),N,N,N 2目少量,N,N 乙類，限值100%,N,N,N 少量,,
47995N-1,5074-71-5,decafluorotriphenylphosphine,0.1264,% (w/w),N,N,N,N,N,N,N,N 少量,,
8500-6940,7697-37-2,nitric acid                                                                                                                         ,5.151,%,N,N,N 2目少量,N,N,N,N,N 少量,,
8500-6940,7732-18-5,water                                                                                                                               ,94.848,%,N,N,N,N,N,N,N,N 少量,,
8500-6940,7439-97-6,mercury                                                                                                                             ,0.001,%,N 1類，限值95%,N,N 1目，限值1%,N,N,N,N,N 少量,,
8500-6940,7439-89-6,iron                                                                                                                                ,0.001,%,N,N,N,N,N,N,N,N 少量,,
8500-6940,7440-28-0,thallium                                                                                                                            ,0.001,%,N,N,N,N,N,N,N,N 少量,,
8500-6940,7440-47-3,chromium                                                                                                                            ,0.001,%,N,N,N 2目少量,N,N,N,N,N 少量,,
8500-6940,7440-50-8,copper                                                                                                                              ,0.001,%,N,N,N,N,N,N,N,N 少量,,
8500-6940,7440-55-3,gallium                                                                                                                             ,0.001,%,N,N,N 2目少量,N,N,N,N,N 少量,,
8500-6940,7440-48-4,cobalt                                                                                                                              ,0.001,%,N,N,N 2目少量,N,N,N,N,N 少量,,
8500-6940,7782-49-2,selenium                                                                                                                            ,0.001,%,N,N,N,N,N,N,N,N 少量,,
8500-6940,7440-24-6,strontium                                                                                                                           ,0.001,%,N,N,N,N,N,N,N,N 少量,,
8500-6940,7440-39-3,barium                                                                                                                              ,0.001,%,N,N,N,N,N,N,N,N 少量,,
8500-6940,7440-41-7,beryllium                                                                                                                           ,0.001,%,N 2類，限值95%,N,N,N 限值1%(沒有超過1%),N,N,N,N 少量,,
8500-6940,7440-61-1,uranium                                                                                                                             ,0.001,%,N,N,N,N,N,N,N,N 少量,,
8500-6940,7429-90-5,aluminium                                                                                                                           ,0.001,%,N,N,N,N,N,N,N,N 少量,,
8500-6940,7440-22-4,silver                                                                                                                              ,0.001,%,N,N,N,N,N,N,N,N 少量,,
8500-6940,7440-38-2,arsenic                                                                                                                             ,0.001,%,N,N,N 附錄一限值>1%,N,N,N,N,N 少量,,
8500-6940,7440-66-6,zinc                                                                                                                                ,0.001,%,N,N,N 2目少量,N,N,N,N,N 少量,,
8500-6940,7439-96-5,manganese                                                                                                                           ,0.001,%,N,N,N,N,N,N,N,N 少量,,
8500-6940,7440-17-7,rubidium                                                                                                                            ,0.001,%,N,N,N,N,N,N,N,N 少量,,
8500-6940,7440-23-5,sodium                                                                                                                              ,0.001,%,N,N,N 2目少量,N,N,N,N,N 少量,,
8500-6940,7440/9/7,potassium                                                                                                                           ,0.001,%,N,N,N 2目少量,N,N,N,N,N 少量,,
8500-6940,7440-46-2,caesium                                                                                                                             ,0.001,%,N,N,N,N,N,N,N,N 少量,,
8500-6940,7440-62-2,vanadium                                                                                                                            ,0.001,%,N,N,N,N,N,N,N,N 少量,,
8500-6940,7439-92-1,lead                                                                                                                                ,0.001,%,N,N,N 附錄一限值>1%,N,N,N,N,N 少量,,
8500-6940,7439-93-2,lithium                                                                                                                             ,0.001,%,N,N,N 2目少量,N,N,N,N,N 少量,,
8500-6940,7440-02-0,nickel                                                                                                                              ,0.001,%,N,N,N 2目少量,N,N,N,N,N 少量,,
8500-6940,7440-43-9,Cadmium                                                                                                                             ,0.001,%,"N 2,3類，限值95%",N,N 2目少量,N,N,N,N,N 少量,,
8500-6940,7440-70-2,calcium (Pyrophoric)                                                                                                                ,0.001,%,N,N,N 2目少量,N,N,N,N,N 少量,,
8500-6940,7697-37-2,nitric acid                                                                                                                         ,5.1496,%,N,N,N 2目少量,N,N,N,N,N 少量,,
8500-6940,7439-95-4,magnesium                                                                                                                           ,0.001,%,N,N,N 2目少量,N,N,N,N,N 少量,,
8500-6940,7732-18-5,water                                                                                                                               ,94.8234,%,N,N,N,N,N,N,N,N 少量,,
8500-6944,7429-91-6,Dysprosium,0.001,%,N,N,N,N,N,N,N,N 少量,,
8500-6944,7439-91-0,Lanthanum,0.001,%,N,N,N,N,N,N,N,N 少量,,
8500-6944,7439-94-3,Lutetium,0.001,%,N,N,N,N,N,N,N,N 少量,,
8500-6944,7440-00-8,Neodymium,0.001,%,N,N,N,N,N,N,N,N 少量,,
8500-6944,7440-10-0,Praseodymium,0.001,%,N,N,N,N,N,N,N,N 少量,,
8500-6944,7440-19-9,Samarium,0.001,%,N,N,N,N,N,N,N,N 少量,,
8500-6944,7440-20-2,Scandium,0.001,%,N,N,N,N,N,N,N,N 少量,,
8500-6944,7440-27-9,Terbium,0.001,%,N,N,N,N,N,N,N,N 少量,,
8500-6944,7440-29-1,Thorium,0.001,%,N,N,N,N,N,N,N,N 少量,,
8500-6944,7440-30-4,Thulium,0.001,%,N,N,N,N,N,N,N,N 少量,,
8500-6944,7440-45-1,Cerium,0.001,%,N,N,N,N,N,N,N,N 少量,,
8500-6944,7440-52-0,Erbium,0.001,%,N,N,N,N,N,N,N,N 少量,,
8500-6944,7440-53-1,Europium,0.001,%,N,N,N,N,N,N,N,N 少量,,
8500-6944,7440-54-2,Gadolinium,0.001,%,N,N,N,N,N,N,N,N 少量,,
8500-6944,7440-60-0,Holmium,0.001,%,N,N,N,N,N,N,N,N 少量,,
8500-6944,7440-64-4,Ytterbium,0.001,%,N,N,N,N,N,N,N,N 少量,,
8500-6944,7440-65-5,Yttrium,0.001,%,N,N,N,N,N,N,N,N 少量,,
8500-6944,7697-37-2,Nitric acid,5,%,N,N,N 2目少量,N,N,N,N,N 少量,,
8500-6944,7732-18-5,Water,94.983,%,N,N,N,N,N,N,N,N 少量,,
8500-6942,7440-33-7,Tungsten,0.001,%,N,N,N,N,N,N,N,N 少量,,
8500-6942,7440/3/1,Niobium,0.001,%,N,N,N,N,N,N,N,N 少量,,
8500-6942,7440-42-8,Boron,0.001,%,N,N,N,N,N,N,N,N 少量,,
8500-6942,7439-98-7,Molybdenum,0.001,%,N,N,N,N,N,N,N,N 少量,,
8500-6942,7440-15-5,Rhenium,0.001,%,N,N,N,N,N,N,N,N 少量,,
8500-6942,7440-67-7,Zirconium,0.001,%,N,N,N,N,N,N,N,N 少量,,
8500-6942,7440-21-3,Silicon,0.001,%,N,N,N,N,N,N,N,N 少量,,
8500-6942,7440-32-6,Titanium,0.001,%,N,N,N,N,N,N,N,N 少量,,
8500-6942,7440-56-4,Germanium,0.001,%,N,N,N,N,N,N,N,N 少量,,
8500-6942,7440-25-7,Tantalum,0.001,%,N,N,N,N,N,N,N,N 少量,,
8500-6942,7664-39-3,Hydrofluoric Acid,0.2,%,N,N 限值0.1-10%,N 2目少量,N,N,N,N,N 少量,,關注+包裝
8500-6942,7697-37-2,Nitric acid,<0.9,%,N,N,N 2目少量,N,N,N,N,N 少量,,
8500-6942,7723-14-0,Red phosphorus,0.001,%,N,N,N 1目，限值1%,N,N 甲類，限值100%,N,N,N 少量,,
8500-6942,7732-18-5,Water,98.888,%,N,N,N,N,N,N,N,N 少量,,
8500-6942,7704-34-9,Sulfur,0.001,%,N,N,N,N,N,N,N,N 少量,,
IBF-570-L,7732-18-5,water,99.8854,% (w/w),N,N,N,N,N,N,N,N 少量,,
IBF-570-L,7447-40-7,POTASSIUM CHLORIDE ANHYDROUS,0.0746,% (w/w),N,N,N,N,N,N,N,N 少量,,
IBF-570-L,89-83-8,thymol,0.04,% (w/w),N,N,N 2目少量,N,N,N,N,N 少量,,
IBF-580-L,7732-18-5,water,99.2145,% (w/w),N,N,N,N,N,N,N,N 少量,,
IBF-580-L,7447-40-7,POTASSIUM CHLORIDE ANHYDROUS,0.7455,% (w/w),N,N,N,N,N,N,N,N 少量,,
IBF-580-L,89-83-8,thymol,0.04,% (w/w),N,N,N 2目少量,N,N,N,N,N 少量,,
ICC-210,7732-18-5,water,99.6761,% (w/w),N,N,N,N,N,N,N,N 少量,,
ICC-210,7722-76-1,AMMONIUM BIPHOSPHATE,0.0727,% (w/w),N,N,N,N,N,N,N,N 少量,,
ICC-210,7778-80-5,Potassium Sulfate,0.0726,% (w/w),N,N,N,N,N,N,N,N 少量,,
ICC-210,7758/2/3,potassium bromide,0.0596,% (w/w),N,N,N,N,N,N,N,N 少量,,
ICC-210,7631-99-4,sodium nitrate,0.0548,% (w/w),N,N,N 2目少量,N,N,N,N,N 少量,,
ICC-210,7447-40-7,POTASSIUM CHLORIDE ANHYDROUS,0.0421,% (w/w),N,N,N,N,N,N,N,N 少量,,
ICC-210,7681-49-4,sodium fluoride,0.0221,% (w/w),N,N,N 2目少量,N,N,N,N,N 年用量無超過,,
ICC-330,7732-18-5,water,99.4499,% (w/w),N,N,N,N,N,N,N,N 少量,,
ICC-330,7697-37-2,NITRIC ACID,0.198,% (w/w),N,N,N 2目少量,N,N,N,N,N 少量,,
ICC-330,13446-18-9,magnesium nitrate hexahydrate,0.1055,% (w/w),N,N,N,N,N,N,N,N 少量,,
ICC-330,554-13-2,lithium carbonate,0.0532,% (w/w),N,N,N,N,N,N,N,N 少量,,
ICC-330,7631-99-4,sodium nitrate,0.037,% (w/w),N,N,N 2目少量,N,N,N,N,N 少量,,
ICC-330,10377-66-9,manganese (II) nitrate,0.0326,% (w/w),N,N,N,N,N,N,N,N 少量,,
ICC-330,12125-02-9,ammonium chloride,0.0297,% (w/w),N,N,N,N,N,N,N,N 少量,,
ICC-330,7757-79-1,potassium nitrate,0.0259,% (w/w),N,N,N 2目少量,N,N,N,N,N 年用量無超過,,
ICC-330,471-34-1,calcium carbonate,0.025,% (w/w),N,N,N,N,N,N,N,N 少量,,
ICC-330,10042-76-9,strontium nitrate,0.0242,% (w/w),N,N,N 2目少量,N,N,N,N,N 少量,,
ICC-330,10022-31-8,barium nitrate,0.019,% (w/w),N,N,N,N,N,N,N,N 少量,,
ICP-405,7732-18-5,water,99.4943,% (w/w),N,N,N,N,N,N,N,N 少量,,
ICP-405,1336-21-6,Ammonium hydroxide,0.5,% (w/w),N,N,N 2目少量,N,N,N,N,N 年用量無超過,,
ICP-405,10043-35-3,ORTHOBORIC ACID,0.0057,% (w/w),N,N,N 1目，限值1%,N,N,N,N,N 少量,,
ICP-480,7732-18-5,water,99.5033,% (w/w),N,N,N,N,N,N,N,N 少量,,
ICP-480,7697-37-2,NITRIC ACID,0.495,% (w/w),N,N,N 2目少量,N,N,N,N,N 少量,,
ICP-480,7783-34-8,mercuric nitrate monohydrate,0.0017,% (w/w),N,N,N 1目，限值1%,N,N,N,N,N 少量,,
5063-6597,9005-79-2,Glycogen,100,% (w/w),N,N,N,N,N,N,N,N 少量,,
PANAL0131,110-54-3,n-hexane,99.974,% (w/w),N,N,N 2目少量,N,N,N,N,N 年用量無超過,,
PANAL0131,309-00-2,aldrin,0.026,% (w/w),"N 1,3類，限值1%",N,N,N,N,N,N,N 少量,,
PANAL0095,110-54-3,n-hexane,99.9987,% (w/w),N,N,N 2目少量,N,N,N,N,N 年用量無超過,,
PANAL0095,309-00-2,aldrin,0.0013,% (w/w),"N 1,3類，限值1%",N,N,N,N,N,N,N 少量,,
PANAL0095,110-54-3,n-hexane,100,% (w/w),N,N,N 2目少量,N,N,N,N,N 年用量無超過,,
5182-9733,110-06-5,Di-tert-butyl disulphide,0.2535,%,N,N,N,N,N,N,N,N 少量,,
5182-9733,64-17-5,Ethanol,99.2395,%,N,N,N,N,N,N,N,N 少量,,
5182-9733,95-50-1,"1,2-Dichlorobenzene",0.2535,%,N 1類，限值1%,N,N 2目少量,N,N,N,N,N 少量,,
5182-9733,98-95-3,Nitrobenzene,0.2535,%,N 1類，限值10%,N,N,N,N,N,N,N 少量,,
PM-831-1,1975/5/8,acetonitrile,55-60,% (w/w),Y 4類，限值1%,N,N,N,N,N,N,N 少量,毒化物,毒化物+包裝
PM-831-1,67-64-1,acetone,29.6986,% (w/w),N,N,N 2目少量,N,N 乙類，限值100%,N,N,N 少量,,
PM-831-1,108-88-3,toluene,9.8995,% (w/w),N,N,N 2目少量,N,N 乙類，限值100%,N,N,N 年用量無超過,,
PM-831-1,86-73-7,fluorene,0.0628,% (w/w),N,N,N,N,N,N,N,N 少量,,
PM-831-1,120-12-7,anthracene,0.0628,% (w/w),N 1類，限值10%,N,N,N,N,N,N,N 少量,,
PM-831-1,1985/1/8,phenanthrene,0.0628,% (w/w),N,N,N,N,N,N,N,N 少量,,
PM-831-1,206-44-0,fluoranthene,0.0628,% (w/w),N,N,N,N,N,N,N,N 少量,,
PM-831-1,83-32-9,acenaphthene,0.0628,% (w/w),N,N,N,N,N,N,N,N 少量,,
PM-831-1,208-96-8,acenaphthylene,0.0628,% (w/w),N,N,N,N,N,N,N,N 少量,,
PM-831-1,53-70-3,"dibenz[a,h]anthracene",0.0628,% (w/w),N,N,N,N,N,N,N,N 少量,,
PM-831-1,193-39-5,"indeno[1,2,3-cd]pyrene",0.0628,% (w/w),N,N,N,N,N,N,N,N 少量,,
PM-831-1,218-01-9,chrysene,0.0628,% (w/w),N,N,N,N,N,N,N,N 少量,,
PM-831-1,207-08-9,benzo[k]fluoranthene,0.0628,% (w/w),N,N,N,N,N,N,N,N 少量,,
PM-831-1,205-99-2,benzo[b]fluoranthene,0.0628,% (w/w),N,N,N,N,N,N,N,N 少量,,
PM-831-1,50-32-8,benzo[a]pyrene,0.0628,% (w/w),N,N,N,N,N,N,N,N 少量,,
PM-831-1,56-55-3,benz[a]anthracene,0.0628,% (w/w),N,N,N 1目，限值1%,N,N,N,N,N 少量,,
PM-831-1,191-24-2,benzo[ghi]perylene,0.0628,% (w/w),N,N,N,N,N,N,N,N 少量,,
PM-831-1,129-00-0,pyrene,0.0628,% (w/w),N,N,N,N,N,N,N,N 少量,,
PM-831-1,91-20-3,naphthalene,0.0628,% (w/w),N,N,N 2目少量,N,N,N,N,N 年用量無超過,,
6040-0809,2455-71-2,"1,3-bis(3-phenoxyphenoxy)benzene",100,%,N,N,N,N,N,N,N,N 少量,,
PAH-630-1,108-88-3,toluene,96.3056,% (w/w),N,N,N 2目少量,N,N 乙類，限值100%,N,N,N 年用量無超過,,
PAH-630-1,83-32-9,acenaphthene,0.2309,% (w/w),N,N,N,N,N,N,N,N 少量,,
PAH-630-1,208-96-8,acenaphthylene,0.2309,% (w/w),N,N,N,N,N,N,N,N 少量,,
PAH-630-1,120-12-7,anthracene,0.2309,% (w/w),N 1類，限值10%,N,N,N,N,N,N,N 少量,,
PAH-630-1,56-55-3,benz[a]anthracene,0.2309,% (w/w),N,N,N 1目，限值1%,N,N,N,N,N 少量,,
PAH-630-1,205-99-2,benzo[b]fluoranthene,0.2309,% (w/w),N,N,N,N,N,N,N,N 少量,,
PAH-630-1,207-08-9,benzo[k]fluoranthene,0.2309,% (w/w),N,N,N,N,N,N,N,N 少量,,
PAH-630-1,191-24-2,benzo[ghi]perylene,0.2309,% (w/w),N,N,N,N,N,N,N,N 少量,,
PAH-630-1,50-32-8,benzo[a]pyrene,0.2309,% (w/w),N,N,N,N,N,N,N,N 少量,,
PAH-630-1,218-01-9,chrysene,0.2309,% (w/w),N,N,N,N,N,N,N,N 少量,,
PAH-630-1,53-70-3,"dibenz[a,h]anthracene",0.2309,% (w/w),N,N,N,N,N,N,N,N 少量,,
PAH-630-1,206-44-0,fluoranthene,0.2309,% (w/w),N,N,N,N,N,N,N,N 少量,,
PAH-630-1,86-73-7,fluorene,0.2309,% (w/w),N,N,N,N,N,N,N,N 少量,,
PAH-630-1,193-39-5,"indeno[1,2,3-cd]pyrene",0.2309,% (w/w),N,N,N,N,N,N,N,N 少量,,
PAH-630-1,91-20-3,naphthalene,0.2309,% (w/w),N,N,N 2目少量,N,N,N,N,N 年用量無超過,,
PAH-630-1,1985/1/8,phenanthrene,0.2309,% (w/w),N,N,N,N,N,N,N,N 少量,,
PAH-630-1,129-00-0,pyrene,0.2309,% (w/w),N,N,N,N,N,N,N,N 少量,,
5190-8344,7732-18-5,Deionized water,96.551,% (w/w),N,N,N,N,N,N,N,N 少量,,
5190-8344,7697-37-2,Nitric acid,3.35,% (w/w),N,N,N 2目少量,N,N,N,N,N 少量,,
5190-8344,13548-38-4,Chromium trinitrate,0.099,% (w/w),N,N,N 1目，限值1%,N,N,N,N,N 少量,,
G2933-85022,108-88-3,Toluene,9902,,N,N,N 2目少量,N,N 乙類，限值100%,N,N,N 年用量無超過,,
G2933-85022,1484-12-4,9-Methylcarbazole,"350,0000 PPM",,N,N,N,N,N,N,N,N 少量,,
G2933-85022,83-34-1,3-Methylindole,"250,0000 PPM",,N,N,N,N,N,N,N,N 少量,,
G2933-85022,98-95-3,Nitrobenzene,"240,0000 PPM",,N 1類，限值10%,N,N,N,N,N,N,N 少量,,
5190-8556,1314-36-9,Yttrium oxide,0.1,%,N,N,N,N,N,N,N,N 少量,,
5190-8556,7697-37-2,Nitric acid,4,%,N,N,N 2目少量,N,N,N,N,N 少量,,
5190-8556,7732-18-5,Water,95.9,%,N,N,N,N,N,N,N,N 少量,,
5190-8318,7440-31-5,Tin,0.0968,%,N,N,N,N,N,N,N,N 少量,,
5190-8318,7647-01-0,Hydrochloric acid,7.4,%,N,N,N 2目少量,N,N 乙類，限值100%,N,N,N 少量,,
5190-8318,7732-18-5,Water,92.5032,%,N,N,N,N,N,N,N,N 少量,,
40147-U,1975/9/2,Dichloromethane(Methylenechloride) ,95-100,%,Y 4類，限值25%,N,N 2目少量,N,N,N,N,N 少量,毒化物,毒化物+包裝
40147-U,75-15-0,Carbon Disulfide,>= 0.1 - <= 1,%,N 1類，限值1%,N,N 1目，限值1%,N,N,N,N,N 少量,,
TRP-145-1,67-63-0,isopropanol,99.8728,% (w/w),N,N,N 2目少量,N,N,N,N,N 少量,,
TRP-145-1,78-70-6,Linalool,0.1272,% (w/w),N,N,N,N,N,N,N,N 少量,,
5190-8298,7440-02-0,Nickel,0.1,%,N,N,N 2目少量,N,N,N,N,N 少量,,
5190-8298,7697-37-2,Nitric acid,4,%,N,N,N 2目少量,N,N,N,N,N 少量,,
5190-8298,7732-18-5,Water,95.9,%,N,N,N,N,N,N,N,N 少量,,
6610030600,10022-31-8,Barium nitrate,0.01,%,N,N,N,N,N,N,N,N 少量,,
6610030600,1314-62-1,Divanadium pentaoxide,0.01,%,N,N,N 2目少量,N,N,N,N,N 少量,,
6610030600,1344-59-8,Triuranium octaoxide,0.01,%,N,N,N,N,N,Y,N,N,新化學物質,
6610030600,13548-38-4,chromium trinitrate,0.01,%,N,N,N 1目，限值1%,N,N,N,N,N 少量,,
6610030600,13823-29-5,Thorium tetranitrate,0.01,%,N,N,N,N,N,N,N,N 少量,,
6610030600,19049-40-2,Beryllium acetate,0.01,%,N,N,N,N,N,N,N,N 少量,,
6610030600,7439-92-1,Lead,0.01,%,N,N,N 附錄一限值>1%,N,N,N,N,N 少量,,
6610030600,7439-96-5,Manganese,0.01,%,N,N,N,N,N,N,N,N 少量,,
6610030600,7440-02-0,Nickel,0.01,%,N,N,N 2目少量,N,N,N,N,N 少量,,
6610030600,7440-22-4,Silver,0.01,%,N,N,N,N,N,N,N,N 少量,,
6610030600,7440-28-0,Thallium,0.01,%,N,N,N,N,N,N,N,N 少量,,
6610030600,7440-38-2,Arsenic,0.01,%,N,N,N 附錄一限值>1%,N,N,N,N,N 少量,,
6610030600,7440-43-9,Cadmium,0.01,%,"N 2,3類，限值95%",N,N 2目少量,N,N,N,N,N 少量,,
6610030600,7440-48-4,Cobalt,0.01,%,N,N,N 2目少量,N,N,N,N,N 少量,,
6610030600,7440-50-8,Copper,0.01,%,N,N,N,N,N,N,N,N 少量,,
6610030600,7440-66-6,Zinc,0.01,%,N,N,N 2目少量,N,N,N,N,N 少量,,
6610030600,7697-37-2,Nitric acid,5,%,N,N,N 2目少量,N,N,N,N,N 少量,,
6610030600,7732-18-5,Water,94.82,%,N,N,N,N,N,N,N,N 少量,,
6610030600,7782-49-2,Selenium,0.01,%,N,N,N,N,N,N,N,N 少量,,
6610030600,7784-27-2,"Aluminum(III) nitrate, nonahydrate (1:3:9)",0.01,%,N,N,N,N,N,N,N,N 少量,,
ICM-240A,7732-18-5,water,91.3689,% (w/w),N,N,N,N,N,N,N,N 少量,,
ICM-240A,7697-37-2,NITRIC ACID,4.95,% (w/w),N,N,N 2目少量,N,N,N,N,N 少量,,
ICM-240A,16919-19-0,ammonium hexafluorosilicate,0.6345,% (w/w),N,N,N,N,N,N,N,N 少量,,
ICM-240A,7722-76-1,AMMONIUM BIPHOSPHATE,0.3713,% (w/w),N,N,N,N,N,N,N,N 少量,,
ICM-240A,543-81-7,beryllium acetate,0.2821,% (w/w),N,N,N,N,N,Y,N,N,新化學物質,
ICM-240A,7784-27-2,aluminum nitrate nonahydrate,0.2782,% (w/w),N,N,N,N,N,N,N,N 少量,,
ICM-240A,7757-79-1,potassium nitrate,0.2586,% (w/w),N,N,N 2目少量,N,N,N,N,N 年用量無超過,,
ICM-240A,13446-18-9,magnesium nitrate hexahydrate,0.211,% (w/w),N,N,N,N,N,N,N,N 少量,,
ICM-240A,7789/2/8,chromium (III) nitrate nonahydrate,0.2058,% (w/w),N,N,N,N,N,N,N,N 少量,,
ICM-240A,7782-61-8,iron (III) nitrate nonahydrate,0.1447,% (w/w),N,N,N 2目少量,N,N,N,N,N 少量,,
ICM-240A,10043-35-3,ORTHOBORIC ACID,0.1144,% (w/w),N,N,N 1目，限值1%,N,N,N,N,N 少量,,
ICM-240A,554-13-2,lithium carbonate,0.1064,% (w/w),N,N,N,N,N,N,N,N 少量,,
ICM-240A,7664-39-3,hydrofluoric acid,0.1,% (w/w),N,N 限值0.1-10%,N 2目少量,N,N,N,N,N 少量,,關注+包裝
ICM-240A,13478-00-7,nickel (II) nitrate hexahydrate,0.0991,% (w/w),N,N,N 1目，限值1%,N,N,N,N,N 少量,,
ICM-240A,10026-22-9,cobalt nitrate hexahydrate,0.0988,% (w/w),N,N,N 1目，限值1%,N,N,N,N,N 少量,,
ICM-240A,10196-18-6,zinc nitrate hexahydrate,0.091,% (w/w),N,N,N,N,N,N,N,N 少量,,
ICM-240A,7631-99-4,sodium nitrate,0.0739,% (w/w),N,N,N 2目少量,N,N,N,N,N 少量,,
ICM-240A,10377-66-9,manganese (II) nitrate,0.0651,% (w/w),N,N,N,N,N,N,N,N 少量,,
ICM-240A,3251-23-8,copper (II) nitrate,0.059,% (w/w),N,N,N 2目少量,N,N,N,N,N 少量,,
ICM-240A,10022-68-1,cadmium nitrate tetrahydrate,0.0549,% (w/w),N,N,N,N,N,N,N,N 少量,,
ICM-240A,471-34-1,calcium carbonate,0.05,% (w/w),N,N,N,N,N,N,N,N 少量,,
ICM-240A,10042-76-9,strontium nitrate,0.0483,% (w/w),N,N,N 2目少量,N,N,N,N,N 少量,,
ICM-240A,7803-55-6,ammonium metavanadate,0.0459,% (w/w),N,N,N 2目少量,N,N,N,N,N 少量,,
ICM-240A,16919-24-7,ammonium hexafluorostannate,0.0453,% (w/w),N,N,N,N,N,Y,N,N,新化學物質,
ICM-240A,10022-31-8,barium nitrate,0.0381,% (w/w),N,N,N,N,N,N,N,N 少量,,
ICM-240A,7783-34-8,mercuric nitrate monohydrate,0.0342,% (w/w),N,N,N 1目，限值1%,N,N,N,N,N 少量,,
ICM-240A,10099-74-8,lead (II) nitrate,0.032,% (w/w),N,N,N 附錄一限值>1%,N,N,N,N,N 少量,,
ICM-240A,1313-27-5,molybdenum (VI) oxide,0.03,% (w/w),N,N,N,N,N,N,N,N 少量,,
ICM-240A,7446/8/4,selenium (IV) oxide,0.0281,% (w/w),N,N,N,N,N,N,N,N 少量,,
ICM-240A,1327-53-3,arsenic (III) oxide,0.0264,% (w/w),"N 1,2,3類，限值1%",N,N 1目，限值1%,N,N,N,N,N 少量,,
ICM-240A,10102-45-1,thallium (I) nitrate,0.0261,% (w/w),N,N,N,N,N,N,N,N 少量,,
ICM-240A,7440-36-0,"antimony, soluble compounds as Sb",0.02,% (w/w),N,N,N,N,N,N,N,N 少量,,
ICM-240A,7761-88-8,silver nitrate,0.0079,% (w/w),N,N,N 2目少量,N,N,N,N,N 少量,,
NV-130-1,67-56-1,methanol,99.9874,% (w/w),N,N,N 2目少量,N,N,N,N,N 少量,,
NV-130-1,75-15-0,carbon disulfide,0.0126,% (w/w),N 1類，限值1%,N,N 1目，限值1%,N,N,N,N,N 少量,,
PPS-110-1,1634-04-4,tert-butylmethyl ether (MTBE),95-100,% (w/w),Y 4類，限值20%,N,N,N,N,N,N,N 少量,毒化物,毒化物+包裝
PPS-110-1,115-86-6,triphenyl phosphate (TPP),0.0676,% (w/w),N,N,N,N,N,N,N,N 年用量無超過,,
PST-2535M100A01,67-56-1,Pyrethrins,99.9874,% (w/w),N,N,N 2目少量,N,N,N,N,N 少量,,
PST-2535M100A01,8003-34-7,Pyrethrins,0.0126,% (w/w),N,N,N,N,N,N,N,N 少量,,
PST-3310M100A01,137-26-8,thiram (tetramethylthiuram disulfide),0.0126,% (w/w),N,N,N 2目少量,N,N,N,N,N 少量,,
PST-3310M100A01,67-56-1,methanol,99.9874,% (w/w),N,N,N 2目少量,N,N,N,N,N 少量,,
5190-7003,540-84-1,Isooctane,99.9998,%,N,N,N,N,N,N,N,N 少量,,
5190-7003,110-06-5,tert-Butyldisulfide,"1,0000PPM",,N,N,N,N,N,N,N,N 少量,,
5190-7003,110-81-6,Ethyldisulfide,"1,0000PPM",,N,N,N,N,N,N,N,N 少量,,
5190-8279,7440-50-8,Copper,0.1,%,N,N,N,N,N,N,N,N 少量,,
5190-8279,7697-37-2,Nitric acid,4,%,N,N,N 2目少量,N,N,N,N,N 少量,,
5190-8279,7732-18-5,Water,95.9,%,N,N,N,N,N,N,N,N 少量,,
5185-5850        ,7697-37-2,nitric acid                                                                                                                         ,2.0624,%  ,N,N,N 2目少量,N,N,N,N,N 少量,,
5185-5850        ,7440-65-5,yttrium                                                                                                                             ,0.001,PPM,N,N,N,N,N,N,N,N 少量,,
5185-5850        ,7439-95-4,magnesium                                                                                                                           ,0.001,PPM,N,N,N 2目少量,N,N,N,N,N 少量,,
5185-5850        ,7732-18-5,water                                                                                                                               ,97.9376,%  ,N,N,N,N,N,N,N,N 少量,,
5185-5850        ,7439-93-2,lithium                                                                                                                             ,0.001,PPM,N,N,N 2目少量,N,N,N,N,N 少量,,
5185-5850        ,7440-28-0,thallium                                                                                                                            ,0.001,PPM,N,N,N,N,N,N,N,N 少量,,
5185-5850        ,7440-45-1,cerium                                                                                                                              ,0.001,PPM,N,N,N,N,N,N,N,N 少量,,
5185-5850        ,7440-48-4,cobalt                                                                                                                              ,0.001,PPM,N,N,N 2目少量,N,N,N,N,N 少量,,
5185-5850        ,7732-18-5,water                                                                                                                               ,99.7999,%  ,N,N,N,N,N,N,N,N 少量,,
5185-5850        ,7440-52-0,erbium                                                                                                                              ,1,PPM,N,N,N,N,N,N,N,N 少量,,
5185-5850        ,7697-37-2,nitric acid                                                                                                                         ,0.2,%  ,N,N,N 2目少量,N,N,N,N,N 少量,,
5185-5850        ,7697-37-2,nitric acid                                                                                                                         ,0.2,%  ,N,N,N 2目少量,N,N,N,N,N 少量,,
5185-5850        ,7440-52-0,erbium                                                                                                                              ,50,PPB,N,N,N,N,N,N,N,N 少量,,
5185-5850        ,7732-18-5,water                                                                                                                               ,99.8,%  ,N,N,N,N,N,N,N,N 少量,,
5185-5850        ,7732-18-5,water                                                                                                                               ,95,%  ,N,N,N,N,N,N,N,N 少量,,
5185-5850        ,7697-37-2,nitric acid                                                                                                                         ,5,%  ,N,N,N 2目少量,N,N,N,N,N 少量,,
5185-5850        ,7732-18-5,water                                                                                                                               ,100,%  ,N,N,N,N,N,N,N,N 少量,,
PPS-501-1,1975/5/8,acetonitrile,95-100,% (w/w),Y 4類，限值1%,N,N,N,N,N,N,N 少量,毒化物,毒化物+包裝
PPS-501-1,115-86-6,triphenyl phosphate (TPP),0.0636,% (w/w),N,N,N,N,N,N,N,N 年用量無超過,,
PST-1510M1000,67-56-1,methanol,99.8736,% (w/w),N,N,N 2目少量,N,N,N,N,N 少量,,
PST-1510M1000,10265-92-6,methamidophos,0.1264,% (w/w),N,N,N 2目少量,N,N,N,N,N 少量,,
5190-8589,25890-20-4,Lithium-6i carbonate,0.001,%,N,N,N,N,N,N,N,N 少量,申請IVL文件(lithium),
5190-8589,7697-37-2,Nitric acid,1.34,%,N,N,N 2目少量,N,N,N,N,N 少量,,
5190-8589,7732-18-5,Water,98.659,%,N,N,N,N,N,N,N,N 少量,,
P-740-1,67-56-1,methanol,99.9874,% (w/w),N,N,N 2目少量,N,N,N,N,N 少量,,
P-740-1,91-20-3,naphthalene,0.0126,% (w/w),N,N,N 2目少量,N,N,N,N,N 年用量無超過,,
5188-5347,540-84-1,"2,2,4-trimethylpentane",9999.99,%,N,N,N,N,N,N,N,N 少量,,
5188-5347,313-72-4,Octafluoronaphthalene,"0,0001 ",PPM,N,N,N,N,N,N,N,N 少量,,
PL2070-1001,111-46-6,Diethylene glycol,100,%,N,N,N,N,N,N,N,N 年用量無超過,,
PL2070-6001,25322-68-3,Poly(ethylene glycol),100,%,N,N,N,N,N,N,N,N 少量,,
PL2071-0001,25322-68-3,Poly(ethylene glycol),100,%,N,N,N,N,N,N,N,N 少量,,
PL2083-4001,25322-68-3,Poly(ethylene glycol),100,%,N,N,N,N,N,N,N,N 少量,,
PL2083-5001,25322-68-3,Poly(ethylene glycol),100,%,N,N,N,N,N,N,N,N 少量,,
PSM-100,1975/5/8,acetonitrile,95-100,% (w/w),Y 4類，限值1%,N,N,N,N,N,N,N 少量,毒化物,毒化物+包裝
PSM-100,2104-96-3,bromophos-methyl,0.0127,% (w/w),N,N,N,N,N,N,N,N 少量,,
PSM-100,786-19-6,carbophenothion (trithion),0.0127,% (w/w),N,N,N,N,N,N,N,N 少量,,
PSM-100,101-21-3,chlorpropham,0.0127,% (w/w),N,N,N,N,N,N,N,N 少量,,
PSM-100,2921-88-2,chlorpyriphos,0.0127,% (w/w),N,N,N 2目少量,N,N,N,N,N 少量,,
PSM-100,5598-13-0,chlorpyriphos-methyl,0.0127,% (w/w),N,N,N,N,N,N,N,N 少量,,
PSM-100,56-72-4,coumaphos,0.0127,% (w/w),N,N,N 2目少量,N,N,N,N,N 少量,,
PSM-100,13067-93-1,cyanofenphos,0.0127,% (w/w),N,N,N,N,N,N,N,N 少量,,
PSM-100,2636-26-2,cyanophos,0.0127,% (w/w),N,N,N,N,N,N,N,N 少量,,
PSM-100,83164-33-4,diflufenican,0.0127,% (w/w),N,N,N,N,N,N,N,N 少量,,
PSM-100,78-34-2,dioxathion,0.0127,% (w/w),N,N,N,N,N,N,N,N 少量,,
PSM-100,66840-71-9,DMST,0.0127,% (w/w),N,N,N,N,N,N,N,N 少量,,
PSM-100,2104-64-5,EPN,0.0127,% (w/w),N,N,N,N,N,N,N,N 少量,,
PSM-100,86479-06-3,hexaflumuron,0.0127,% (w/w),N,N,N,N,N,N,N,N 少量,,
PSM-100,36734-19-7,iprodione,0.0127,% (w/w),N,N,N 2目少量,N,N,N,N,N 少量,,
PSM-100,1951/3/6,piperonyl butoxide,0.0127,% (w/w),N,N,N,N,N,N,N,N 少量,,
PSM-100,1975/5/8,acetonitrile,95-100,% (w/w),Y 4類，限值1%,N,N,N,N,N,N,N 少量,毒化物,毒化物+包裝
PSM-100,30560-19-1,acephate,0.0127,% (w/w),N,N,N,N,N,N,N,N 少量,,
PSM-100,60207-31-0,azaconazole,0.0127,% (w/w),N,N,N,N,N,N,N,N 少量,,
PSM-100,2642-71-9,azinphos-ethyl,0.0127,% (w/w),N,N,N,N,N,N,N,N 少量,,
PSM-100,95465-99-9,cadusafos,0.0127,% (w/w),N,N,N,N,N,N,N,N 少量,,
PSM-100,470-90-6,chlorfenvinphos,0.0127,% (w/w),N,N,N,N,N,N,N,N 少量,,
PSM-100,121552-61-2,cyprodinil,0.0127,% (w/w),N,N,N,N,N,N,N,N 少量,,
PSM-100,134-62-3,deet,0.0127,% (w/w),N,N,N,N,N,N,N,N 少量,,
PSM-100,62-73-7,dichlorvos,0.0127,% (w/w),N,N,N,N,N,N,N,N 少量,,
PSM-100,60-51-5,dimethoate,0.0127,% (w/w),N,N,N,N,N,N,N,N 少量,,
PSM-100,13194-48-4,ethoprop (ethoprofos),0.0127,% (w/w),N,N,N,N,N,N,N,N 少量,,
PSM-100,22224-92-6,fenamiphos,0.0127,% (w/w),N,N,N,N,N,N,N,N 少量,,
PSM-100,120068-37-3,fipronil,0.0127,% (w/w),N,N,N,N,N,N,N,N 少量,,
PSM-100,944-22-9,fonofos,0.0127,% (w/w),N,N,N,N,N,N,N,N 少量,,
PSM-100,98886-44-3,fosthiazate,0.0127,% (w/w),N,N,N,N,N,N,N,N 少量,,
PSM-100,86-50-0,guthion (azinphos-methyl),0.0127,% (w/w),N,N,N,N,N,N,N,N 少量,,
PSM-100,1689-83-4,ioxynil,0.0127,% (w/w),N,N,N,N,N,Y,N,N,新化學物質,
PSM-100,25311-71-1,isofenphos,0.0127,% (w/w),N,N,N,N,N,N,N,N 少量,,
PSM-100,60207-90-1,propiconazole,0.0127,% (w/w),N,N,N,N,N,N,N,N 少量,,
PSM-100,33693-04-8,terbumeton,0.0127,% (w/w),N,N,N,N,N,N,N,N 少量,,
PSM-100,886-50-0,terbutryn(e),0.0127,% (w/w),N,N,N,N,N,N,N,N 少量,,
PSM-100,1975/5/8,acetonitrile,95-100,% (w/w),Y 4類，限值1%,N,N,N,N,N,N,N 少量,毒化物,毒化物+包裝
PSM-100,82560-54-1,benfuracarb,0.0127,% (w/w),N,N,N,N,N,N,N,N 少量,,
PSM-100,134605-64-4,butafenacil,0.0127,% (w/w),N,N,N,N,N,N,N,N 少量,,
PSM-100,122008-85-9,cyhalofop-butyl,0.0127,% (w/w),N,N,N,N,N,N,N,N 少量,,
PSM-100,99675-03-3,isofenphos-methyl,0.0127,% (w/w),N,N,N,N,N,N,N,N 少量,,
PSM-100,2631-40-5,isoprocarb,0.0127,% (w/w),N,N,N,N,N,N,N,N 少量,,
PSM-100,1634-78-2,malaoxon,0.0127,% (w/w),N,N,N,N,N,N,N,N 少量,,
PSM-100,121-75-5,malathion,0.0127,% (w/w),N,N,N,N,N,N,N,N 少量,,
PSM-100,2595-54-2,mecarbam,0.0127,% (w/w),N,N,N,N,N,N,N,N 少量,,
PSM-100,10265-92-6,methamidophos,0.0127,% (w/w),N,N,N 2目少量,N,N,N,N,N 少量,,
PSM-100,2032-65-7,methiocarb,0.0127,% (w/w),N,N,N 2目少量,N,N,N,N,N 少量,,
PSM-100,1113-02-6,omethoate,0.0127,% (w/w),N,N,N 2目少量,N,N,N,N,N 少量,,
PSM-100,26002-80-2,phenothrin (tech),0.0127,% (w/w),N,N,N,N,N,N,N,N 少量,,
PSM-100,23505-41-1,pirimiphos-ethyl,0.0127,% (w/w),N,N,N,N,N,N,N,N 少量,,
PSM-100,2631-37-0,promecarb,0.0127,% (w/w),N,N,N,N,N,N,N,N 少量,,
PSM-100,122-42-9,propham,0.0127,% (w/w),N,N,N,N,N,N,N,N 少量,,
PSM-100,52888-80-9,prosulfocarb,0.0127,% (w/w),N,N,N,N,N,N,N,N 少量,,
PSM-100,119-12-0,pyridaphenthion,0.0127,% (w/w),N,N,N,N,N,N,N,N 少量,,
PSM-100,283594-90-1,spiromesifen,0.0127,% (w/w),N,N,N,N,N,N,N,N 少量,,
PSM-100,7696-12-0,tetramethrin,0.0127,% (w/w),N,N,N,N,N,N,N,N 少量,,
PSM-100,1975/5/8,acetonitrile,95-100,% (w/w),Y 4類，限值1%,N,N,N,N,N,N,N 少量,毒化物,毒化物+包裝
PSM-100,22212-55-1,benzoylprop ethyl,0.0127,% (w/w),N,N,N,N,N,Y,N,N,新化學物質,
PSM-100,1689-84-5,bromoxynil,0.0127,% (w/w),N,N,N,N,N,Y,N,N,新化學物質,
PSM-100,535-89-7,crimidine,0.0127,% (w/w),N,N,N,N,N,Y,N,N,新化學物質,
PSM-100,1134-23-2,cycloate,0.0127,% (w/w),N,N,N,N,N,Y,N,N,新化學物質,
PSM-100,101205-02-1,cycloxydim,0.0127,% (w/w),N,N,N,N,N,N,N,N 少量,,
PSM-100,13684-56-5,desmedipham,0.0127,% (w/w),N,N,N,N,N,N,N,N 少量,,
PSM-100,1014-69-3,desmetryne,0.0127,% (w/w),N,N,N,N,N,N,N,N 少量,,
PSM-100,51338-27-3,diclofop methyl,0.0127,% (w/w),N,N,N,N,N,N,N,N 少量,,
PSM-100,149961-52-4,dimoxystrobin,0.0127,% (w/w),N,N,N,N,N,N,N,N 少量,,
PSM-100,39515-41-8,fenpropathrin,0.0127,% (w/w),N,N,N,N,N,N,N,N 少量,,
PSM-100,142459-58-3,flufenacet,0.0127,% (w/w),N,N,N,N,N,N,N,N 少量,,
PSM-100,76674-21-0,flutriafol,0.0127,% (w/w),N,N,N,N,N,N,N,N 少量,,
PSM-100,133-07-3,folpet,0.0127,% (w/w),N 3類，限值1%,N,N,N,N,N,N,N 少量,,
PSM-100,3878-19-1,fuberidazole,0.0127,% (w/w),N,N,N,N,N,N,N,N 少量,,
PSM-100,33820-53-0,isopropalin,0.0127,% (w/w),N,N,N,N,N,Y,N,N,新化學物質,
PSM-100,135590-91-9,mefenpyr-diethyl,0.0127,% (w/w),N,N,N,N,N,N,N,N 少量,,
PSM-100,51218-45-2,metolachlor,0.0127,% (w/w),N,N,N,N,N,N,N,N 少量,,
PSM-100,88671-89-0,myclobutanil,0.0127,% (w/w),N,N,N,N,N,N,N,N 少量,,
PSM-100,117428-22-5,picoxystrobin,0.0127,% (w/w),N,N,N,N,N,N,N,N 少量,,
PSM-100,2312-35-8,propargite,0.0127,% (w/w),N,N,N 2目少量,N,N,N,N,N 少量,,
PSM-100,53112-28-0,pyrimethanil,0.0127,% (w/w),N,N,N,N,N,N,N,N 少量,,
PSM-100,87820-88-0,tralkoxydim,0.0127,% (w/w),N,N,N,N,N,N,N,N 少量,,
PSM-100,1975/5/8,acetonitrile,95-100,% (w/w),Y 4類，限值1%,N,N,N,N,N,N,N 少量,毒化物,毒化物+包裝
PSM-100,333-41-5,diazinon,0.0127,% (w/w),N,N,N,N,N,N,N,N 少量,,
PSM-100,97-17-6,dichlofenthion,0.0127,% (w/w),N,N,N,N,N,N,N,N 少量,,
PSM-100,141-66-2,dicrotophos,0.0127,% (w/w),N,N,N 2目少量,N,N,N,N,N 少量,,
PSM-100,5131-24-8,ditalimfos,0.0127,% (w/w),N,N,N,N,N,N,N,N 少量,,
PSM-100,17109-49-8,edifenphos,0.0127,% (w/w),N,N,N,N,N,N,N,N 少量,,
PSM-100,563-12-2,ethion,0.0127,% (w/w),N,N,N 2目少量,N,N,N,N,N 少量,,
PSM-100,38260-54-7,etrimfos,0.0127,% (w/w),N,N,N,N,N,N,N,N 少量,,
PSM-100,52-85-7,famphur,0.0127,% (w/w),N,N,N,N,N,N,N,N 少量,,
PSM-100,115-90-2,fensulfothion,0.0127,% (w/w),N,N,N,N,N,N,N,N 少量,,
PSM-100,23560-59-0,heptenophos,0.0127,% (w/w),N,N,N,N,N,N,N,N 少量,,
PSM-100,42509-80-8,isazophos,0.0127,% (w/w),N,N,N,N,N,N,N,N 少量,,
PSM-100,24353-61-5,isocarbofos,0.0127,% (w/w),N,N,N,N,N,N,N,N 少量,,
PSM-100,1975/5/8,acetonitrile,95-100,% (w/w),Y 4類，限值1%,N,N,N,N,N,N,N 少量,毒化物,毒化物+包裝
PSM-100,950-37-8,methidathion,0.0127,% (w/w),N,N,N 2目少量,N,N,N,N,N 少量,,
PSM-100,7786-34-7,mevinphos (phosdrin),0.0127,% (w/w),N,N,N 2目少量,N,N,N,N,N 少量,,
PSM-100,6923-22-4,monocrotophos,0.0127,% (w/w),N,N,N,N,N,N,N,N 少量,,
PSM-100,2597/3/7,phenthoate,0.0127,% (w/w),N,N,N,N,N,N,N,N 少量,,
PSM-100,298-02-2,phorate,0.0127,% (w/w),N,N,N 2目少量,N,N,N,N,N 少量,,
PSM-100,2310-17-0,phosalone,0.0127,% (w/w),N,N,N,N,N,N,N,N 少量,,
PSM-100,732-11-6,phosmet,0.0127,% (w/w),N,N,N,N,N,N,N,N 少量,,
PSM-100,13171-21-6,phosphamidon,0.0127,% (w/w),N,N,N,N,N,N,N,N 少量,,
PSM-100,29232-93-7,pirimiphos-methyl,0.0127,% (w/w),N,N,N,N,N,N,N,N 少量,,
PSM-100,41198-08-7,Profenophos,0.0127,% (w/w),N,N,N,N,N,N,N,N 少量,,
PSM-100,31218-83-4,propetamphos,0.0127,% (w/w),N,N,N,N,N,N,N,N 少量,,
PSM-100,34643-46-4,tokuthion (prothiophos),0.0127,% (w/w),N,N,N,N,N,N,N,N 少量,,
PSM-100,1975/5/8,acetonitrile,95-100,% (w/w),Y 4類，限值1%,N,N,N,N,N,N,N 少量,毒化物,毒化物+包裝
PSM-100,4824-78-6,bromophos-ethyl,0.0127,% (w/w),N,N,N,N,N,N,N,N 少量,,
PSM-100,299-84-3,fenchlorphos (ronnel),0.0127,% (w/w),N 1類，限值1%,N,N,N,N,N,N,N 少量,,
PSM-100,122-14-5,fenitrothion,0.0127,% (w/w),N,N,N 2目少量,N,N,N,N,N 少量,,
PSM-100,62610-77-9,methacrifos,0.0127,% (w/w),N,N,N,N,N,N,N,N 少量,,
PSM-100,950-35-6,methyl paraoxon,0.0127,% (w/w),N,N,N,N,N,N,N,N 少量,,
PSM-100,311-45-5,paraoxon,0.0127,% (w/w),N,N,N,N,N,N,N,N 少量,,
PSM-100,13457-18-6,pyrazophos,0.0127,% (w/w),N,N,N,N,N,N,N,N 少量,,
PSM-100,13593-03-8,quinalphos,0.0127,% (w/w),N,N,N,N,N,N,N,N 少量,,
PSM-100,3689-24-5,sulfotepp,0.0127,% (w/w),N,N,N 2目少量,N,N,N,N,N 少量,,
PSM-100,13071-79-9,terbufos,0.0127,% (w/w),N,N,N 2目少量,N,N,N,N,N 少量,,
PSM-100,22248-79-9,tetrachlorvinphos (stirofos),0.0127,% (w/w),N,N,N,N,N,N,N,N 少量,,
PSM-100,297-97-2,thionazin,0.0127,% (w/w),N,N,N,N,N,Y,N,N,新化學物質,
PSM-100,57018-04-9,tolclofos-methyl,0.0127,% (w/w),N,N,N,N,N,N,N,N 少量,,
PSM-100,24017-47-8,triazophos,0.0127,% (w/w),N,N,N,N,N,N,N,N 少量,,
PSM-100,327-98-0,trichloronate,0.0127,% (w/w),N,N,N,N,N,N,N,N 少量,,
PSM-100,1975/5/8,acetonitrile,95-100,% (w/w),Y 4類，限值1%,N,N,N,N,N,N,N 少量,毒化物,毒化物+包裝
PSM-100,101007-06-1,acrinathrin,0.0127,% (w/w),N,N,N,N,N,N,N,N 少量,,
PSM-100,149877-41-8,bifenazate,0.0127,% (w/w),N,N,N,N,N,N,N,N 少量,,
PSM-100,82657-04-3,bifenthrin,0.0127,% (w/w),N,N,N,N,N,N,N,N 少量,,
PSM-100,953-17-3,carbophenothion-methyl,0.0127,% (w/w),N,N,N,N,N,Y,N,N,新化學物質,
PSM-100,500-28-7,chlorthion,0.0127,% (w/w),N,N,N,N,N,Y,N,N,新化學物質,
PSM-100,68359-37-5,cyfluthrin (baythroid),0.0127,% (w/w),N,N,N,N,N,N,N,N 少量,,
PSM-100,52315-07-8,cypermethrin,0.0127,% (w/w),N,N,N 2目少量,N,N,N,N,N 少量,,
PSM-100,52918-63-5,deltamethrin,0.0127,% (w/w),N,N,N,N,N,N,N,N 少量,,
PSM-100,4147-51-7,dipropetryn,0.0127,% (w/w),N,N,N,N,N,Y,N,N,新化學物質,
PSM-100,91465-08-6,lambda-cyhalothrin,0.0127,% (w/w),N,N,N 2目少量,N,N,N,N,N 少量,,
PSM-100,841-06-5,methoprotryne,0.0127,% (w/w),N,N,N,N,N,Y,N,N,新化學物質,
PSM-100,52645-53-1,"permethrins (mixed isomers,total)",0.0127,% (w/w),N,N,N,N,N,N,N,N 少量,,
PSM-100,7287-19-6,prometryn,0.0127,% (w/w),N,N,N,N,N,N,N,N 少量,,
PSM-100,139-40-2,propazine,0.0127,% (w/w),N,N,N,N,N,N,N,N 少量,,
PSM-100,79538-32-2,tefluthrin,0.0127,% (w/w),N,N,N,N,N,N,N,N 少量,,
PSM-100,1975/5/8,acetonitrile,95-100,% (w/w),Y 4類，限值1%,N,N,N,N,N,N,N 少量,毒化物,毒化物+包裝
PSM-100,74070-46-5,aclonifen,0.0127,% (w/w),N,N,N,N,N,Y,N,N,新化學物質,
PSM-100,15972-60-8,alachlor,0.0127,% (w/w),N,N,N 2目少量,N,N,N,N,N 少量,,
PSM-100,60238-56-4,chlorthiophos,0.0127,% (w/w),N,N,N,N,N,N,N,N 少量,,
PSM-100,80844-07-1,etofenprox,0.0127,% (w/w),N,N,N,N,N,N,N,N 少量,,
PSM-100,51630-58-1,fenvalerate,0.0127,% (w/w),N,N,N 2目少量,N,N,N,N,N 少量,,
PSM-100,52756-22-6,flamprop-isopropyl,0.0127,% (w/w),N,N,N,N,N,Y,N,N,新化學物質,
PSM-100,158062-67-0,flonicamid,0.0127,% (w/w),N,N,N,N,N,N,N,N 少量,,
PSM-100,111872-58-3,halfenprox,0.0127,% (w/w),N,N,N,N,N,N,N,N 少量,,
PSM-100,50512-35-1,isoprothiolane,0.0127,% (w/w),N,N,N,N,N,N,N,N 少量,,
PSM-100,40487-42-1,pendimethalin,0.0127,% (w/w),N,N,N,N,N,N,N,N 少量,,
PSM-100,1825-21-4,pentachloroanisole,0.0127,% (w/w),N,N,N,N,N,N,N,N 少量,,
PSM-100,137641-05-5,picolinafen,0.0127,% (w/w),N,N,N,N,N,N,N,N 少量,,
PSM-100,1918-16-7,propachlor,0.0127,% (w/w),N,N,N,N,N,N,N,N 少量,,
PSM-100,709-98-8,propanil,0.0127,% (w/w),N,N,N,N,N,N,N,N 少量,,
PSM-100,56070-16-7,terbufos sulfone,0.0127,% (w/w),N,N,N,N,N,Y,N,N,新化學物質,
PSM-100,2303-17-5,triallate,0.0127,% (w/w),N,N,N,N,N,N,N,N 少量,,
PSM-100,1975/5/8,acetonitrile,95-100,% (w/w),Y 4類，限值1%,N,N,N,N,N,N,N 少量,毒化物,毒化物+包裝
PSM-100,133-06-2,captan,0.0127,% (w/w),"N 1,3類，限值1%",N,N,N,N,N,N,N 少量,,
PSM-100,1897-45-6,chlorothalonil,0.0127,% (w/w),N,N,N 2目少量,N,N,N,N,N 少量,,
PSM-100,84332-86-5,chlozolinate,0.0127,% (w/w),N,N,N,N,N,N,N,N 少量,,
PSM-100,1861-32-1,DCPA (dacthal),0.0127,% (w/w),N,N,N,N,N,N,N,N 少量,,
PSM-100,1194-65-6,dichlobenil,0.0127,% (w/w),N,N,N,N,N,N,N,N 少量,,
PSM-100,1085-98-9,dichlofluanid,0.0127,% (w/w),N,N,N,N,N,N,N,N 少量,,
PSM-100,99-30-9,dichloran,0.0127,% (w/w),N,N,N,N,N,N,N,N 少量,,
PSM-100,55283-68-6,ethalfluralin,0.0127,% (w/w),N,N,N,N,N,N,N,N 少量,,
PSM-100,80-38-6,fenson,0.0127,% (w/w),N,N,N,N,N,Y,N,N,新化學物質,
PSM-100,80-33-1,ovex (chlorfenson),0.0127,% (w/w),N,N,N,N,N,N,N,N 少量,,
PSM-100,32809-16-8,procymidone,0.0127,% (w/w),N,N,N,N,N,N,N,N 少量,,
PSM-100,26399-36-0,profluralin,0.0127,% (w/w),N,N,N,N,N,Y,N,N,新化學物質,
PSM-100,102851-06-9,tau-fluvalinate,0.0127,% (w/w),N,N,N,N,N,N,N,N 少量,,
PSM-100,116-29-0,tetradifon,0.0127,% (w/w),N,N,N,N,N,N,N,N 少量,,
PSM-100,731-27-1,tolylfluanid,0.0127,% (w/w),N,N,N,N,N,N,N,N 少量,,
PSM-100,5103-74-2,trans-chlordane,0.0127,% (w/w),"N 1,3類，限值1%",N,N,N,N,N,N,N 少量,,
PSM-100,1975/5/8,acetonitrile,95-100,% (w/w),Y 4類，限值1%,N,N,N,N,N,N,N 少量,毒化物,毒化物+包裝
PSM-100,53-19-0,"2,4'-DDD",0.0127,% (w/w),N,N,N,N,N,N,N,N 少量,,
PSM-100,3424-82-6,"2,4'-DDE",0.0127,% (w/w),N,N,N,N,N,N,N,N 少量,,
PSM-100,789-02-6,"2,4'-DDT",0.0127,% (w/w),N,N,N,N,N,N,N,N 少量,,
PSM-100,72-54-8,"4,4'-DDD",0.0127,% (w/w),N,N,N,N,N,N,N,N 少量,,
PSM-100,72-55-9,"4,4'-DDE",0.0127,% (w/w),N,N,N,N,N,N,N,N 少量,,
PSM-100,50-29-3,"4,4'-DDT",0.0127,% (w/w),"N 1,3類，限值1%",N,N,N,N,N,N,N 少量,,
PSM-100,309-00-2,aldrin,0.0127,% (w/w),"N 1,3類，限值1%",N,N,N,N,N,N,N 少量,,
PSM-100,319-84-6,alpha-BHC (alpha-HCH),0.0127,% (w/w),"N 1,3類，限值1%",N,N,N,N,N,N,N 少量,,
PSM-100,319-85-7,beta-BHC (beta-HCH),0.0127,% (w/w),"N 1,3類，限值1%",N,N,N,N,N,N,N 少量,,
PSM-100,127-90-2,"bis(2,3,3,3-tetrachloropropyl) ether",0.0127,% (w/w),N,N,N,N,N,Y,N,N,新化學物質,
PSM-100,319-86-8,delta-BHC (delta-HCH),0.0127,% (w/w),"N 1,3類，限值1%",N,N,N,N,N,N,N 少量,,
PSM-100,60-57-1,dieldrin,0.0127,% (w/w),"N 1,3類，限值1%",N,N,N,N,N,N,N 少量,,
PSM-100,959-98-8,endosulfan I,0.0127,% (w/w),"N 1,3類，限值1%",N,N,N,N,N,N,N 少量,,
PSM-100,33213-65-9,endosulfan II,0.0127,% (w/w),"N 1,3類，限值1%",N,N,N,N,N,N,N 少量,,
PSM-100,58-89-9,gamma-BHC (lindane),0.0127,% (w/w),"N 1,3類，限值1%",N,N,N,N,N,N,N 少量,,
PSM-100,76-44-8,heptachlor,0.0127,% (w/w),"N 1,3類，限值1%",N,N,N,N,N,N,N 少量,,
PSM-100,1024-57-3,heptachlor epoxide - isomer B,0.0127,% (w/w),N,N,N,N,N,N,N,N 少量,,
PSM-100,118-74-1,hexachlorobenzene,0.0127,% (w/w),N 1類，限值1%,N,N,N,N,N,N,N 少量,,
PSM-100,465-73-6,isodrin,0.0127,% (w/w),N,N,N 2目少量,N,N,N,N,N 少量,,
PSM-100,2385-85-5,mirex,0.0127,% (w/w),"N 1,3類，限值1%",N,N,N,N,N,N,N 少量,,
PSM-100,27304-13-8,oxychlordane,0.0127,% (w/w),N,N,N,N,N,N,N,N 少量,,
PSM-100,527-20-8,pentachloroaniline,0.0127,% (w/w),N,N,N,N,N,N,N,N 少量,,
PSM-100,608-93-5,pentachlorobenzene,0.0127,% (w/w),"N 1,3類，限值1%",N,N,N,N,N,N,N 少量,,
PSM-100,1975/5/8,acetonitrile,95-100,% (w/w),Y 4類，限值1%,N,N,N,N,N,N,N 少量,毒化物,毒化物+包裝
PSM-100,35065-29-3,"2,2',3,4,4',5,5'-heptachlorobiphenyl (BZ # 180)",0.0127,% (w/w),"N 1,2類，限值0.1%",N,N,N,N,N,N,N 少量,,
PSM-100,35065-28-2,"2,2',3,4,4',5'-hexachlorobiphenyl (BZ # 138)",0.0127,% (w/w),"N 1,2類，限值0.1%",N,N,N,N,N,N,N 少量,,
PSM-100,35065-27-1,"2,2',4,4',5,5'-hexachlorobiphenyl (BZ # 153)",0.0127,% (w/w),"N 1,2類，限值0.1%",N,N,N,N,N,N,N 少量,,
PSM-100,37680-73-2,"2,2',4,5,5'-pentachlorobiphenyl (BZ # 101)",0.0127,% (w/w),"N 1,2類，限值0.1%",N,N,N,N,N,N,N 少量,,
PSM-100,35693-99-3,"2,2',5,5'-tetrachlorobiphenyl (BZ # 52)",0.0127,% (w/w),"N 1,2類，限值0.1%",N,N,N,N,N,N,N 少量,,
PSM-100,31508-00-6,"2,3',4,4',5-pentachlorobiphenyl (BZ # 118)",0.0127,% (w/w),"N 1,2類，限值0.1%",N,N,N,N,N,N,N 少量,,
PSM-100,7012-37-5,"2,4,4'-trichlorobiphenyl (BZ # 28)",0.0127,% (w/w),"N 1,2類，限值0.1%",N,N,N,N,N,N,N 少量,,
PSM-100,90-43-7,2-phenylphenol,0.0127,% (w/w),N,N,N,N,N,N,N,N 年用量無超過,,
PSM-100,35400-43-2,bolstar (sulprofos),0.0127,% (w/w),N,N,N,N,N,N,N,N 少量,,
PSM-100,26087-47-8,iprobenfos,0.0127,% (w/w),N,N,N,N,N,N,N,N 少量,,
PSM-100,1114-71-2,pebulate,0.0127,% (w/w),N,N,N,N,N,Y,N,N,新化學物質,
PSM-100,2588/4/7,phorate-sulfone,0.0127,% (w/w),N,N,N,N,N,Y,N,N,新化學物質,
PSM-100,39765-80-5,trans-nonachlor,0.0127,% (w/w),N,N,N,N,N,Y,N,N,新化學物質,
PSM-100,1975/5/8,acetonitrile,55-60,% (w/w),Y 4類，限值1%,N,N,N,N,N,N,N 少量,毒化物,毒化物+包裝
PSM-100,67-64-1,acetone,40.0911,% (w/w),N,N,N 2目少量,N,N 乙類，限值100%,N,N,N 少量,,
PSM-100,2132-70-9,"4,4'-methoxychlor olefin",0.0127,% (w/w),N,N,N,N,N,Y,N,N,新化學物質,
PSM-100,485-31-4,binapacryl,0.0127,% (w/w),N,N,N,N,N,N,N,N 少量,,
PSM-100,28057-48-9,bioallethrin,0.0127,% (w/w),N,N,N,N,N,N,N,N 少量,,
PSM-100,1469-48-3,"cis-1,2,3,6-tetrahydrophthalimide",0.0127,% (w/w),N,N,N,N,N,N,N,N 少量,,
PSM-100,61676-87-7,cymiazole,0.0127,% (w/w),N,N,N,N,N,Y,N,N,新化學物質,
PSM-100,29091-05-2,dinitramine,0.0127,% (w/w),N,N,N,N,N,N,N,N 少量,,
PSM-100,84030-86-4,esbiothrin,0.0127,% (w/w),N,N,N,N,N,N,N,N 少量,,
PSM-100,65907-30-4,furathiocarb,0.0127,% (w/w),N,N,N,N,N,N,N,N 少量,,
PSM-100,1836-75-5,nitrofen,0.0127,% (w/w),N 2類，限值1%,N,N,N,N,N,N,N 少量,,
PSM-100,281664-76-4,profoxydim-lithium,0.0127,% (w/w),N,N,N,N,N,N,N,N 少量,,
PSM-100,105024-66-6,silafluofen,0.0127,% (w/w),N,N,N,N,N,N,N,N 少量,,
PSM-100,50471-44-8,vinclozolin,0.0127,% (w/w),N,N,N 1目，限值1%,N,N,N,N,N 少量,,
PSM-100,1975/5/8,acetonitrile,95-100,% (w/w),Y 4類，限值1%,N,N,N,N,N,N,N 少量,毒化物,毒化物+包裝
PSM-100,3988/3/2,"4,4'-dibromobenzophenone",0.0127,% (w/w),N,N,N,N,N,N,N,N 少量,,
PSM-100,84-65-1,anthraquinone,0.0127,% (w/w),N,N,N,N,N,N,N,N 少量,,
PSM-100,1715-40-8,bromocyclen,0.0127,% (w/w),N,N,N,N,N,Y,N,N,新化學物質,
PSM-100,18181-80-1,bromopropylate,0.0127,% (w/w),N,N,N,N,N,N,N,N 少量,,
PSM-100,2425/6/1,captafol,0.0127,% (w/w),"N 2,3類，限值1%",N,N,N,N,N,N,N 少量,,
PSM-100,122453-73-0,chlorfenapyr,0.0127,% (w/w),N,N,N,N,N,N,N,N 少量,,
PSM-100,5103-71-9,cis-chlordane,0.0127,% (w/w),"N 1,3類，限值1%",N,N,N,N,N,N,N 少量,,
PSM-100,115-32-2,dicofol (kelthane),0.0127,% (w/w),N,N,N,N,N,N,N,N 少量,,
PSM-100,973-21-7,dinobuton,0.0127,% (w/w),N,N,N,N,N,Y,N,N,新化學物質,
PSM-100,4710-17-2,DMSA,0.0127,% (w/w),N,N,N,N,N,Y,N,N,新化學物質,
PSM-100,1031-07-8,endosulfan sulfate,0.0127,% (w/w),"N 1,3類，限值1%",N,N,N,N,N,N,N 少量,,
PSM-100,72-20-8,endrin,0.0127,% (w/w),"N 1,3類，限值1%",N,N,N,N,N,N,N 少量,,
PSM-100,53494-70-5,endrin ketone,0.0127,% (w/w),N,N,N,N,N,N,N,N 少量,,
PSM-100,37893-02-0,flubenzimine,0.0127,% (w/w),N,N,N,N,N,Y,N,N,新化學物質,
PSM-100,70124-77-5,flucythrinate,0.0127,% (w/w),N,N,N,N,N,N,N,N 少量,,
PSM-100,28044-83-9,heptachlor epoxide - isomer A,0.0127,% (w/w),N,N,N,N,N,N,N,N 少量,,
PSM-100,18854-01-8,isoxathion,0.0127,% (w/w),N,N,N,N,N,N,N,N 少量,,
PSM-100,298-00-0,methyl parathion,0.0127,% (w/w),N,N,N,N,N,N,N,N 少量,,
PSM-100,4726-14-1,nitralin,0.0127,% (w/w),N,N,N,N,N,Y,N,N,新化學物質,
PSM-100,1929-82-4,nitrapyrin,0.0127,% (w/w),N,N,N,N,N,N,N,N 少量,,
PSM-100,10552-74-6,nitrothal-isopropyl,0.0127,% (w/w),N,N,N,N,N,N,N,N 少量,,
PSM-100,42874-03-3,oxyfluorfen,0.0127,% (w/w),N,N,N,N,N,N,N,N 少量,,
PSM-100,56-38-2,parathion (ethyl),0.0127,% (w/w),N,N,N,N,N,N,N,N 少量,,
PSM-100,82-68-8,pentachloronitrobenzene,0.0127,% (w/w),N 1類，限值1%,N,N,N,N,N,N,N 少量,,
PSM-100,118712-89-3,transfluthrine,0.0127,% (w/w),N,N,N,N,N,N,N,N 少量,,
PSM-100,1582-09-8,trifluralin,0.0127,% (w/w),N,N,N,N,N,N,N,N 少量,,
PSM-100,1975/5/8,acetonitrile,95-100,% (w/w),Y 4類，限值1%,N,N,N,N,N,N,N 少量,毒化物,毒化物+包裝
PSM-100,1861-40-1,benefin (benfluralin),0.0127,% (w/w),N,N,N,N,N,N,N,N 少量,,
PSM-100,92-52-4,biphenyl,0.0127,% (w/w),"N (多氯聯苯1-10氯管制:聯苯) 1,2類，限值0.1%",N,N,N,N,N,N,N 少量,,
PSM-100,103-17-3,chlorbenside,0.0127,% (w/w),N,N,N,N,N,N,N,N 少量,,
PSM-100,14437-17-3,chlorfenprop-methyl,0.0127,% (w/w),N,N,N,N,N,Y,N,N,新化學物質,
PSM-100,24934-91-6,chlormephos,0.0127,% (w/w),N,N,N,N,N,Y,N,N,新化學物質,
PSM-100,2675-77-6,chloroneb,0.0127,% (w/w),N,N,N,N,N,N,N,N 少量,,
PSM-100,5836/10/2,chloropropylate,0.0127,% (w/w),N,N,N,N,N,N,N,N 少量,,
PSM-100,2593-15-9,etridiazole,0.0127,% (w/w),N,N,N,N,N,N,N,N 少量,,
PSM-100,33245-39-5,fluchloralin,0.0127,% (w/w),N,N,N,N,N,N,N,N 少量,,
PSM-100,2540-82-1,formothion,0.0127,% (w/w),N,N,N,N,N,N,N,N 少量,,
PSM-100,18181-70-9,iodofenphos (jodfenphos),0.0127,% (w/w),N,N,N,N,N,Y,N,N,新化學物質,
PSM-100,21609-90-5,leptophos,0.0127,% (w/w),"N 1,3類，限值1%",N,N,N,N,N,N,N 少量,,
PSM-100,72-56-0,perthane,0.0127,% (w/w),N,N,N,N,N,N,N,N 少量,,
PSM-100,297-78-9,telodrin,0.0127,% (w/w),N,N,N,N,N,N,N,N 少量,,
PSM-100,2227-13-6,tetrasul,0.0127,% (w/w),N,N,N,N,N,Y,N,N,新化學物質,
PSM-100,1975/5/8,acetonitrile,95-100,% (w/w),Y 4類，限值1%,N,N,N,N,N,N,N 少量,毒化物,毒化物+包裝
PSM-100,35367-38-5,diflubenzuron,0.0127,% (w/w),N,N,N,N,N,N,N,N 少量,,
PSM-100,126833-17-8,fenhexamid,0.0127,% (w/w),N,N,N,N,N,N,N,N 少量,,
PSM-100,113158-40-0,fenoxaprop-p,0.0127,% (w/w),N,N,N,N,N,Y,N,N,新化學物質,
PSM-100,69335-91-7,fluazifop,0.0127,% (w/w),N,N,N,N,N,N,N,N 少量,,
PSM-100,79622-59-6,fluazinam,0.0127,% (w/w),N,N,N,N,N,N,N,N 少量,,
PSM-100,131341-86-1,fludioxonil,0.0127,% (w/w),N,N,N,N,N,N,N,N 少量,,
PSM-100,69806-34-4,haloxyfop (free acid),0.0127,% (w/w),N,N,N,N,N,N,N,N 少量,,
PSM-100,103055-07-8,lufenuron,0.0127,% (w/w),N,N,N,N,N,N,N,N 少量,,
PSM-100,94-74-6,MCPA,0.0127,% (w/w),N,N,N,N,N,N,N,N 少量,,
PSM-100,94-81-5,MCPB,0.0127,% (w/w),N,N,N,N,N,N,N,N 少量,,
PSM-100,16484-77-8,mecoprop-p,0.0127,% (w/w),N,N,N,N,N,N,N,N 少量,,
PSM-100,555-37-3,neburon,0.0127,% (w/w),N,N,N,N,N,Y,N,N,新化學物質,
PSM-100,76578-12-6,quizalofop,0.0127,% (w/w),N,N,N,N,N,Y,N,N,新化學物質,
PSM-100,83121-18-0,teflubenzuron,0.0127,% (w/w),N,N,N,N,N,N,N,N 少量,,
PSM-100,26644-46-2,triforin,0.0127,% (w/w),N,N,N,N,N,N,N,N 少量,,
PSM-100,1975/5/8,acetonitrile,95-100,% (w/w),Y 4類，限值1%,N,N,N,N,N,N,N 少量,毒化物,毒化物+包裝
PSM-100,135410-20-7,acetamiprid,0.0127,% (w/w),N,N,N,N,N,N,N,N 少量,,
PSM-100,116-06-3,aldicarb,0.0127,% (w/w),N,N,N,N,N,N,N,N 少量,,
PSM-100,1646-88-4,aldicarb sulfone,0.0127,% (w/w),N,N,N,N,N,N,N,N 少量,,
PSM-100,1646-87-3,aldicarb sulfoxide,0.0127,% (w/w),N,N,N,N,N,N,N,N 少量,,
PSM-100,131860-33-8,azoxystrobin,0.0127,% (w/w),N,N,N,N,N,N,N,N 少量,,
PSM-100,188425-85-6,boscalid,0.0127,% (w/w),N,N,N,N,N,N,N,N 少量,,
PSM-100,10605-21-7,carbendazim,0.0127,% (w/w),N,N,N 1目，限值1%,N,N,N,N,N 少量,,
PSM-100,500008-45-7,chlorantraniliprole,0.0127,% (w/w),N,N,N,N,N,N,N,N 少量,,
PSM-100,72490-01-8,fenoxycarb,0.0127,% (w/w),N,N,N,N,N,N,N,N 少量,,
PSM-100,85509-19-9,flusilazole,0.0127,% (w/w),N,N,N 1目，限值1%,N,N,N,N,N 少量,,
PSM-100,35554-44-0,imazalil,0.0127,% (w/w),N,N,N,N,N,N,N,N 少量,,
PSM-100,138261-41-3,imidacloprid,0.0127,% (w/w),N,N,N,N,N,N,N,N 少量,,
PSM-100,173584-44-6,indoxacarb,0.0127,% (w/w),N,N,N,N,N,N,N,N 少量,,
PSM-100,2164/8/1,lenacil,0.0127,% (w/w),N,N,N,N,N,N,N,N 少量,,
PSM-100,23103-98-2,pirimicarb,0.0127,% (w/w),N,N,N,N,N,N,N,N 少量,,
PSM-100,30614-22-3,pirimicarb-desmethyl,0.0127,% (w/w),N,N,N,N,N,Y,N,N,新化學物質,
PSM-100,27218-04-8,pirimicarb-desmethyl-formamido,0.0127,% (w/w),N,N,N,N,N,Y,N,N,新化學物質,
PSM-100,24579-73-5,propamocarb,0.0127,% (w/w),N,N,N,N,N,N,N,N 少量,,
PSM-100,119168-77-3,tebufenpyrad,0.0127,% (w/w),N,N,N,N,N,N,N,N 少量,,
PSM-100,111988-49-9,thiacloprid,0.0127,% (w/w),N,N,N,N,N,N,N,N 少量,,
PSM-100,141517-21-7,trifloxystrobin,0.0127,% (w/w),N,N,N,N,N,N,N,N 少量,,
PSM-100,1975/5/8,acetonitrile,95-100,% (w/w),Y 4類，限值1%,N,N,N,N,N,N,N 少量,毒化物,毒化物+包裝
PSM-100,33089-61-1,amitraz,0.0127,% (w/w),N,N,N,N,N,N,N,N 少量,,
PSM-100,116255-48-2,bromuconazole,0.0127,% (w/w),N,N,N,N,N,N,N,N 少量,,
PSM-100,94361-06-5,cyproconazole,0.0127,% (w/w),N,N,N,N,N,N,N,N 少量,,
PSM-100,919-86-8,demeton-s-methyl,0.0127,% (w/w),N,N,N,N,N,N,N,N 少量,,
PSM-100,17040-19-6,demeton-S-methyl sulfone,0.0127,% (w/w),N,N,N,N,N,N,N,N 少量,,
PSM-100,119446-68-3,difenoconazole,0.0127,% (w/w),N,N,N,N,N,N,N,N 少量,,
PSM-100,83657-24-3,diniconazole,0.0127,% (w/w),N,N,N,N,N,N,N,N 少量,,
PSM-100,298-04-4,disulfoton,0.0127,% (w/w),N,N,N,N,N,N,N,N 少量,,
PSM-100,2497/7/6,disulfoton-sulfoxide,0.0127,% (w/w),N,N,N,N,N,Y,N,N,新化學物質,
PSM-100,60207-93-4,etaconazole,0.0127,% (w/w),N,N,N,N,N,Y,N,N,新化學物質,
PSM-100,114369-43-6,fenbuconazole,0.0127,% (w/w),N,N,N,N,N,Y,N,N,新化學物質,
PSM-100,55-38-9,fenthion,0.0127,% (w/w),N,N,N,N,N,N,N,N 少量,,
PSM-100,3761-41-9,fenthion-sulfoxide,0.0127,% (w/w),N,N,N,N,N,N,N,N 少量,,
PSM-100,136426-54-5,fluquinconazole,0.0127,% (w/w),N,N,N,N,N,Y,N,N,新化學物質,
PSM-100,79983-71-4,hexaconazole,0.0127,% (w/w),N,N,N,N,N,N,N,N 少量,,
PSM-100,86598-92-7,imibenconazole,0.0127,% (w/w),N,N,N,N,N,N,N,N 少量,,
PSM-100,125116-23-6,metconazole,0.0127,% (w/w),N,N,N,N,N,N,N,N 少量,,
PSM-100,301-12-2,oxydemeton methyl,0.0127,% (w/w),N,N,N 2目少量,N,N,N,N,N 少量,,
PSM-100,178928-70-6,prothioconazole,0.0127,% (w/w),N,N,N,N,N,N,N,N 少量,,
PSM-100,107534-96-3,tebuconazole,0.0127,% (w/w),N,N,N,N,N,N,N,N 少量,,
PSM-100,112281-77-3,tetraconazole,0.0127,% (w/w),N,N,N,N,N,N,N,N 少量,,
PSM-100,131983-72-7,triticonazole,0.0127,% (w/w),N,N,N,N,N,Y,N,N,新化學物質,
PSM-100,1975/5/8,acetonitrile,95-100,% (w/w),Y 4類，限值1%,N,N,N,N,N,N,N 少量,毒化物,毒化物+包裝
PSM-100,71751-41-2,abamectin,0.0127,% (w/w),N,N,N 2目少量,N,N,N,N,N 少量,,
PSM-100,15545-48-9,chlorotoluron,0.0127,% (w/w),N,N,N,N,N,N,N,N 少量,,
PSM-100,1982-47-4,chloroxuron,0.0127,% (w/w),N,N,N,N,N,Y,N,N,新化學物質,
PSM-100,330-54-1,diuron,0.0127,% (w/w),N,N,N,N,N,N,N,N 少量,,
PSM-100,101463-69-8,flufenoxuron,0.0127,% (w/w),N,N,N,N,N,N,N,N 少量,,
PSM-100,68157-60-8,forchlorfenuron (CPPU),0.0127,% (w/w),N,N,N,N,N,N,N,N 少量,,
PSM-100,34123-59-6,isoproturon,0.0127,% (w/w),N,N,N,N,N,N,N,N 少量,,
PSM-100,330-55-2,linuron,0.0127,% (w/w),N,N,N 1目，限值1%,N,N,N,N,N 少量,,
PSM-100,18691-97-9,methabenzthiazuron,0.0127,% (w/w),N,N,N,N,N,Y,N,N,新化學物質,
PSM-100,3060-89-7,metobromuron,0.0127,% (w/w),N,N,N,N,N,N,N,N 少量,,
PSM-100,220899-03-6,metrafenone,0.0127,% (w/w),N,N,N,N,N,N,N,N 少量,,
PSM-100,1746-81-2,monolinuron,0.0127,% (w/w),N,N,N,N,N,Y,N,N,新化學物質,
PSM-100,15299-99-7,napropamide,0.0127,% (w/w),N,N,N,N,N,N,N,N 少量,,
PSM-100,66063-05-6,pencycuron,0.0127,% (w/w),N,N,N,N,N,N,N,N 少量,,
PSM-100,189278-12-4,proquinazid,0.0127,% (w/w),N,N,N,N,N,N,N,N 少量,,
PSM-100,39184-59-3,thiofanox sulfone,0.0127,% (w/w),N,N,N,N,N,N,N,N 少量,,
PSM-100,39184-27-5,thiofanox sulfoxide,0.0127,% (w/w),N,N,N,N,N,N,N,N 少量,,
PSM-100,52-68-6,trichlorfon (dylox),0.0127,% (w/w),N,N,N,N,N,N,N,N 少量,,
PSM-100,64628-44-0,triflumuron,0.0127,% (w/w),N,N,N,N,N,N,N,N 少量,,
PSM-100,1975/5/8,acetonitrile,95-100,% (w/w),Y 4類，限值1%,N,N,N,N,N,N,N 少量,毒化物,毒化物+包裝
PSM-100,834-12-8,ametryn,0.0127,% (w/w),N,N,N,N,N,N,N,N 少量,,
PSM-100,1912-24-9,atrazine,0.0127,% (w/w),N,N,N,N,N,N,N,N 少量,,
PSM-100,21725-46-2,cyanazine,0.0127,% (w/w),N 2類，限值1%,N,N,N,N,N,N,N 少量,,
PSM-100,66215-27-8,cyromazine,0.0127,% (w/w),N,N,N,N,N,N,N,N 少量,,
PSM-100,87130-20-9,diethofencarb,0.0127,% (w/w),N,N,N,N,N,N,N,N 少量,,
PSM-100,4147-51-7,dipropetryn,0.0127,% (w/w),N,N,N,N,N,Y,N,N,新化學物質,
PSM-100,29973-13-5,ethiofencarb,0.0127,% (w/w),N,N,N,N,N,N,N,N 少量,,
PSM-100,53380-22-6,ethiofencarb sulfoxide,0.0127,% (w/w),N,N,N,N,N,Y,N,N,新化學物質,
PSM-100,3761-42-0,fenthion-sulfone,0.0127,% (w/w),N,N,N,N,N,N,N,N 少量,,
PSM-100,140923-17-7,iprovalicarb,0.0127,% (w/w),N,N,N,N,N,N,N,N 少量,,
PSM-100,1129-41-5,metolcarb,0.0127,% (w/w),N,N,N,N,N,N,N,N 少量,,
PSM-100,58810-48-3,ofurace,0.0127,% (w/w),N,N,N,N,N,N,N,N 少量,,
PSM-100,10453-86-8,resmethrin,0.0127,% (w/w),N,N,N,N,N,N,N,N 少量,,
PSM-100,122-34-9,simazine,0.0127,% (w/w),N,N,N,N,N,N,N,N 少量,,
PSM-100,59669-26-0,thiodicarb,0.0127,% (w/w),N,N,N,N,N,N,N,N 少量,,
PSM-100,1975/5/8,acetonitrile,95-100,% (w/w),Y 4類，限值1%,N,N,N,N,N,N,N 少量,毒化物,毒化物+包裝
PSM-100,135158-54-2,acibenzolar-s-methyl,0.0127,% (w/w),N,N,N,N,N,N,N,N 少量,,
PSM-100,1967-16-4,chlorbufam,0.0127,% (w/w),N,N,N,N,N,Y,N,N,新化學物質,
PSM-100,23947-60-6,ethirimol,0.0127,% (w/w),N,N,N,N,N,N,N,N 少量,,
PSM-100,23422-53-9,formetanate hydrochloride,0.0127,% (w/w),N,N,N,N,N,N,N,N 少量,,
PSM-100,63284-71-9,nuarimol,0.0127,% (w/w),N,N,N,N,N,N,N,N 少量,,
PSM-100,168316-95-8,spinosad,0.0127,% (w/w),N,N,N,N,N,N,N,N 少量,,
PSM-100,118134-30-8,spiroxamine,0.0127,% (w/w),N,N,N,N,N,N,N,N 少量,,
PSM-100,112410-23-8,tebufenozide,0.0127,% (w/w),N,N,N,N,N,N,N,N 少量,,
PSM-100,5915-41-3,terbuthylazine,0.0127,% (w/w),N,N,N,N,N,N,N,N 少量,,
PSM-100,148-79-8,thiabendazole,0.0127,% (w/w),N,N,N,N,N,N,N,N 少量,,
PSM-100,39196-18-4,thiofanox,0.0127,% (w/w),N,N,N,N,N,N,N,N 少量,,
PSM-100,55219-65-3,triadimenol,0.0127,% (w/w),N,N,N,N,N,N,N,N 少量,,
PSM-100,41814-78-2,tricyclazole,0.0127,% (w/w),N,N,N 2目少量,N,N,N,N,N 少量,,
PSM-100,1975/5/8,acetonitrile,95-100,% (w/w),Y 4類，限值1%,N,N,N,N,N,N,N 少量,毒化物,毒化物+包裝
PSM-100,34256-82-1,acetochlor,0.0127,% (w/w),N,N,N,N,N,N,N,N 少量,,
PSM-100,41483-43-6,bupirimate,0.0127,% (w/w),N,N,N,N,N,N,N,N 少量,,
PSM-100,38083-17-9,climbazol,0.0127,% (w/w),N,N,N,N,N,N,N,N 少量,,
PSM-100,105512-06-9,clodinafop-propargyl ester,0.0127,% (w/w),N,N,N,N,N,N,N,N 少量,,
PSM-100,99607-70-2,cloquintocet-1-methylhexyl ester,0.0127,% (w/w),N,N,N,N,N,N,N,N 少量,,
PSM-100,75736-33-3,diclobutrazol,0.0127,% (w/w),N,N,N,N,N,Y,N,N,新化學物質,
PSM-100,60168-88-9,fenarimol,0.0127,% (w/w),N,N,N,N,N,N,N,N 少量,,
PSM-100,74738-17-3,fenpiclonil,0.0127,% (w/w),N,N,N,N,N,N,N,N 少量,,
PSM-100,67306-00-7,fenpropidin,0.0127,% (w/w),N,N,N,N,N,N,N,N 少量,,
PSM-100,658066-35-4,fluopyram,0.0127,% (w/w),N,N,N,N,N,N,N,N 少量,,
PSM-100,31251-03-3,fluotrimazol,0.0127,% (w/w),N,N,N,N,N,Y,N,N,新化學物質,
PSM-100,143390-89-0,kresoxim-methyl,0.0127,% (w/w),N,N,N,N,N,N,N,N 少量,,
PSM-100,67129-08-2,metazachlor,0.0127,% (w/w),N,N,N,N,N,N,N,N 少量,,
PSM-100,2635/10/1,methiocarb sulfoxide,0.0127,% (w/w),N,N,N,N,N,N,N,N 少量,,
PSM-100,21087-64-9,metribuzin,0.0127,% (w/w),N,N,N,N,N,N,N,N 少量,,
PSM-100,2212-67-1,molinate,0.0127,% (w/w),N,N,N,N,N,N,N,N 少量,,
PSM-100,23950-58-5,pronamide,0.0127,% (w/w),N,N,N,N,N,N,N,N 少量,,
PSM-100,96489-71-3,pyridaben,0.0127,% (w/w),N,N,N,N,N,N,N,N 少量,,
PSM-100,56070-16-7,terbufos sulfone,0.0127,% (w/w),N,N,N,N,N,Y,N,N,新化學物質,
PSM-100,68694-11-1,triflumizole,0.0127,% (w/w),N,N,N,N,N,N,N,N 少量,,
PSM-100,1975/5/8,acetonitrile,95-100,% (w/w),Y 4類，限值1%,N,N,N,N,N,N,N 少量,毒化物,毒化物+包裝
PSM-100,81777-89-1,clomazone (command),0.0127,% (w/w),N,N,N,N,N,N,N,N 少量,,
PSM-100,50563-36-5,dimethachlor,0.0127,% (w/w),N,N,N,N,N,N,N,N 少量,,
PSM-100,957-51-7,diphenamid,0.0127,% (w/w),N,N,N,N,N,N,N,N 少量,,
PSM-100,2497/6/5,disulfoton sulfone,0.0127,% (w/w),N,N,N,N,N,Y,N,N,新化學物質,
PSM-100,31972-44-8,fenamiphos sulfone,0.0127,% (w/w),N,N,N,N,N,N,N,N 少量,,
PSM-100,31972-43-7,fenamiphos-sulfoxide,0.0127,% (w/w),N,N,N,N,N,Y,N,N,新化學物質,
PSM-100,56425-91-3,flurprimidol,0.0127,% (w/w),N,N,N,N,N,Y,N,N,新化學物質,
PSM-100,51235-04-2,hexazinone,0.0127,% (w/w),N,N,N,N,N,Y,N,N,新化學物質,
PSM-100,41394-05-2,metamitron,0.0127,% (w/w),N,N,N,N,N,N,N,N 少量,,
PSM-100,2179-25-1,methiocarb sulfone,0.0127,% (w/w),N,N,N,N,N,N,N,N 少量,,
PSM-100,181274-15-7,propoxycarbazone sodium salt,0.0127,% (w/w),N,N,N,N,N,N,N,N 少量,,
PSM-100,10548-10-4,terbufos sulfoxide,0.0127,% (w/w),N,N,N,N,N,N,N,N 少量,,
PSM-100,1975/5/8,acetonitrile,95-100,% (w/w),Y 4類，限值1%,N,N,N,N,N,N,N 少量,毒化物,毒化物+包裝
PSM-100,71626-11-4,benalaxyl,0.0127,% (w/w),N,N,N,N,N,N,N,N 少量,,
PSM-100,177406-68-7,benthiavalicarb-isopropyl,0.0127,% (w/w),N,N,N,N,N,Y,N,N,新化學物質,
PSM-100,55179-31-2,bitertanol,0.0127,% (w/w),N,N,N,N,N,N,N,N 少量,,
PSM-100,69327-76-0,buprofezin (buprofexin),0.0127,% (w/w),N,N,N,N,N,N,N,N 少量,,
PSM-100,63-25-2,carbaryl (sevin),0.0127,% (w/w),N,N,N 2目少量,N,N,N,N,N 少量,,
PSM-100,99129-21-2,clethodim,0.0127,% (w/w),N,N,N,N,N,N,N,N 少量,,
PSM-100,120116-88-3,cyazofamid,0.0127,% (w/w),N,N,N,N,N,N,N,N 少量,,
PSM-100,57966-95-7,cymoxanil,0.0127,% (w/w),N,N,N,N,N,N,N,N 少量,,
PSM-100,110488-70-5,dimethomorph,0.0127,% (w/w),N,N,N,N,N,N,N,N 少量,,
PSM-100,153233-91-1,etoxazol,0.0127,% (w/w),N,N,N,N,N,N,N,N 少量,,
PSM-100,131807-57-3,famoxadone,0.0127,% (w/w),N,N,N,N,N,N,N,N 少量,,
PSM-100,161326-34-7,fenamidone,0.0127,% (w/w),N,N,N,N,N,N,N,N 少量,,
PSM-100,79241-46-6,fluazifop-p-butyl,0.0127,% (w/w),N,N,N,N,N,N,N,N 少量,,
PSM-100,78587-05-0,hexythiazox,0.0127,% (w/w),N,N,N,N,N,N,N,N 少量,,
PSM-100,374726-62-2,mandipropamid,0.0127,% (w/w),N,N,N,N,N,N,N,N 少量,,
PSM-100,161050-58-4,methoxyfenozide,0.0127,% (w/w),N,N,N,N,N,N,N,N 少量,,
PSM-100,111479-05-1,propaquizafop,0.0127,% (w/w),N,N,N,N,N,N,N,N 少量,,
PSM-100,95737-68-1,pyriproxyfen,0.0127,% (w/w),N,N,N,N,N,N,N,N 少量,,
PSM-100,83-79-4,rotenone,0.0127,% (w/w),N,N,N,N,N,N,N,N 少量,,
PSM-100,148477-71-8,spirodiclofen,0.0127,% (w/w),N,N,N,N,N,N,N,N 少量,,
PSM-100,149979-41-9,tepraloxydim,0.0127,% (w/w),N,N,N,N,N,N,N,N 少量,,
PSM-100,153719-23-4,thiamethoxam,0.0127,% (w/w),N,N,N,N,N,N,N,N 少量,,
PSM-100,1975/5/8,acetonitrile,95-100,% (w/w),Y 4類，限值1%,N,N,N,N,N,N,N 少量,毒化物,毒化物+包裝
PSM-100,16655-82-6,3-hydroxycarbofuran,0.0127,% (w/w),N,N,N,N,N,N,N,N 少量,,
PSM-100,16118-49-3,carbetamide,0.0127,% (w/w),N,N,N,N,N,Y,N,N,新化學物質,
PSM-100,1563-66-2,carbofuran,0.0127,% (w/w),N,N,N 2目少量,N,N,N,N,N 少量,,
PSM-100,5234-68-4,carboxin,0.0127,% (w/w),N,N,N,N,N,N,N,N 少量,,
PSM-100,165252-70-0,dinotefuran,0.0127,% (w/w),N,N,N,N,N,N,N,N 少量,,
PSM-100,181587-01-9,ethiprole,0.0127,% (w/w),N,N,N,N,N,N,N,N 少量,,
PSM-100,361377-29-9,fluoxastrobin,0.0127,% (w/w),N,N,N,N,N,N,N,N 少量,,
PSM-100,57646-30-7,furalaxyl,0.0127,% (w/w),N,N,N,N,N,Y,N,N,新化學物質,
PSM-100,110235-47-7,mepanipyrim,0.0127,% (w/w),N,N,N,N,N,N,N,N 少量,,
PSM-100,55814-41-0,mepronil,0.0127,% (w/w),N,N,N,N,N,N,N,N 少量,,
PSM-100,84087-01-4,quinclorac,0.0127,% (w/w),N,N,N,N,N,N,N,N 少量,,
PSM-100,156052-68-5,zoxamide,0.0127,% (w/w),N,N,N,N,N,N,N,N 少量,,
PSM-100,1975/5/8,acetonitrile,95-100,% (w/w),Y 4類，限值1%,N,N,N,N,N,N,N 少量,毒化物,毒化物+包裝
PSM-100,17804-35-2,benomyl,0.0127,% (w/w),N,N,N 1目，限值1%,N,N,N,N,N 少量,,
PSM-100,74115-24-5,clofentezine,0.0127,% (w/w),N,N,N,N,N,N,N,N 少量,,
PSM-100,210880-92-5,clothianidin,0.0127,% (w/w),N,N,N,N,N,N,N,N 少量,,
PSM-100,120928-09-8,fenazaquin,0.0127,% (w/w),N,N,N,N,N,N,N,N 少量,,
PSM-100,57837-19-1,metalaxyl,0.0127,% (w/w),N,N,N,N,N,N,N,N 少量,,
PSM-100,16752-77-5,methomyl,0.0127,% (w/w),N,N,N 2目少量,N,N,N,N,N 少量,,
PSM-100,150824-47-8,nitenpyram,0.0127,% (w/w),N,N,N,N,N,N,N,N 少量,,
PSM-100,77732-09-3,oxadixyl,0.0127,% (w/w),N,N,N,N,N,N,N,N 少量,,
PSM-100,23135-22-0,oxamyl,0.0127,% (w/w),N,N,N 2目少量,N,N,N,N,N 少量,,
PSM-100,76738-62-0,paclobutrazol,0.0127,% (w/w),N,N,N,N,N,N,N,N 少量,,
PSM-100,13684-63-4,phenmedipham,0.0127,% (w/w),N,N,N,N,N,N,N,N 少量,,
PSM-100,67747-09-5,prochloraz,0.0127,% (w/w),N,N,N,N,N,N,N,N 少量,,
PSM-100,114-26-1,propoxur,0.0127,% (w/w),N,N,N,N,N,N,N,N 少量,,
PSM-100,123312-89-0,pymetrozine,0.0127,% (w/w),N,N,N,N,N,N,N,N 少量,,
PSM-100,122836-35-5,sulfentrazone,0.0127,% (w/w),N,N,N,N,N,Y,N,N,新化學物質,
PSM-100,23564-05-8,thiophanate methyl,0.0127,% (w/w),N,N,N 2目少量,N,N,N,N,N 少量,,
PSM-100,1975/5/8,acetonitrile,95-100,% (w/w),Y 4類，限值1%,N,N,N,N,N,N,N 少量,毒化物,毒化物+包裝
PSM-100,28434-01-7,bioresmethrin,0.0127,% (w/w),N,N,N,N,N,N,N,N 少量,,
PSM-100,80060-09-9,diafenthiuron,0.0127,% (w/w),N,N,N,N,N,N,N,N 少量,,
PSM-100,2439/10/3,dodine,0.0127,% (w/w),N,N,N,N,N,N,N,N 少量,,
PSM-100,119791-41-2,emamectin,0.0127,% (w/w),N,N,N,N,N,Y,N,N,新化學物質,
PSM-100,133855-98-8,epoxiconazole,0.0127,% (w/w),N,N,N,N,N,N,N,N 少量,,
PSM-100,759-94-4,EPTC,0.0127,% (w/w),N,N,N,N,N,N,N,N 少量,,
PSM-100,6552/12/1,fenthion oxon,0.0127,% (w/w),N,N,N,N,N,Y,N,N,新化學物質,
PSM-100,63782-90-1,flamprop-m-isopropyl,0.0127,% (w/w),N,N,N,N,N,Y,N,N,新化學物質,
PSM-100,239110-15-7,fluopicolide,0.0127,% (w/w),N,N,N,N,N,N,N,N 少量,,
PSM-100,117337-19-6,fluthiacet-methyl,0.0127,% (w/w),N,N,N,N,N,Y,N,N,新化學物質,
PSM-100,72178-02-0,fomesafen,0.0127,% (w/w),N,N,N,N,N,Y,N,N,新化學物質,
PSM-100,119515-38-7,icaridin,0.0127,% (w/w),N,N,N,N,N,N,N,N 少量,,
PSM-100,14086-35-2,MPP oxon sulfone,0.0127,% (w/w),N,N,N,N,N,Y,N,N,新化學物質,
PSM-100,106700-29-2,pethoxamid,0.0127,% (w/w),N,N,N,N,N,Y,N,N,新化學物質,
PSM-100,281664-76-4,profoxydim-lithium,0.0127,% (w/w),N,N,N,N,N,N,N,N 少量,,
PSM-100,175013-18-0,pyraclostrobin,0.0127,% (w/w),N,N,N,N,N,N,N,N 少量,,
PSM-100,90717-03-6,quinmerac,0.0127,% (w/w),N,N,N,N,N,N,N,N 少量,,
PSM-100,99105-77-8,sulcotrione,0.0127,% (w/w),N,N,N,N,N,N,N,N 少量,,
PSM-100,5902-51-2,terbacil,0.0127,% (w/w),N,N,N,N,N,Y,N,N,新化學物質,
PSM-100,101200-48-0,tribenuron-methyl (technical),0.0127,% (w/w),N,N,N,N,N,Y,N,N,新化學物質,
PSM-100,83657-22-1,uniconazole,0.0127,% (w/w),N,N,N,N,N,N,N,N 少量,,
PSM-100,1975/5/8,acetonitrile,95-100,% (w/w),Y 4類，限值1%,N,N,N,N,N,N,N 少量,毒化物,毒化物+包裝
PSM-100,534-52-1,"2-methyl-4,6-dinitrophenol",0.0127,% (w/w),N 1類，限值1%,N,N,N,N,N,N,N 少量,,
PSM-100,314-40-9,bromacil,0.0127,% (w/w),N,N,N,N,N,N,N,N 少量,,
PSM-100,1918-13-4,chlorthiamid,0.0127,% (w/w),N,N,N,N,N,N,N,N 少量,,
PSM-100,1702-17-6,clopyralid,0.0127,% (w/w),N,N,N,N,N,N,N,N 少量,,
PSM-100,1596-84-5,daminozide,0.0127,% (w/w),N 3類，限值1%,N,N,N,N,N,N,N 少量,,
PSM-100,2303-16-4,diallate (total),0.0127,% (w/w),N,N,N,N,N,N,N,N 少量,,
PSM-100,88-85-7,dinoseb,0.0127,% (w/w),"N 1,3類，限值1%",N,N,N,N,N,N,N 少量,,
PSM-100,3347-22-6,dithianon,0.0127,% (w/w),N,N,N,N,N,N,N,N 少量,,
PSM-100,91-53-2,ethoxyquin,0.0127,% (w/w),N,N,N,N,N,N,N,N 少量,,
PSM-100,67564-91-4,fenpropimorph,0.0127,% (w/w),N,N,N,N,N,N,N,N 少量,,
PSM-100,134098-61-6,fenpyroximate,0.0127,% (w/w),N,N,N,N,N,N,N,N 少量,,
PSM-100,55512-33-9,pyridate,0.0127,% (w/w),N,N,N,N,N,Y,N,N,新化學物質,
PSM-100,74051-80-2,sethoxydim,0.0127,% (w/w),N,N,N,N,N,N,N,N 少量,,
PSM-100,24602-86-6,tridemorph,0.0127,% (w/w),N,N,N 1目，限值1%,N,N,N,N,N 少量,,
PSM-100,1975/5/8,acetonitrile,95-100,% (w/w),Y 4類，限值1%,N,N,N,N,N,N,N 少量,毒化物,毒化物+包裝
PSM-100,101-05-3,anilazine,0.0127,% (w/w),N,N,N,N,N,N,N,N 少量,,
PSM-100,33629-47-9,butralin,0.0127,% (w/w),N,N,N,N,N,N,N,N 少量,,
PSM-100,39300-45-3,dinocap,0.0127,% (w/w),N,N,N,N,N,N,N,N 少量,,
PSM-100,122-39-4,diphenylamine,0.0127,% (w/w),N 4類，限值1%,N,N,N,N,N,N,N 少量,,
PSM-100,27314-13-2,norflurazon,0.0127,% (w/w),N,N,N,N,N,N,N,N 少量,,
PSM-100,66246-88-6,penconazole,0.0127,% (w/w),N,N,N,N,N,N,N,N 少量,,
PSM-100,88283-41-4,pyrifenox,0.0127,% (w/w),N,N,N,N,N,N,N,N 少量,,
PSM-100,124495-18-7,quinoxyphen,0.0127,% (w/w),N,N,N,N,N,N,N,N 少量,,
PSM-100,43121-43-3,triadimefon,0.0127,% (w/w),N,N,N,N,N,N,N,N 少量,,
5190-9424,7647-01-0,Hydrochloric acid,3.7,%,N,N,N 2目少量,N,N 乙類，限值100%,N,N,N 少量,,
5190-9424,7440-57-5,Gold,0.01,%,N,N,N,N,N,N,N,N 少量,,
5190-9424,12645-45-3,Iridium chloride,0.01,%,N,N,N,N,N,Y,N,N,新化學物質,
5190-9424,12125-08-5,Ammonium osmium chloride,0.01,%,N,N,N,N,N,N,N,N 少量,,
5190-9424,7440/5/3,Palladium,0.01,%,N,N,N,N,N,N,N,N 少量,,
5190-9424,7440/6/4,Platinum,0.01,%,N,N,N,N,N,N,N,N 少量,,
5190-9424,10049-07-7,Rhodium(III) chloride,0.01,%,N,N,N,N,N,N,N,N 少量,,
5190-9424,10049-08-8,Ruthenium chloride,0.01,%,N,N,N,N,N,N,N,N 少量,,
5190-9424,13494-80-9,Tellurium,0.01,%,N,N,N,N,N,N,N,N 少量,,
5190-9424,7732-18-5,Water,96.22,%,N,N,N,N,N,N,N,N 少量,,
PSM-102,99129-21-2,clethodim,100,% (w/w),N,N,N,N,N,N,N,N 少量,,
PSM-102,23560-59-0,heptenophos,100,% (w/w),N,N,N,N,N,N,N,N 少量,,
PSM-102,1975/5/8,acetonitrile,95-100,% (w/w),Y 4類，限值1%,N,N,N,N,N,N,N 少量,毒化物,毒化物+包裝
PSM-102,87130-20-9,diethofencarb,0.0127,% (w/w),N,N,N,N,N,N,N,N 少量,,
PSM-102,115-90-2,fensulfothion,0.0127,% (w/w),N,N,N,N,N,N,N,N 少量,,
PSM-102,35400-43-2,O-ethyl O-(4-methylthiophenyl) S-propyldithiophosphate,0.0127,% (w/w),N,N,N,N,N,N,N,N 少量,,
PSM-102,121-75-5,malathion,0.0127,% (w/w),N,N,N,N,N,N,N,N 少量,,
PSM-102,3766-60-7,buturon,0.0127,% (w/w),N,N,N,N,N,Y,N,N,新化學物質,
PSM-102,107-49-3,TEPP,0.0127,% (w/w),N,N,N,N,N,Y,N,N,新化學物質,
PSM-102,32809-16-8,procymidone,0.0127,% (w/w),N,N,N,N,N,N,N,N 少量,,
PSM-102,24579-73-5,propamocarb,0.0127,% (w/w),N,N,N,N,N,N,N,N 少量,,
PSM-102,5221-53-4,Dimethirimol,0.0127,% (w/w),N,N,N,N,N,Y,N,N,新化學物質,
PSM-102,149979-41-9,tepraloxydim,0.0127,% (w/w),N,N,N,N,N,N,N,N 少量,,
PSM-102,80060-09-9,diafenthiuron,0.0127,% (w/w),N,N,N,N,N,N,N,N 少量,,
PSM-102,1979/6/1,acrylamide,0.0127,% (w/w),"N 2,3類，限值30%",N,N 1目，限值1%,N,N,N,N,N 少量,,
PSM-102,1975/5/8,acetonitrile,95-100,% (w/w),Y 4類，限值1%,N,N,N,N,N,N,N 少量,毒化物,毒化物+包裝
PSM-102,115-93-5,cythioate,0.0127,% (w/w),N,N,N,N,N,Y,N,N,新化學物質,
PSM-102,110488-70-5,dimethomorph,0.0127,% (w/w),N,N,N,N,N,N,N,N 少量,,
PSM-102,50594-66-6,acifluorfen,0.0127,% (w/w),N,N,N,N,N,N,N,N 少量,,
PSM-102,22781-23-3,bendiocarb,0.0127,% (w/w),N,N,N,N,N,N,N,N 少量,,
PSM-102,33820-53-0,isopropalin,0.0127,% (w/w),N,N,N,N,N,Y,N,N,新化學物質,
PSM-102,66246-88-6,penconazole,0.0127,% (w/w),N,N,N,N,N,N,N,N 少量,,
PSM-102,2008-58-4,"2,6-Dichlorobenzamide",0.0127,% (w/w),N,N,N,N,N,N,N,N 少量,,
PSM-102,90-98-2,"4,4'-dichlorobenzophenone",0.0127,% (w/w),N,N,N,N,N,N,N,N 少量,,
PSM-102,533-74-4,Dazomet,0.0127,% (w/w),N,N,N,N,N,N,N,N 少量,,
PSM-102,23947-60-6,Ethirimol,0.0127,% (w/w),N,N,N,N,N,N,N,N 少量,,
PSM-102,96525-23-4,Flurtamone,0.0127,% (w/w),N,N,N,N,N,Y,N,N,新化學物質,
PSM-102,29091-05-2,dinitramine,0.0127,% (w/w),N,N,N,N,N,N,N,N 少量,,
PSM-102,57052-04-7,Isomethiozin,0.0127,% (w/w),N,N,N,N,N,Y,N,N,新化學物質,
PSM-102,39184-27-5,Thiofanox-sulfoxide,0.0127,% (w/w),N,N,N,N,N,N,N,N 少量,,
PSM-102,1975/5/8,acetonitrile,95-100,% (w/w),Y 4類，限值1%,N,N,N,N,N,N,N 少量,毒化物,毒化物+包裝
PSM-102,2303-16-4,diallate,0.0127,% (w/w),N,N,N,N,N,N,N,N 少量,,
PSM-102,2463-84-5,dicapthon,0.0127,% (w/w),N,N,N,N,N,Y,N,N,新化學物質,
PSM-102,2104-64-5,EPN,0.0127,% (w/w),N,N,N,N,N,N,N,N 少量,,
PSM-102,52888-80-9,prosulfocarb,0.0127,% (w/w),N,N,N,N,N,N,N,N 少量,,
PSM-102,5234-68-4,carboxin,0.0127,% (w/w),N,N,N,N,N,N,N,N 少量,,
PSM-102,51218-45-2,metolachlor,0.0127,% (w/w),N,N,N,N,N,N,N,N 少量,,
PSM-102,1702-17-6,clopyralid,0.0127,% (w/w),N,N,N,N,N,N,N,N 少量,,
PSM-102,61213-25-0,flurochloridon,0.0127,% (w/w),N,N,N,N,N,Y,N,N,新化學物質,
PSM-102,135410-20-7,acetamiprid,0.0127,% (w/w),N,N,N,N,N,N,N,N 少量,,
PSM-102,135158-54-2,acibenzolar-S-methyl,0.0127,% (w/w),N,N,N,N,N,N,N,N 少量,,
PSM-102,37893-02-0,Flubenzimin,0.0127,% (w/w),N,N,N,N,N,Y,N,N,新化學物質,
PSM-102,104030-54-8,carpropamid,0.0127,% (w/w),N,N,N,N,N,N,N,N 少量,,
PSM-102,10004-44-1,hymexazol,0.0127,% (w/w),N,N,N,N,N,N,N,N 少量,,
PSM-102,122836-35-5,sulfentrazone,0.0127,% (w/w),N,N,N,N,N,Y,N,N,新化學物質,
PSM-102,145701-23-1,Florasulam,0.0127,% (w/w),N,N,N,N,N,Y,N,N,新化學物質,
PSM-102,1975/5/8,acetonitrile,95-100,% (w/w),Y 4類，限值1%,N,N,N,N,N,N,N 少量,毒化物,毒化物+包裝
PSM-102,93-71-0,allidochlor,0.0127,% (w/w),N,N,N,N,N,Y,N,N,新化學物質,
PSM-102,77501-90-7,fluoroglycofen-ethyl,0.0127,% (w/w),N,N,N,N,N,N,N,N 少量,,
PSM-102,24934-91-6,Chlormefos,0.0127,% (w/w),N,N,N,N,N,Y,N,N,新化學物質,
PSM-102,69806-50-4,fluazifop-butyl,0.0127,% (w/w),N,N,N,N,N,N,N,N 少量,,
PSM-102,1918-13-4,chlorthiamid,0.0127,% (w/w),N,N,N,N,N,N,N,N 少量,,
PSM-102,24602-86-6,tridemorph,0.0127,% (w/w),N,N,N 1目，限值1%,N,N,N,N,N 少量,,
PSM-102,3761-42-0,fenthion-sulfone,0.0127,% (w/w),N,N,N,N,N,N,N,N 少量,,
PSM-102,117428-22-5,picoxystrobin,0.0127,% (w/w),N,N,N,N,N,N,N,N 少量,,
PSM-102,60568-05-0,furmecyclox,0.0127,% (w/w),N,N,N,N,N,N,N,N 少量,,
PSM-102,86763-47-5,propisochlor,0.0127,% (w/w),N,N,N,N,N,Y,N,N,新化學物質,
PSM-102,950-10-7,mephosfolan,0.0127,% (w/w),N,N,N,N,N,N,N,N 少量,,
PSM-102,19750-95-9,chlordimeform hydrochloride,0.0127,% (w/w),N,N,N,N,N,Y,N,N,新化學物質,
PSM-102,86811-58-7,Fluazuron,0.0127,% (w/w),N,N,N,N,N,N,N,N 少量,,
PSM-102,122-16-7,Sulfanitran,0.0127,% (w/w),N,N,N,N,N,N,N,N 少量,,
PSM-102,75-64-9,tert-butylamine,0.0127,% (w/w),N,N,N,N,N,N,N,N 少量,,
PSM-102,1975/5/8,acetonitrile,85-90,% (w/w),Y 4類，限值1%,N,N,N,N,N,N,N 少量,毒化物,毒化物+包裝
PSM-102,67-56-1,methanol,10.039,% (w/w),N,N,N 2目少量,N,N,N,N,N 少量,,
PSM-102,34256-82-1,acetochlor,0.0127,% (w/w),N,N,N,N,N,N,N,N 少量,,
PSM-102,16118-49-3,carbetamide,0.0127,% (w/w),N,N,N,N,N,Y,N,N,新化學物質,
PSM-102,919-86-8,Demeton-S-methyl,0.0127,% (w/w),N,N,N,N,N,N,N,N 少量,,
PSM-102,1918-16-7,propachlor,0.0127,% (w/w),N,N,N,N,N,N,N,N 少量,,
PSM-102,1582-09-8,trifluralin,0.0127,% (w/w),N,N,N,N,N,N,N,N 少量,,
PSM-102,26259-45-0,secbumeton,0.0127,% (w/w),N,N,N,N,N,N,N,N 少量,,
PSM-102,50471-44-8,vinclozolin,0.0127,% (w/w),N,N,N 1目，限值1%,N,N,N,N,N 少量,,
PSM-102,14816-18-3,phoxim,0.0127,% (w/w),N,N,N,N,N,N,N,N 少量,,
PSM-102,123-33-1,maleic hydrazide,0.0127,% (w/w),N,N,N,N,N,N,N,N 少量,,
PSM-102,15310-01-7,benodanil,0.0127,% (w/w),N,N,N,N,N,Y,N,N,新化學物質,
PSM-102,60238-56-4,chlorthiophos,0.0127,% (w/w),N,N,N,N,N,N,N,N 少量,,
PSM-102,51218-49-6,pretilachlor,0.0127,% (w/w),N,N,N,N,N,N,N,N 少量,,
PSM-102,136849-15-5,Cyclosulfamuron,0.0127,% (w/w),N,N,N,N,N,N,N,N 少量,,
PSM-102,563-12-2,ethion,0.0127,% (w/w),N,N,N 2目少量,N,N,N,N,N 少量,,
PSM-102,1975/5/8,acetonitrile,95-100,% (w/w),Y 4類，限值1%,N,N,N,N,N,N,N 少量,毒化物,毒化物+包裝
PSM-102,66332-96-5,flutolanil,0.0127,% (w/w),N,N,N,N,N,N,N,N 少量,,
PSM-102,23135-22-0,oxamyl,0.0127,% (w/w),N,N,N 2目少量,N,N,N,N,N 少量,,
PSM-102,6988-21-2,dioxacarb,0.0127,% (w/w),N,N,N,N,N,N,N,N 少量,,
PSM-102,81335-77-5,imazethapyr,0.0127,% (w/w),N,N,N,N,N,N,N,N 少量,,
PSM-102,1610-17-9,atraton,0.0127,% (w/w),N,N,N,N,N,Y,N,N,新化學物質,
PSM-102,15972-60-8,alachlor (ISO),0.0127,% (w/w),N,N,N 2目少量,N,N,N,N,N 少量,,
PSM-102,23184-66-9,butachlor,0.0127,% (w/w),N,N,N,N,N,N,N,N 少量,,
PSM-102,134-62-3,deet,0.0127,% (w/w),N,N,N,N,N,N,N,N 少量,,
PSM-102,93-76-5,"2,4,5-T",0.0127,% (w/w),N,N,N,N,N,N,N,N 少量,,
PSM-102,31972-44-8,fenamiphos-sulfone,0.0127,% (w/w),N,N,N,N,N,N,N,N 少量,,
PSM-102,111812-58-9,fenpyroximate,0.0127,% (w/w),N,N,N,N,N,N,N,N 少量,,
PSM-102,175013-18-0,pyraclostrobin,0.0127,% (w/w),N,N,N,N,N,N,N,N 少量,,
PSM-102,73250-68-7,mefenacet,0.0127,% (w/w),N,N,N,N,N,N,N,N 少量,,
PSM-102,89784-60-1,pyraclofos,0.0127,% (w/w),N,N,N,N,N,Y,N,N,新化學物質,
PSM-102,24307-26-4,mepiquat chloride,0.0127,% (w/w),N,N,N,N,N,N,N,N 少量,,
PSM-102,1975/5/8,acetonitrile,95-100,% (w/w),Y 4類，限值1%,N,N,N,N,N,N,N 少量,毒化物,毒化物+包裝
PSM-102,13593-03-8,quinalphos,0.0127,% (w/w),N,N,N,N,N,N,N,N 少量,,
PSM-102,1967-16-4,chlorbufam,0.0127,% (w/w),N,N,N,N,N,Y,N,N,新化學物質,
PSM-102,841-06-5,methoprotryne,0.0127,% (w/w),N,N,N,N,N,Y,N,N,新化學物質,
PSM-102,58769-20-3,Kadethrin,0.0127,% (w/w),N,N,N,N,N,N,N,N 少量,,
PSM-102,55861-78-4,Isouron,0.0127,% (w/w),N,N,N,N,N,N,N,N 少量,,
PSM-102,68157-60-8,CPPU,0.0127,% (w/w),N,N,N,N,N,N,N,N 少量,,
PSM-102,150114-71-9,Aminopyralid,0.0127,% (w/w),N,N,N,N,N,Y,N,N,新化學物質,
PSM-102,82692-44-2,benzofenap,0.0127,% (w/w),N,N,N,N,N,Y,N,N,新化學物質,
PSM-102,14816-20-7,chlorphoxim,0.0127,% (w/w),N,N,N,N,N,Y,N,N,新化學物質,
PSM-102, 77-06-5,gibberellic acid,0.0127,% (w/w),N,N,N,N,N,N,N,N 少量,,
PSM-102,23564-06-9,thiophanate,0.0127,% (w/w),N,N,N,N,N,N,N,N 少量,,
PSM-102,70898-34-9,vamidothion sulfone,0.0127,% (w/w),N,N,N,N,N,Y,N,N,新化學物質,
PSM-102,3042-84-0,bromopyrazone,0.0127,% (w/w),N,N,N,N,N,Y,N,N,新化學物質,
PSM-102,1975/5/8,acetonitrile,95-100,% (w/w),Y 4類，限值1%,N,N,N,N,N,N,N 少量,毒化物,毒化物+包裝
PSM-102,114369-43-6,fenbuconazole,0.0127,% (w/w),N,N,N,N,N,Y,N,N,新化學物質,
PSM-102,72490-01-8,fenoxycarb,0.0127,% (w/w),N,N,N,N,N,N,N,N 少量,,
PSM-102,110235-47-7,mepanipyrim,0.0127,% (w/w),N,N,N,N,N,N,N,N 少量,,
PSM-102,52-85-7,famphur,0.0127,% (w/w),N,N,N,N,N,N,N,N 少量,,
PSM-102,90982-32-4,chlorimuron ethyl,0.0127,% (w/w),N,N,N,N,N,N,N,N 少量,,
PSM-102,116-06-3,aldicarb,0.0127,% (w/w),N,N,N,N,N,N,N,N 少量,,
PSM-102,26225-79-6,ethofumasate,0.0127,% (w/w),N,N,N,N,N,N,N,N 少量,,
PSM-102,5131-24-8,ditalimfos,0.0127,% (w/w),N,N,N,N,N,N,N,N 少量,,
PSM-102,88-85-7,dinoseb,0.0127,% (w/w),"N 1,3類，限值1%",N,N,N,N,N,N,N 少量,,
PSM-102,75-99-0,dalapon,0.0127,% (w/w),N,N,N,N,N,N,N,N 少量,,
PSM-102,81335-37-7,imazaquin,0.0127,% (w/w),N,N,N,N,N,N,N,N 少量,,
PSM-102,2686-99-9,"3,4,5-trimethacarb",0.0127,% (w/w),N,N,N,N,N,Y,N,N,新化學物質,
PSM-102,111988-49-9,thiacloprid,0.0127,% (w/w),N,N,N,N,N,N,N,N 少量,,
PSM-102,95465-99-9,cadusafos,0.0127,% (w/w),N,N,N,N,N,N,N,N 少量,,
PSM-102,87237-48-7,haloxyfop-2-ethoxyethyl,0.0127,% (w/w),N,N,N,N,N,Y,N,N,新化學物質,
PSM-102,1975/5/8,acetonitrile,95-100,% (w/w),Y 4類，限值1%,N,N,N,N,N,N,N 少量,毒化物,毒化物+包裝
PSM-102,56-72-4,coumaphos,0.0127,% (w/w),N,N,N 2目少量,N,N,N,N,N 少量,,
PSM-102,13171-21-6,phosphamidon (dimecron),0.0127,% (w/w),N,N,N,N,N,N,N,N 少量,,
PSM-102,2275-23-2,vamidothion,0.0127,% (w/w),N,N,N,N,N,N,N,N 少量,,
PSM-102,534-52-1,"2-methyl-4,6-dinitrophenol",0.0127,% (w/w),N 3類，限值1%,N,N,N,N,N,N,N 少量,,
PSM-102,25057-89-0,bentazon,0.0127,% (w/w),N,N,N,N,N,N,N,N 少量,,
PSM-102,52315-07-8,cypermethrin,0.0127,% (w/w),N,N,N 2目少量,N,N,N,N,N 少量,,
PSM-102,23950-58-5,pronamide,0.0127,% (w/w),N,N,N,N,N,N,N,N 少量,,
PSM-102,55179-31-2,baycor (bitertanol),0.0127,% (w/w),N,N,N,N,N,N,N,N 少量,,
PSM-102, 95-06-7,vegadex,0.0127,% (w/w),N,N,N,N,N,Y,N,N,新化學物質,
PSM-102,65907-30-4,furathiocarb,0.0127,% (w/w),N,N,N,N,N,N,N,N 少量,,
PSM-102,34681-10-2,butocarboxim,0.0127,% (w/w),N,N,N,N,N,N,N,N 少量,,
PSM-102,999-81-5,chlormequat chloride,0.0127,% (w/w),N,N,N,N,N,N,N,N 少量,,
PSM-102,161050-58-4,methoxyfenozide,0.0127,% (w/w),N,N,N,N,N,N,N,N 少量,,
PSM-102,120116-88-3,cyazofamid,0.0127,% (w/w),N,N,N,N,N,N,N,N 少量,,
PSM-102,199338-48-2,imibenconazole-desbenzyl,0.0127,% (w/w),N,N,N,N,N,Y,N,N,新化學物質,
PSM-102,1975/5/8,acetonitrile,95-100,% (w/w),Y 4類，限值1%,N,N,N,N,N,N,N 少量,毒化物,毒化物+包裝
PSM-102,119-12-0,pyridaphenthion,0.0127,% (w/w),N,N,N,N,N,N,N,N 少量,,
PSM-102,15545-48-9,chlortoluron,0.0127,% (w/w),N,N,N,N,N,N,N,N 少量,,
PSM-102,1420-07-1,dinoterb,0.0127,% (w/w),N,N,N,N,N,N,N,N 少量,,
PSM-102,10265-92-6,methamidophos,0.0127,% (w/w),N,N,N 2目少量,N,N,N,N,N 少量,,
PSM-102,1610-18-0,prometon,0.0127,% (w/w),N,N,N,N,N,Y,N,N,新化學物質,
PSM-102,13071-79-9,terbufos,0.0127,% (w/w),N,N,N 2目少量,N,N,N,N,N 少量,,
PSM-102,57966-95-7,cymoxanil,0.0127,% (w/w),N,N,N,N,N,N,N,N 少量,,
PSM-102,33399-00-7,bromfenvinphos,0.0127,% (w/w),N,N,N,N,N,Y,N,N,新化學物質,
PSM-102,13684-56-5,desmedipham,0.0127,% (w/w),N,N,N,N,N,N,N,N 少量,,
PSM-102,35575-96-3,azamethiphos,0.0127,% (w/w),N,N,N,N,N,N,N,N 少量,,
PSM-102,142459-58-3,flufenacet,0.0127,% (w/w),N,N,N,N,N,N,N,N 少量,,
PSM-102,139528-85-1,metosulam,0.0127,% (w/w),N,N,N,N,N,Y,N,N,新化學物質,
PSM-102,22936-75-0,dimethametryn,0.0127,% (w/w),N,N,N,N,N,N,N,N 少量,,
PSM-102,150824-47-8,nitenpyram,0.0127,% (w/w),N,N,N,N,N,N,N,N 少量,,
PSM-102,85-68-7,"phthalic acid, benzyl butyl ester",0.0127,% (w/w),"N 1,2類，限值10%",N,N,N,N,N,N,N 少量,,
PSM-102,1975/5/8,acetonitrile,95-100,% (w/w),Y 4類，限值1%,N,N,N,N,N,N,N 少量,毒化物,毒化物+包裝
PSM-102,83657-24-3,diniconazole,0.0127,% (w/w),N,N,N,N,N,N,N,N 少量,,
PSM-102,81405-85-8,imazamethabenz-methyl,0.0127,% (w/w),N,N,N,N,N,N,N,N 少量,,
PSM-102,143390-89-0,kresoxim-methyl,0.0127,% (w/w),N,N,N,N,N,N,N,N 少量,,
PSM-102,10453-86-8,resmethrin,0.0127,% (w/w),N,N,N,N,N,N,N,N 少量,,
PSM-102,121552-61-2,cyprodinil,0.0127,% (w/w),N,N,N,N,N,N,N,N 少量,,
PSM-102,15545-48-9,chlortoluron,0.0127,% (w/w),N,N,N,N,N,N,N,N 少量,,
PSM-102,759-94-4,EPTC,0.0127,% (w/w),N,N,N,N,N,N,N,N 少量,,
PSM-102,61949-77-7,trans-permethrin,0.0127,% (w/w),N,N,N,N,N,Y,N,N,新化學物質,
PSM-102,23103-98-2,pirimicarb,0.0127,% (w/w),N,N,N,N,N,N,N,N 少量,,
PSM-102,52756-22-6,flamprop-isopropyl,0.0127,% (w/w),N,N,N,N,N,Y,N,N,新化學物質,
PSM-102,50563-36-5,dimethachlor,0.0127,% (w/w),N,N,N,N,N,N,N,N 少量,,
PSM-102,149877-41-8,bifenazate,0.0127,% (w/w),N,N,N,N,N,N,N,N 少量,,
PSM-102,87546-18-7,flumiclorac-pentyl,0.0127,% (w/w),N,N,N,N,N,Y,N,N,新化學物質,
PSM-102,113136-77-9,cyclanilide,0.0127,% (w/w),N,N,N,N,N,Y,N,N,新化學物質,
PSM-102,1975/5/8,acetonitrile,95-100,% (w/w),Y 4類，限值1%,N,N,N,N,N,N,N 少量,毒化物,毒化物+包裝
PSM-102,2642-71-9,azinphos-ethyl,0.0127,% (w/w),N,N,N,N,N,N,N,N 少量,,
PSM-102,1214-39-7,benzoaminopurine,0.0127,% (w/w),N,N,N,N,N,N,N,N 少量,,
PSM-102,4824-78-6,bromophos-ethyl,0.0127,% (w/w),N,N,N,N,N,N,N,N 少量,,
PSM-102,96-45-7,ethylenethiourea (imidazolidinethione),0.0127,% (w/w),N,N,N 1目，限值1%,N,N,N,N,N 少量,,
PSM-102,126833-17-8,fenhexamid,0.0127,% (w/w),N,N,N,N,N,N,N,N 少量,,
PSM-102,26087-47-8,iprobenfos,0.0127,% (w/w),N,N,N,N,N,N,N,N 少量,,
PSM-102,2631-40-5,isoprocarb,0.0127,% (w/w),N,N,N,N,N,N,N,N 少量,,
PSM-102,1634-78-2,malaoxon,0.0127,% (w/w),N,N,N,N,N,N,N,N 少量,,
PSM-102,93-65-2,MCPP (mecoprop),0.0127,% (w/w),N,N,N,N,N,N,N,N 少量,,
PSM-102,55814-41-0,mepronil,0.0127,% (w/w),N,N,N,N,N,N,N,N 少量,,
PSM-102,947-02-4,phosfolan,0.0127,% (w/w),N,N,N,N,N,Y,N,N,新化學物質,
PSM-102,7287-19-6,prometryn,0.0127,% (w/w),N,N,N,N,N,N,N,N 少量,,
PSM-102,111479-05-1,propaquizafop,0.0127,% (w/w),N,N,N,N,N,N,N,N 少量,,
PSM-102,3689-24-5,sulfotepp,0.0127,% (w/w),N,N,N 2目少量,N,N,N,N,N 少量,,
PSM-102,22248-79-9,tetrachlorvinphos (stirofos),0.0127,% (w/w),N,N,N,N,N,N,N,N 少量,,
PSM-102,1975/5/8,acetonitrile,95-100,% (w/w),Y 4類，限值1%,N,N,N,N,N,N,N 少量,毒化物,毒化物+包裝
PSM-102,84-61-7,dicyclohexyl phthalate,0.0127,% (w/w),N 4類，限值10%,N,N,N,N,N,N,N 少量,,
PSM-102,22212-55-1,benzoylprop ethyl,0.0127,% (w/w),N,N,N,N,N,Y,N,N,新化學物質,
PSM-102,150-68-5,monuron,0.0127,% (w/w),N,N,N,N,N,N,N,N 少量,,
PSM-102,83164-33-4,diflufenican,0.0127,% (w/w),N,N,N,N,N,N,N,N 少量,,
PSM-102,28434-01-7,bioresmethrin,0.0127,% (w/w),N,N,N,N,N,N,N,N 少量,,
PSM-102,957-51-7,diphenamid,0.0127,% (w/w),N,N,N,N,N,N,N,N 少量,,
PSM-102,59756-60-4,fluridone,0.0127,% (w/w),N,N,N,N,N,N,N,N 少量,,
PSM-102,51235-04-2,hexazinone,0.0127,% (w/w),N,N,N,N,N,Y,N,N,新化學物質,
PSM-102,15299-99-7,napropamide,0.0127,% (w/w),N,N,N,N,N,N,N,N 少量,,
PSM-102,57018-04-9,tolclofos-methyl,0.0127,% (w/w),N,N,N,N,N,N,N,N 少量,,
PSM-102,88671-89-0,myclobutanil,0.0127,% (w/w),N,N,N,N,N,N,N,N 少量,,
PSM-102,86479-06-3,hexaflumuron,0.0127,% (w/w),N,N,N,N,N,N,N,N 少量,,
PSM-102,4658-28-0,aziprotryne,0.0127,% (w/w),N,N,N,N,N,Y,N,N,新化學物質,
PSM-102,115-26-4,dimefox,0.0127,% (w/w),N,N,N,N,N,Y,N,N,新化學物質,
PSM-102,40341-04-6,rabenzazol,0.0127,% (w/w),N,N,N,N,N,N,N,N 少量,,
PSM-102,1975/5/8,acetonitrile,95-100,% (w/w),Y 4類，限值1%,N,N,N,N,N,N,N 少量,毒化物,毒化物+包裝
PSM-102,1689-84-5,bromoxynil,0.0127,% (w/w),N,N,N,N,N,Y,N,N,新化學物質,
PSM-102,3244-90-4,aspon,0.0127,% (w/w),N,N,N,N,N,Y,N,N,新化學物質,
PSM-102,101-21-3,chlorpropham,0.0127,% (w/w),N,N,N,N,N,N,N,N 少量,,
PSM-102,535-89-7,crimidine,0.0127,% (w/w),N,N,N,N,N,Y,N,N,新化學物質,
PSM-102,41483-43-6,bupirimate,0.0127,% (w/w),N,N,N,N,N,N,N,N 少量,,
PSM-102,10311-84-9,dialifos,0.0127,% (w/w),N,N,N,N,N,N,N,N 少量,,
PSM-102,7786-34-7,mevinphos (phosdrin),0.0127,% (w/w),N,N,N 2目少量,N,N,N,N,N 少量,,
PSM-102,301-12-2,oxydemeton-methyl,0.0127,% (w/w),N,N,N 2目少量,N,N,N,N,N 少量,,
PSM-102,64628-44-0,triflumuron,0.0127,% (w/w),N,N,N,N,N,N,N,N 少量,,
PSM-102,13684-63-4,phenmedipham,0.0127,% (w/w),N,N,N,N,N,N,N,N 少量,,
PSM-102,83657-22-1,uniconazole,0.0127,% (w/w),N,N,N,N,N,N,N,N 少量,,
PSM-102,77501-63-4,lactofen,0.0127,% (w/w),N,N,N,N,N,N,N,N 少量,,
PSM-102,7287-36-7,monalide,0.0127,% (w/w),N,N,N,N,N,Y,N,N,新化學物質,
PSM-102, 80-06-8,chlorfenethol,0.0127,% (w/w),N,N,N,N,N,N,N,N 少量,,
PSM-102,756-09-2,"2,2,3,3-tetrafluoropropionic acid",0.0127,% (w/w),N,N,N,N,N,N,N,N 少量,,
PSM-102,123343-16-8,pyrithiobac-sodium,0.0127,% (w/w),N,N,N,N,N,Y,N,N,新化學物質,
PSM-102,1975/5/8,acetonitrile,95-100,% (w/w),Y 4類，限值1%,N,N,N,N,N,N,N 少量,毒化物,毒化物+包裝
PSM-102,67306-00-7,fenpropidin,0.0127,% (w/w),N,N,N,N,N,N,N,N 少量,,
PSM-102,1646-88-4,aldicarb sulfone,0.0127,% (w/w),N,N,N,N,N,N,N,N 少量,,
PSM-102,299-84-3,fenchlorphos,0.0127,% (w/w),N 1類，限值1%,N,N,N,N,N,N,N 少量,,
PSM-102,132-66-1,N-1-naphthylphthalamic acid,0.0127,% (w/w),N,N,N,N,N,N,N,N 少量,,
PSM-102,141-66-2,dicrotophos,0.0127,% (w/w),N,N,N 2目少量,N,N,N,N,N 少量,,
PSM-102,2310-17-0,phosalone,0.0127,% (w/w),N,N,N,N,N,N,N,N 少量,,
PSM-102,1113-02-6,omethoate,0.0127,% (w/w),N,N,N 2目少量,N,N,N,N,N 少量,,
PSM-102,8003-34-7,pyrethins,0.0127,% (w/w),N,N,N,N,N,N,N,N 少量,,
PSM-102,3383-96-8,temephos (abate),0.0127,% (w/w),N,N,N,N,N,N,N,N 少量,,
PSM-102, 54-11-5,nicotine,0.0127,% (w/w),N,N,N 2目少量,N,N,N,N,N 少量,,
PSM-102,6164-98-3,chlordimeform,0.0127,% (w/w),N,N,N,N,N,N,N,N 少量,,
PSM-102,500-28-7,chlorthion,0.0127,% (w/w),N,N,N,N,N,Y,N,N,新化學物質,
PSM-102,52756-25-9,flamprop-methyl,0.0127,% (w/w),N,N,N,N,N,Y,N,N,新化學物質,
PSM-102,126-71-6,tris(isobutyl) phosphate,0.0127,% (w/w),N,N,N,N,N,N,N,N 少量,,
PSM-102,148477-71-8,spirodiclofen,0.0127,% (w/w),N,N,N,N,N,N,N,N 少量,,
PSM-102,1975/5/8,acetonitrile,95-100,% (w/w),Y 4類，限值1%,N,N,N,N,N,N,N 少量,毒化物,毒化物+包裝
PSM-102,23564-05-8,thiophanate methyl,0.0127,% (w/w),N,N,N 2目少量,N,N,N,N,N 少量,,
PSM-102,16752-77-5,methomyl,0.0127,% (w/w),N,N,N 2目少量,N,N,N,N,N 少量,,
PSM-102,57646-30-7,furalaxyl,0.0127,% (w/w),N,N,N,N,N,Y,N,N,新化學物質,
PSM-102,78-48-8,"1,2,4-tributylphosphorotrithioate",0.0127,% (w/w),N,N,N,N,N,N,N,N 少量,,
PSM-102,42874-03-3,oxyfluorfen,0.0127,% (w/w),N,N,N,N,N,N,N,N 少量,,
PSM-102,1014-70-6,simetryn,0.0127,% (w/w),N,N,N,N,N,N,N,N 少量,,
PSM-102,52-68-6,trichlorfon,0.0127,% (w/w),N,N,N,N,N,N,N,N 少量,,
PSM-102,33693-04-8,terbumeton,0.0127,% (w/w),N,N,N,N,N,N,N,N 少量,,
PSM-102,60207-93-4,etaconazole,0.0127,% (w/w),N,N,N,N,N,Y,N,N,新化學物質,
PSM-102,2163-69-1,cycluron,0.0127,% (w/w),N,N,N,N,N,Y,N,N,新化學物質,
PSM-102,39196-18-4,thiofanox,0.0127,% (w/w),N,N,N,N,N,N,N,N 少量,,
PSM-102,79622-59-6,fluazinam,0.0127,% (w/w),N,N,N,N,N,N,N,N 少量,,
PSM-102,142891-20-1,cinidon-ethyl,0.0127,% (w/w),N,N,N,N,N,N,N,N 少量,,
PSM-102,50512-35-1,isoprothiolane,0.0127,% (w/w),N,N,N,N,N,N,N,N 少量,,
PSM-102,1975/5/8,acetonitrile,95-100,% (w/w),Y 4類，限值1%,N,N,N,N,N,N,N 少量,毒化物,毒化物+包裝
PSM-102,29973-13-5,ethiofencarb,0.0127,% (w/w),N,N,N,N,N,N,N,N 少量,,
PSM-102,101463-69-8,flufenoxuron,0.0127,% (w/w),N,N,N,N,N,N,N,N 少量,,
PSM-102,53112-28-0,pyrimethanil,0.0127,% (w/w),N,N,N,N,N,N,N,N 少量,,
PSM-102,2312-35-8,propargite,0.0127,% (w/w),N,N,N 2目少量,N,N,N,N,N 少量,,
PSM-102,28249-77-6,thiobencarb,0.0127,% (w/w),N,N,N,N,N,N,N,N 少量,,
PSM-102,101-42-8,fenuron,0.0127,% (w/w),N,N,N,N,N,N,N,N 少量,,
PSM-102,299-86-5,crufomate,0.0127,% (w/w),N,N,N,N,N,Y,N,N,新化學物質,
PSM-102,74115-24-5,clofentezine,0.0127,% (w/w),N,N,N,N,N,N,N,N 少量,,
PSM-102,21725-46-2,cyanazine,0.0127,% (w/w),N 2類，限值1%,N,N,N,N,N,N,N 少量,,
PSM-102,298-04-4,disulfoton,0.0127,% (w/w),N,N,N,N,N,N,N,N 少量,,
PSM-102,21087-64-9,metribuzin,0.0127,% (w/w),N,N,N,N,N,N,N,N 少量,,
PSM-102,125116-23-6,metconazole,0.0127,% (w/w),N,N,N,N,N,N,N,N 少量,,
PSM-102,188425-85-6,boscalid,0.0127,% (w/w),N,N,N,N,N,N,N,N 少量,,
PSM-102,115852-48-7,fenoxanil,0.0127,% (w/w),N,N,N,N,N,N,N,N 少量,,
PSM-102,181587-01-9,ethiprole,0.0127,% (w/w),N,N,N,N,N,N,N,N 少量,,
PSM-102,1975/5/8,acetonitrile,95-100,% (w/w),Y 4類，限值1%,N,N,N,N,N,N,N 少量,毒化物,毒化物+包裝
PSM-102,28057-48-9,bioallethrin,0.0127,% (w/w),N,N,N,N,N,N,N,N 少量,,
PSM-102,131341-86-1,fludioxonil,0.0127,% (w/w),N,N,N,N,N,N,N,N 少量,,
PSM-102,555-37-3,neburon,0.0127,% (w/w),N,N,N,N,N,Y,N,N,新化學物質,
PSM-102,63-25-2,carbaryl (sevin),0.0127,% (w/w),N,N,N 2目少量,N,N,N,N,N 少量,,
PSM-102,85509-19-9,flusilazole,0.0127,% (w/w),N,N,N 1目，限值1%,N,N,N,N,N 少量,,
PSM-102,1689-83-4,ioxynil,0.0127,% (w/w),N,N,N,N,N,Y,N,N,新化學物質,
PSM-102,25311-71-1,isofenphos,0.0127,% (w/w),N,N,N,N,N,N,N,N 少量,,
PSM-102,94-81-5,MCPB,0.0127,% (w/w),N,N,N,N,N,N,N,N 少量,,
PSM-102,3060-89-7,metobromuron,0.0127,% (w/w),N,N,N,N,N,N,N,N 少量,,
PSM-102,1746-81-2,monolinuron,0.0127,% (w/w),N,N,N,N,N,Y,N,N,新化學物質,
PSM-102,83-79-4,rotenone,0.0127,% (w/w),N,N,N,N,N,N,N,N 少量,,
PSM-102,75736-33-3,diclobutrazol,0.0127,% (w/w),N,N,N,N,N,Y,N,N,新化學物質,
PSM-102,1129-41-5,metolcarb,0.0127,% (w/w),N,N,N,N,N,N,N,N 少量,,
PSM-102,134605-64-4,butafenacil,0.0127,% (w/w),N,N,N,N,N,N,N,N 少量,,
PSM-102,5836-29-3,coumatetralyl,0.0127,% (w/w),N,N,N,N,N,N,N,N 少量,,
PSM-102,1975/5/8,acetonitrile,95-100,% (w/w),Y 4類，限值1%,N,N,N,N,N,N,N 少量,毒化物,毒化物+包裝
PSM-102,94361-06-5,cyproconazole,0.0127,% (w/w),N,N,N,N,N,N,N,N 少量,,
PSM-102,87674-68-8,dimethenamid,0.0127,% (w/w),N,N,N,N,N,N,N,N 少量,,
PSM-102,584-79-2,allethrin,0.0127,% (w/w),N,N,N,N,N,N,N,N 少量,,
PSM-102,131807-57-3,famoxadone,0.0127,% (w/w),N,N,N,N,N,N,N,N 少量,,
PSM-102,140-56-7,fenaminosulf (dexon),0.0127,% (w/w),N,N,N,N,N,N,N,N 少量,,
PSM-102,133-07-3,folpet,0.0127,% (w/w),N 3類，限值1%,N,N,N,N,N,N,N 少量,,
PSM-102,66215-27-8,cyromazine,0.0127,% (w/w),N,N,N,N,N,N,N,N 少量,,
PSM-102,19044-88-3,oryzalin,0.0127,% (w/w),N,N,N,N,N,N,N,N 少量,,
PSM-102,5902-51-2,terbacil,0.0127,% (w/w),N,N,N,N,N,Y,N,N,新化學物質,
PSM-102,61213-25-0,flurochloridon,0.0127,% (w/w),N,N,N,N,N,Y,N,N,新化學物質,
PSM-102,66063-05-6,pencycuron,0.0127,% (w/w),N,N,N,N,N,N,N,N 少量,,
PSM-102,24691-80-3,fenfuram,0.0127,% (w/w),N,N,N,N,N,N,N,N 少量,,
PSM-102,210880-92-5,clothianidin,0.0127,% (w/w),N,N,N,N,N,N,N,N 少量,,
PSM-102,117718-60-2,thiazopyr,0.0127,% (w/w),N,N,N,N,N,Y,N,N,新化學物質,
PSM-102,116714-46-6,novaluron,0.0127,% (w/w),N,N,N,N,N,N,N,N 少量,,
PSM-102,1975/5/8,acetonitrile,95-100,% (w/w),Y 4類，限值1%,N,N,N,N,N,N,N 少量,毒化物,毒化物+包裝
PSM-102,66840-71-9,DMST,0.0127,% (w/w),N,N,N,N,N,N,N,N 少量,,
PSM-102,90-43-7,o-phenylphenol,0.0127,% (w/w),N,N,N,N,N,N,N,N 年用量無超過,,
PSM-102,41198-08-7,profenophos,0.0127,% (w/w),N,N,N,N,N,N,N,N 少量,,
PSM-102,71626-11-4,benalaxyl,0.0127,% (w/w),N,N,N,N,N,N,N,N 少量,,
PSM-102,834-12-8,ametryn,0.0127,% (w/w),N,N,N,N,N,N,N,N 少量,,
PSM-102,741-58-2,bensulide,0.0127,% (w/w),N,N,N,N,N,N,N,N 少量,,
PSM-102,27314-13-2,"4-chloro-5-(methylamino)-2-(α,α,α-trifluoro-m-tolyl)-3(2H)-pyridazinone",0.0127,% (w/w),N,N,N,N,N,N,N,N 少量,,
PSM-102,886-50-0,terbutryn(e),0.0127,% (w/w),N,N,N,N,N,N,N,N 少量,,
PSM-102,148-79-8,thiabendazole,0.0127,% (w/w),N,N,N,N,N,N,N,N 少量,,
PSM-102,24017-47-8,triazophos,0.0127,% (w/w),N,N,N,N,N,N,N,N 少量,,
PSM-102,60207-90-1,propiconazole,0.0127,% (w/w),N,N,N,N,N,N,N,N 少量,,
PSM-102,126-75-0,demeton S,0.0127,% (w/w),N,N,N,N,N,Y,N,N,新化學物質,
PSM-102,153719-23-4,thiamethoxam,0.0127,% (w/w),N,N,N,N,N,N,N,N 少量,,
PSM-102,67485-29-4,hydramethylnon,0.0127,% (w/w),N,N,N,N,N,N,N,N 少量,,
PSM-102,104098-48-8,imazapic,0.0127,% (w/w),N,N,N,N,N,N,N,N 少量,,
PSM-102,1975/5/8,acetonitrile,85-90,% (w/w),Y 4類，限值1%,N,N,N,N,N,N,N 少量,毒化物,毒化物+包裝
PSM-102,67-56-1,methanol,10.041,% (w/w),N,N,N 2目少量,N,N,N,N,N 少量,,
PSM-102,580-51-8,3-biphenylol,0.0127,% (w/w),N,N,N,N,N,N,N,N 少量,,
PSM-102,80844-07-1,etofenprox,0.0127,% (w/w),N,N,N,N,N,N,N,N 少量,,
PSM-102,76674-21-0,flutriafol,0.0127,% (w/w),N,N,N,N,N,N,N,N 少量,,
PSM-102,41394-05-2,metamitron,0.0127,% (w/w),N,N,N,N,N,N,N,N 少量,,
PSM-102,2595-54-2,mecarbam,0.0127,% (w/w),N,N,N,N,N,N,N,N 少量,,
PSM-102,98730-04-2,benoxacor,0.0127,% (w/w),N,N,N,N,N,N,N,N 少量,,
PSM-102,3811-49-2,dioxabenzofos,0.0127,% (w/w),N,N,N,N,N,N,N,N 少量,,
PSM-102,2439/10/3,dodin,0.0127,% (w/w),N,N,N,N,N,N,N,N 少量,,
PSM-102,79540-50-4,etobenzanid,0.0127,% (w/w),N,N,N,N,N,Y,N,N,新化學物質,
PSM-102,4234-79-1,kelevan,0.0127,% (w/w),N,N,N,N,N,N,N,N 少量,,
PSM-102,72459-58-6,Triazoxid,0.0127,% (w/w),N,N,N,N,N,N,N,N 少量,,
PSM-102,158237-07-1,Fentrazamide,0.0127,% (w/w),N,N,N,N,N,Y,N,N,新化學物質,
PSM-102,5598-13-0,chlorpyriphos methyl,0.0127,% (w/w),N,N,N,N,N,N,N,N 少量,,
PSM-102,1975/5/8,acetonitrile,95-100,% (w/w),Y 4類，限值1%,N,N,N,N,N,N,N 少量,毒化物,毒化物+包裝
PSM-102,297-97-2,thionazin  (zinophos),0.0127,% (w/w),N,N,N,N,N,Y,N,N,新化學物質,
PSM-102,86-50-0,azinphos-methyl (guthion),0.0127,% (w/w),N,N,N,N,N,N,N,N 少量,,
PSM-102,1134-23-2,cycloate,0.0127,% (w/w),N,N,N,N,N,Y,N,N,新化學物質,
PSM-102,8065-48-3,"demeton (total, mixed isomers)",0.0127,% (w/w),N,N,N,N,N,Y,N,N,新化學物質,
PSM-102,60-51-5,dimethoate,0.0127,% (w/w),N,N,N,N,N,N,N,N 少量,,
PSM-102,67564-91-4,fenpropimorph,0.0127,% (w/w),N,N,N,N,N,N,N,N 少量,,
PSM-102,31218-83-4,propetamphos,0.0127,% (w/w),N,N,N,N,N,N,N,N 少量,,
PSM-102,23505-41-1,pirimiphos-ethyl,0.0127,% (w/w),N,N,N,N,N,N,N,N 少量,,
PSM-102,72178-02-0,fomesafen,0.0127,% (w/w),N,N,N,N,N,Y,N,N,新化學物質,
PSM-102,2588/4/7,phorate-sulfone,0.0127,% (w/w),N,N,N,N,N,Y,N,N,新化學物質,
PSM-102,101205-02-1,cycloxidim,0.0127,% (w/w),N,N,N,N,N,N,N,N 少量,,
PSM-102,64249-01-0,anilofos,0.0127,% (w/w),N,N,N,N,N,Y,N,N,新化學物質,
PSM-102,673-04-1,Simeton,0.0127,% (w/w),N,N,N,N,N,N,N,N 少量,,
PSM-102,1975/5/8,acetonitrile,95-100,% (w/w),Y 4類，限值1%,N,N,N,N,N,N,N 少量,毒化物,毒化物+包裝
PSM-102,53380-22-6,ethiofencarb sulfoxide,0.0127,% (w/w),N,N,N,N,N,Y,N,N,新化學物質,
PSM-102,133855-98-8,Epoxiconazole,0.0127,% (w/w),N,N,N,N,N,N,N,N 少量,,
PSM-102,13067-93-1,cyanofenphos,0.0127,% (w/w),N,N,N,N,N,N,N,N 少量,,
PSM-102,38260-54-7,etrimfos,0.0127,% (w/w),N,N,N,N,N,N,N,N 少量,,
PSM-102,34123-59-6,isoproturon,0.0127,% (w/w),N,N,N,N,N,N,N,N 少量,,
PSM-102,34014-18-1,tebuthiuron,0.0127,% (w/w),N,N,N,N,N,N,N,N 少量,,
PSM-102,56070-16-7,terbufos sulfone,0.0127,% (w/w),N,N,N,N,N,Y,N,N,新化學物質,
PSM-102,30979-48-7,isocarbamide,0.0127,% (w/w),N,N,N,N,N,Y,N,N,新化學物質,
PSM-102,135590-91-9,mefenpyr-diethyl,0.0127,% (w/w),N,N,N,N,N,N,N,N 少量,,
PSM-102,123312-89-0,pymetrozin,0.0127,% (w/w),N,N,N,N,N,N,N,N 少量,,
PSM-102,639-58-7,Triphenyltin chloride,0.0127,% (w/w),N 4類，限值1%,N,N,N,N,N,N,N 少量,,
PSM-102,2813-95-8,dinoseb acetate,0.0127,% (w/w),N,N,N,N,N,Y,N,N,新化學物質,
PSM-102,126-73-8,tributyl phosphate,0.0127,% (w/w),N,N,N,N,N,N,N,N 少量,,
PSM-102,1975/5/8,acetonitrile,95-100,% (w/w),Y 4類，限值1%,N,N,N,N,N,N,N 少量,毒化物,毒化物+包裝
PSM-102,298-02-2,phorate,0.0127,% (w/w),N,N,N 2目少量,N,N,N,N,N 少量,,
PSM-102,122-14-5,fenitrothion,0.0127,% (w/w),N,N,N 2目少量,N,N,N,N,N 少量,,
PSM-102,2164-17-2,fluometuron,0.0127,% (w/w),N,N,N,N,N,N,N,N 少量,,
PSM-102,107534-96-3,tebuconazole,0.0127,% (w/w),N,N,N,N,N,N,N,N 少量,,
PSM-102,112281-77-3,tetraconazole,0.0127,% (w/w),N,N,N,N,N,N,N,N 少量,,
PSM-102,122-39-4,diphenylamine,0.0127,% (w/w),N 4類，限值1%,N,N,N,N,N,N,N 少量,,
PSM-102,2921-88-2,chlorpyrifos,0.0127,% (w/w),N,N,N 2目少量,N,N,N,N,N 少量,,
PSM-102,1014-69-3,desmetryne,0.0127,% (w/w),N,N,N,N,N,N,N,N 少量,,
PSM-102,1929-77-7,vernolate,0.0127,% (w/w),N,N,N,N,N,Y,N,N,新化學物質,
PSM-102,31972-43-7,fenamiphos-sulfoxide,0.0127,% (w/w),N,N,N,N,N,Y,N,N,新化學物質,
PSM-102,87820-88-0,tralkoxydim,0.0127,% (w/w),N,N,N,N,N,N,N,N 少量,,
PSM-102,97886-45-8,dithiopyr,0.0127,% (w/w),N,N,N,N,N,N,N,N 少量,,
PSM-102,61432-55-1,dimepiperate,0.0127,% (w/w),N,N,N,N,N,N,N,N 少量,,
PSM-102,867-27-6,demeton-O-methyl,0.0127,% (w/w),N,N,N,N,N,Y,N,N,新化學物質,
PSM-102,1975/5/8,acetonitrile,95-100,% (w/w),Y 4類，限值1%,N,N,N,N,N,N,N 少量,毒化物,毒化物+包裝
PSM-102,76578-14-8,quizalofop-ethyl,0.0127,% (w/w),N,N,N,N,N,N,N,N 少量,,
PSM-102,137-30-4,ziram,0.0127,% (w/w),N,N,N,N,N,N,N,N 少量,,
PSM-102,2593-15-9,etridiazole,0.0127,% (w/w),N,N,N,N,N,N,N,N 少量,,
PSM-102,74070-46-5,aclonifen,0.0127,% (w/w),N,N,N,N,N,Y,N,N,新化學物質,
PSM-102,19937-59-8,metoxuron,0.0127,% (w/w),N,N,N,N,N,N,N,N 少量,,
PSM-102,19044-88-3,oryzalin,0.0127,% (w/w),N,N,N,N,N,N,N,N 少量,,
PSM-102,709-98-8,propanil,0.0127,% (w/w),N,N,N,N,N,N,N,N 少量,,
PSM-102,63284-71-9,nuarimol,0.0127,% (w/w),N,N,N,N,N,N,N,N 少量,,
PSM-102,98967-40-9,flumetsulam,0.0127,% (w/w),N,N,N,N,N,N,N,N 少量,,
PSM-102,149508-90-7,simeconazole,0.0127,% (w/w),N,N,N,N,N,N,N,N 少量,,
PSM-102,57369-32-1,pyroquilon,0.0127,% (w/w),N,N,N,N,N,N,N,N 少量,,
PSM-102,71561-11-0,Pyrazoxyfen,0.0127,% (w/w),N,N,N,N,N,Y,N,N,新化學物質,
PSM-102,1918/11/2,Terbutol,0.0127,% (w/w),N,N,N,N,N,Y,N,N,新化學物質,
PSM-102,165252-70-0,dinotefuran,0.0127,% (w/w),N,N,N,N,N,N,N,N 少量,,
PSM-102,1975/5/8,acetonitrile,95-100,% (w/w),Y 4類，限值1%,N,N,N,N,N,N,N 少量,毒化物,毒化物+包裝
PSM-102,131860-33-8,azoxystrobin,0.0127,% (w/w),N,N,N,N,N,N,N,N 少量,,
PSM-102,39515-41-8,fenpropathrin,0.0127,% (w/w),N,N,N,N,N,N,N,N 少量,,
PSM-102,173584-44-6,indoxacarb,0.0127,% (w/w),N,N,N,N,N,N,N,N 少量,,
PSM-102,30560-19-1,acephate,0.0127,% (w/w),N,N,N,N,N,N,N,N 少量,,
PSM-102,97-17-6,dichlofenthion,0.0127,% (w/w),N,N,N,N,N,N,N,N 少量,,
PSM-102,55-38-9,fenthion,0.0127,% (w/w),N,N,N,N,N,N,N,N 少量,,
PSM-102,99-30-9,dichloran,0.0127,% (w/w),N,N,N,N,N,N,N,N 少量,,
PSM-102,2008-41-5,butylate,0.0127,% (w/w),N,N,N,N,N,Y,N,N,新化學物質,
PSM-102,69377-81-7,fluroxypyr,0.0127,% (w/w),N,N,N,N,N,N,N,N 少量,,
PSM-102,13194-48-4,ethoprop (ethoprofos),0.0127,% (w/w),N,N,N,N,N,N,N,N 少量,,
PSM-102,43121-43-3,triadimefon,0.0127,% (w/w),N,N,N,N,N,N,N,N 少量,,
PSM-102,7286-69-3,sebuthylazine,0.0127,% (w/w),N,N,N,N,N,N,N,N 少量,,
PSM-102,13457-18-6,pyrazophos,0.0127,% (w/w),N,N,N,N,N,N,N,N 少量,,
PSM-102,96491-05-3,thenylchlor,0.0127,% (w/w),N,N,N,N,N,N,N,N 少量,,
PSM-102,1975/5/8,acetonitrile,95-100,% (w/w),Y 4類，限值1%,N,N,N,N,N,N,N 少量,毒化物,毒化物+包裝
PSM-102,88283-41-4,pyrifenox,0.0127,% (w/w),N,N,N,N,N,N,N,N 少量,,
PSM-102,122-42-9,propham,0.0127,% (w/w),N,N,N,N,N,N,N,N 少量,,
PSM-102,116255-48-2,Bromuconazole,0.0127,% (w/w),N,N,N,N,N,N,N,N 少量,,
PSM-102,131-11-3,dimethyl phthalate,0.0127,% (w/w),N 1類，限值10%,N,N,N,N,N,N,N 少量,,
PSM-102,69327-76-0,buprofezin (buprofexin),0.0127,% (w/w),N,N,N,N,N,N,N,N 少量,,
PSM-102,1114-71-2,pebulate,0.0127,% (w/w),N,N,N,N,N,Y,N,N,新化學物質,
PSM-102,96182-53-5,tebupirimphos,0.0127,% (w/w),N,N,N,N,N,Y,N,N,新化學物質,
PSM-102,34681-23-7,butoxycarboxim,0.0127,% (w/w),N,N,N,N,N,N,N,N 少量,,
PSM-102,117337-19-6,fluthiacet-methyl,0.0127,% (w/w),N,N,N,N,N,Y,N,N,新化學物質,
PSM-102,88678-67-5,pyributicarb,0.0127,% (w/w),N,N,N,N,N,Y,N,N,新化學物質,
PSM-102,30043-49-3,ethidimuron,0.0127,% (w/w),N,N,N,N,N,Y,N,N,新化學物質,
PSM-102,4726-14-1,nitralin,0.0127,% (w/w),N,N,N,N,N,Y,N,N,新化學物質,
PSM-102,1975/5/8,acetonitrile,95-100,% (w/w),Y 4類，限值1%,N,N,N,N,N,N,N 少量,毒化物,毒化物+包裝
PSM-102,141517-21-7,trifloxystrobin,0.0127,% (w/w),N,N,N,N,N,N,N,N 少量,,
PSM-102,84-61-7,dicyclohexyl phthalate,0.0127,% (w/w),N 4類，限值10%,N,N,N,N,N,N,N 少量,,
PSM-102,29232-93-7,pirimphos-methyl,0.0127,% (w/w),N,N,N,N,N,N,N,N 少量,,
PSM-102,76738-62-0,paclobutrazole,0.0127,% (w/w),N,N,N,N,N,N,N,N 少量,,
PSM-102,944-22-9,fonofos,0.0127,% (w/w),N,N,N,N,N,N,N,N 少量,,
PSM-102,2597/3/7,phenthoate,0.0127,% (w/w),N,N,N,N,N,N,N,N 少量,,
PSM-102,91-53-2,ethoxyquin,0.0127,% (w/w),N,N,N,N,N,N,N,N 少量,,
PSM-102,17040-19-6,demeton-S-methyl sulfone,0.0127,% (w/w),N,N,N,N,N,N,N,N 少量,,
PSM-102,78587-05-0,hexythiazox,0.0127,% (w/w),N,N,N,N,N,N,N,N 少量,,
PSM-102,1912-26-1,trietazine,0.0127,% (w/w),N,N,N,N,N,Y,N,N,新化學物質,
PSM-102,86-86-2,1-naphthylacetamide,0.0127,% (w/w),N,N,N,N,N,N,N,N 少量,,
PSM-102,40020-01-7,6-chloro-4-hydroxy-3-phenyl-pyridazin,0.0127,% (w/w),N,N,N,N,N,Y,N,N,新化學物質,
PSM-102,39515-40-7,cyphenothrin,0.0127,% (w/w),N,N,N,N,N,N,N,N 少量,,
PSM-102,84-74-2,dibutyl phthalate,0.0127,% (w/w),"N 1,2類，限值10%",N,N,N,N,N,N,N 少量,,
PSM-102,1975/5/8,acetonitrile,95-100,% (w/w),Y 4類，限值1%,N,N,N,N,N,N,N 少量,毒化物,毒化物+包裝
PSM-102,94-75-7,"2,4-D",0.0127,% (w/w),N,N,N,N,N,N,N,N 少量,,
PSM-102,950-35-6,methyl paraoxon,0.0127,% (w/w),N,N,N,N,N,N,N,N 少量,,
PSM-102,57837-19-1,metalaxyl,0.0127,% (w/w),N,N,N,N,N,N,N,N 少量,,
PSM-102,82560-54-1,benfuracarb,0.0127,% (w/w),N,N,N,N,N,N,N,N 少量,,
PSM-102,3761-41-9,fenthionsulfoxide,0.0127,% (w/w),N,N,N,N,N,N,N,N 少量,,
PSM-102,56-75-7,chloramphenicol,0.0127,% (w/w),N,N,N 1目，限值1%,N,N,N,N,N 少量,,
PSM-102,69806-40-2,haloxyfop-methyl,0.0127,% (w/w),N,N,N,N,N,N,N,N 少量,,
PSM-102,24151-93-7,piperophos,0.0127,% (w/w),N,N,N,N,N,N,N,N 少量,,
PSM-102,4147-51-7,dipropetryn,0.0127,% (w/w),N,N,N,N,N,Y,N,N,新化學物質,
PSM-102,141-03-7,dibutyl succinate,0.0127,% (w/w),N,N,N,N,N,N,N,N 少量,,
PSM-102,52207-48-4,Thiosultap disodium (Dimehypo),0.0127,% (w/w),N,N,N,N,N,N,N,N 少量,,
PSM-102,101-10-0,cloprop,0.0127,% (w/w),N,N,N,N,N,N,N,N 少量,,
PSM-102,99485-76-4,cumyluron,0.0127,% (w/w),N,N,N,N,N,Y,N,N,新化學物質,
PSM-102,86811-58-7,Fluazuron,0.0127,% (w/w),N,N,N,N,N,N,N,N 少量,,
PSM-102,2122-19-2,Proylene thiourea,0.0127,% (w/w),N,N,N,N,N,N,N,N 少量,,
PSM-102,1975/5/8,acetonitrile,95-100,% (w/w),Y 4類，限值1%,N,N,N,N,N,N,N 少量,毒化物,毒化物+包裝
PSM-102,67747-09-5,prochloraz,0.0127,% (w/w),N,N,N,N,N,N,N,N 少量,,
PSM-102,3878-19-1,fuberidazole,0.0127,% (w/w),N,N,N,N,N,N,N,N 少量,,
PSM-102,1918-00-9,dicamba,0.0127,% (w/w),N,N,N,N,N,N,N,N 少量,,
PSM-102,330-55-2,linuron,0.0127,% (w/w),N,N,N 1目，限值1%,N,N,N,N,N 少量,,
PSM-102,93-72-1,"silvex (2,4,5-TP)",0.0127,% (w/w),N,N,N,N,N,N,N,N 少量,,
PSM-102,59669-26-0,thiodicarb,0.0127,% (w/w),N,N,N,N,N,N,N,N 少量,,
PSM-102,33629-47-9,Butralin,0.0127,% (w/w),N,N,N,N,N,N,N,N 少量,,
PSM-102,2497/6/5,disulfoton-sulfone,0.0127,% (w/w),N,N,N,N,N,Y,N,N,新化學物質,
PSM-102,7696-12-0,tetramethrin,0.0127,% (w/w),N,N,N,N,N,N,N,N 少量,,
PSM-102,168316-95-8,spinosad,0.0127,% (w/w),N,N,N,N,N,N,N,N 少量,,
PSM-102,58810-48-3,ofurace,0.0127,% (w/w),N,N,N,N,N,N,N,N 少量,,
PSM-102,2797-51-5,quinoclamine,0.0127,% (w/w),N,N,N,N,N,N,N,N 少量,,
PSM-102,131983-72-7,triticonazole,0.0127,% (w/w),N,N,N,N,N,Y,N,N,新化學物質,
PSM-102,86598-92-7,imibenconazole,0.0127,% (w/w),N,N,N,N,N,N,N,N 少量,,
PSM-102,28730-17-8,Methfuroxam,0.0127,% (w/w),N,N,N,N,N,Y,N,N,新化學物質,
PSM-102,1975/5/8,acetonitrile,95-100,% (w/w),Y 4類，限值1%,N,N,N,N,N,N,N 少量,毒化物,毒化物+包裝
PSM-102,95737-68-1,pyriproxyfen,0.0127,% (w/w),N,N,N,N,N,N,N,N 少量,,
PSM-102,120928-09-8,fenazaquin,0.0127,% (w/w),N,N,N,N,N,N,N,N 少量,,
PSM-102,1698-60-8,chloridazon,0.0127,% (w/w),N,N,N,N,N,N,N,N 少量,,
PSM-102,1085-98-9,dichlofluanid,0.0127,% (w/w),N,N,N,N,N,N,N,N 少量,,
PSM-102,60-57-1,dieldrin,0.0127,% (w/w),"N 1,3類，限值1%",N,N,N,N,N,N,N 少量,,
PSM-102,33245-39-5,fluchloralin,0.0127,% (w/w),N,N,N,N,N,N,N,N 少量,,
PSM-102,55219-65-3,triadimenol,0.0127,% (w/w),N,N,N,N,N,N,N,N 少量,,
PSM-102,138261-41-3,imidacloprid,0.0127,% (w/w),N,N,N,N,N,N,N,N 少量,,
PSM-102,35256-85-0,tebutam,0.0127,% (w/w),N,N,N,N,N,N,N,N 少量,,
PSM-102,29104-30-1,benzoximate,0.0127,% (w/w),N,N,N,N,N,Y,N,N,新化學物質,
PSM-102,2588/3/6,phorat-sulfoxide,0.0127,% (w/w),N,N,N,N,N,Y,N,N,新化學物質,
PSM-102,71422-67-8,chlorfluazuron,0.0127,% (w/w),N,N,N,N,N,N,N,N 少量,,
PSM-102,3766-81-2,fenobucarb,0.0127,% (w/w),N,N,N,N,N,N,N,N 少量,,
PSM-102,85-41-6,phthalimide,0.0127,% (w/w),N,N,N,N,N,N,N,N 少量,,
PSM-102,43222-48-6,difenzoquat methylsulfate,0.0127,% (w/w),N,N,N,N,N,N,N,N 少量,,
PSM-102,1975/5/8,acetonitrile,95-100,% (w/w),Y 4類，限值1%,N,N,N,N,N,N,N 少量,毒化物,毒化物+包裝
PSM-102,1593-77-7,dodemorph,0.0127,% (w/w),N,N,N,N,N,Y,N,N,新化學物質,
PSM-102,124495-18-7,quinoxyphen,0.0127,% (w/w),N,N,N,N,N,N,N,N 少量,,
PSM-102,1951/3/6,piperonyl butoxide,0.0127,% (w/w),N,N,N,N,N,N,N,N 少量,,
PSM-102,2032-59-9,aminocarb (metacil),0.0127,% (w/w),N,N,N,N,N,N,N,N 少量,,
PSM-102,35554-44-0,imazalil,0.0127,% (w/w),N,N,N,N,N,N,N,N 少量,,
PSM-102,314-40-9,bromacil,0.0127,% (w/w),N,N,N,N,N,N,N,N 少量,,
PSM-102,18691-97-9,methabenzthiazuron,0.0127,% (w/w),N,N,N,N,N,Y,N,N,新化學物質,
PSM-102,2212-67-1,molinate,0.0127,% (w/w),N,N,N,N,N,N,N,N 少量,,
PSM-102,1918/2/1,picloram,0.0127,% (w/w),N,N,N,N,N,N,N,N 少量,,
PSM-102,139-40-2,propazine,0.0127,% (w/w),N,N,N,N,N,N,N,N 少量,,
PSM-102,137641-05-5,picolinafen,0.0127,% (w/w),N,N,N,N,N,N,N,N 少量,,
PSM-102,82558-50-7,isoxaben,0.0127,% (w/w),N,N,N,N,N,N,N,N 少量,,
PSM-102,106917-52-6,flusulfamide,0.0127,% (w/w),N,N,N,N,N,N,N,N 少量,,
PSM-102,135186-78-6,Pyriftalid,0.0127,% (w/w),N,N,N,N,N,N,N,N 少量,,
PSM-102,1975/5/8,acetonitrile,95-100,% (w/w),Y 4類，限值1%,N,N,N,N,N,N,N 少量,毒化物,毒化物+包裝
PSM-102,1563-66-2,carbofuran,0.0127,% (w/w),N,N,N 2目少量,N,N,N,N,N 少量,,
PSM-102,327-98-0,trichloronate,0.0127,% (w/w),N,N,N,N,N,N,N,N 少量,,
PSM-102,114-26-1,propoxur,0.0127,% (w/w),N,N,N,N,N,N,N,N 少量,,
PSM-102,6190-65-4,atrazine-desethyl,0.0127,% (w/w),N,N,N,N,N,N,N,N 少量,,
PSM-102,81777-89-1,clomazone,0.0127,% (w/w),N,N,N,N,N,N,N,N 少量,,
PSM-102,330-54-1,diuron,0.0127,% (w/w),N,N,N,N,N,N,N,N 少量,,
PSM-102,42509-80-8,isazophos,0.0127,% (w/w),N,N,N,N,N,N,N,N 少量,,
PSM-102,67129-08-2,metazachlor,0.0127,% (w/w),N,N,N,N,N,N,N,N 少量,,
PSM-102,2303-17-5,triallate,0.0127,% (w/w),N,N,N,N,N,N,N,N 少量,,
PSM-102,112410-23-8,tebufenozide,0.0127,% (w/w),N,N,N,N,N,N,N,N 少量,,
PSM-102,5259-88-1,oxycarboxin,0.0127,% (w/w),N,N,N,N,N,N,N,N 少量,,
PSM-102,105779-78-0,pyrimidifen,0.0127,% (w/w),N,N,N,N,N,N,N,N 少量,,
PSM-102,1975/5/8,acetonitrile,95-100,% (w/w),Y 4類，限值1%,N,N,N,N,N,N,N 少量,毒化物,毒化物+包裝
PSM-102,1912-24-9,atrazine,0.0127,% (w/w),N,N,N,N,N,N,N,N 少量,,
PSM-102,5915-41-3,terbuthylazine,0.0127,% (w/w),N,N,N,N,N,N,N,N 少量,,
PSM-102,64902-72-3,chlorosulfuron,0.0127,% (w/w),N,N,N,N,N,N,N,N 少量,,
PSM-102,144550-36-7,iodosulfuron-methyl-sodium,0.0127,% (w/w),N,N,N,N,N,Y,N,N,新化學物質,
PSM-102,126801-58-9,ethoxysulfuron,0.0127,% (w/w),N,N,N,N,N,N,N,N 少量,,
PSM-102,93697-74-6,pyrazosulfuron-ethyl,0.0127,% (w/w),N,N,N,N,N,N,N,N 少量,,
PSM-102,1975/5/8,acetonitrile,95-100,% (w/w),Y 4類，限值1%,N,N,N,N,N,N,N 少量,毒化物,毒化物+包裝
PSM-102,101007-06-1,acrinathrin,0.0127,% (w/w),N,N,N,N,N,N,N,N 少量,,
PSM-102,834-12-8,ametryn,0.0127,% (w/w),N,N,N,N,N,N,N,N 少量,,
PSM-102,62-73-7,dichlorvos,0.0127,% (w/w),N,N,N,N,N,N,N,N 少量,,
PSM-102,79277-27-3,thifensulfuron-methyl,0.0127,% (w/w),N,N,N,N,N,N,N,N 少量,,
PSM-102,144550-36-7,iodosulfuron-methyl-sodium,0.0127,% (w/w),N,N,N,N,N,Y,N,N,新化學物質,
PSM-102,94593-91-6,cinosulfuron,0.0127,% (w/w),N,N,N,N,N,N,N,N 少量,,
PSM-102,67-56-1,methanol,99.9494,% (w/w),N,N,N 2目少量,N,N,N,N,N 少量,,
PSM-102,70630-17-0,metalaxyl-M,0.0253,% (w/w),N,N,N,N,N,N,N,N 少量,,
PSM-102,10605-21-7,carbendazim,0.0253,% (w/w),N,N,N 1目，限值1%,N,N,N,N,N 少量,,
PSM-102,1975/5/8,acetonitrile,95-100,% (w/w),Y 4類，限值1%,N,N,N,N,N,N,N 少量,毒化物,毒化物+包裝
PSM-102,640-15-3,thiometon,0.0254,% (w/w),N,N,N,N,N,N,N,N 少量,,
PSM-102,155569-91-8,emamectin-benzoate,0.0254,% (w/w),N,N,N,N,N,N,N,N 少量,,
PSM-102,1975/5/8,acetonitrile,95-100,% (w/w),Y 4類，限值1%,N,N,N,N,N,N,N 少量,毒化物,毒化物+包裝
PSM-102,102851-06-9,tau-fluvalinate (mavrik),0.1272,% (w/w),N,N,N,N,N,N,N,N 少量,,
US-113N-1,1975/9/2,METHYLENE DICHLORIDE,95-100,% (w/w),Y 4類，限值25%,N,N 2目少量,N,N,N,N,N 少量,毒化物,毒化物+包裝
US-113N-1,621-64-7,N-nitrosodi-n-propylamine,0.1508,% (w/w),N,N,N,N,N,N,N,N 少量,,
US-113N-1,59-89-2,N-nitrosomorpholine (4-nitrosomorpholine),0.1508,% (w/w),N,N,N,N,N,N,N,N 少量,,
US-113N-1,10595-95-6,N-Nitrosomethylethylamine,0.1508,% (w/w),N,N,N,N,N,N,N,N 少量,,
US-113N-1,930-55-2,N-nitrosopyrrolidine (1-nitrosopyrrolidine),0.1508,% (w/w),N,N,N,N,N,N,N,N 少量,,
US-113N-1,924-16-3,N-nitrosodi-n-butylamine,0.1508,% (w/w),N,N,N,N,N,N,N,N 少量,,
US-113N-1,55-18-5,N-nitrosodiethylamine,0.1508,% (w/w),N 2類，限值1%,N,N,N,N,N,N,N 少量,,
US-113N-1,62-75-9,N-nitrosodimethylamine,0.1508,% (w/w),N 2類，限值1%,N,N,N,N,N,N,N 少量,,
US-113N-1,86-30-6,N-nitrosodiphenylamine,0.1508,% (w/w),N,N,N,N,N,N,N,N 少量,,
US-113N-1,100-75-4,N-nitrosopiperidine (1-nitrosopiperidine),0.1508,% (w/w),N,N,N,N,N,N,N,N 少量,,
CUS-15810,55-18-5,N-nitrosodiethylamine,0.0126,% (w/w),N 2類，限值1%,N,N,N,N,N,N,N 少量,,
CUS-15810,62-75-9,N-nitrosodimethylamine,0.0126,% (w/w),N 2類，限值1%,N,N,N,N,N,N,N 少量,,
CUS-15810,86-30-6,N-nitrosodiphenylamine,0.0126,% (w/w),N,N,N,N,N,N,N,N 少量,,
CUS-15810,621-64-7,N-nitrosodi-n-propylamine,0.0126,% (w/w),N,N,N,N,N,N,N,N 少量,,
CUS-15810,10595-95-6,N-Nitrosomethylethylamine,0.0126,% (w/w),N,N,N,N,N,Y,N,N,新化學物質,
CUS-15810,59-89-2,N-nitrosomorpholine (4-nitrosomorpholine),0.0126,% (w/w),N,N,N,N,N,N,N,N 少量,,
CUS-15810,100-75-4,N-nitrosopiperidine (1-nitrosopiperidine),0.0126,% (w/w),N,N,N,N,N,N,N,N 少量,,
CUS-15810,614-00-6,N-NITROSO-N-METHYLANILINE,0.0126,% (w/w),N,N,N,N,N,N,N,N 少量,,
CUS-15810,612-64-6,N-NITROSO-N-ETHYLANILINE,0.0126,% (w/w),N,N,N,N,N,N,N,N 少量,,
CUS-15810,5336-53-8, N-nitrosodibenzylamine,0.0126,% (w/w),N,N,N,N,N,N,N,N 少量,,
CUS-15810,4549-44-4,ETHYLBUTYLNITROSAMINE,0.0126,% (w/w),N,N,N,N,N,Y,N,N,新化學物質,
CUS-15810,1207995-62-7,"N-Nitroso-N,N-di(3,5,5-triMethylhexyl)aMine",0.0126,% (w/w),N,N,N,N,N,Y,N,N,新化學物質,
CUS-15810,930-55-2,N-NITROSOPYRROLIDINE,0.0126,% (w/w),N,N,N,N,N,N,N,N 少量,,
CUS-15810,7068-83-9,METHYLBUTYLNITROSAMINE,0.0126,% (w/w),N,N,N,N,N,Y,N,N,新化學物質,
CUS-15810,67-56-1,Methanol,99.811,% (w/w),N,N,N 2目少量,N,N,N,N,N 少量,,
CUS-15810,924-16-3,N-nitrosodi-n-butylamine,0.0126,% (w/w),N,N,N,N,N,N,N,N 少量,,
PANAL0215,540-84-1,isooctane,100,% (w/w),N,N,N,N,N,N,N,N 少量,,
PANAL0215,540-84-1,isooctane,99.9967,% (w/w),N,N,N,N,N,N,N,N 少量,,
PANAL0215,544-40-1,Butyl sulfide,0.0033,% (w/w),N,N,N,N,N,N,N,N 少量,,
PANAL0215,540-84-1,isooctane,99.9835,% (w/w),N,N,N,N,N,N,N,N 少量,,
PANAL0215,544-40-1,Butyl sulfide,0.0165,% (w/w),N,N,N,N,N,N,N,N 少量,,
PANAL0215,540-84-1,isooctane,99.967,% (w/w),N,N,N,N,N,N,N,N 少量,,
PANAL0215,544-40-1,Butyl sulfide,0.033,% (w/w),N,N,N,N,N,N,N,N 少量,,
PANAL0215,540-84-1,isooctane,99.9341,% (w/w),N,N,N,N,N,N,N,N 少量,,
PANAL0215,544-40-1,Butyl sulfide,0.0659,% (w/w),N,N,N,N,N,N,N,N 少量,,
PANAL0215,540-84-1,isooctane,99.8681,% (w/w),N,N,N,N,N,N,N,N 少量,,
PANAL0215,544-40-1,Butyl sulfide,0.1319,% (w/w),N,N,N,N,N,N,N,N 少量,,
AM-182-1,67-56-1,methanol,99.7472,% (w/w),N,N,N 2目少量,N,N,N,N,N 少量,,
AM-182-1,107-13-1,acrylonitrile,0.2528,% (w/w),"N 1,2類，限值50%",N,N 1目，限值1%,N,N,N,N,N 少量,,
5190-8293,17141-63-8,Manganese(II) nitrate hexahydrate,0.1,%,N,N,N,N,N,N,N,N 少量,,
5190-8293,7697-37-2,Nitric acid,4,%,N,N,N 2目少量,N,N,N,N,N 少量,,
5190-8293,7732-18-5,Water,95.9,%,N,N,N,N,N,N,N,N 少量,,
PST-271M100A01,67-56-1,methanol,99.9874,% (w/w),N,N,N 2目少量,N,N,N,N,N 少量,,
PST-271M100A01,789-02-6,"2,4'-DDT",0.0126,% (w/w),N,N,N,N,N,N,N,N 少量,,
SNJ-200-1,1975/9/2,METHYLENE DICHLORIDE,85-90,% (w/w),Y 4類，限值25%,N,N 2目少量,N,N,N,N,N 少量,毒化物,毒化物+包裝
SNJ-200-1,75-15-0,carbon disulfide,5月10日,% (w/w),Y 1類，限值1%,N,Y 1目，限值1%,N,N,N,N,N 少量,毒化物、優先化學品報備,毒化物+包裝
SNJ-200-1,629-78-7,Heptadecane,0.02,% (w/w),N,N,N,N,N,N,N,N 少量,,
SNJ-200-1,593-45-3,octadecane,0.02,% (w/w),N,N,N,N,N,N,N,N 少量,,
SNJ-200-1,629-92-5,nonadecane,0.02,% (w/w),N,N,N,N,N,N,N,N 少量,,
SNJ-200-1,112-95-8,eicosane,0.02,% (w/w),N,N,N,N,N,N,N,N 少量,,
SNJ-200-1,629-97-0,docosane,0.02,% (w/w),N,N,N,N,N,N,N,N 少量,,
SNJ-200-1,646-31-1,tetracosane,0.02,% (w/w),N,N,N,N,N,N,N,N 少量,,
SNJ-200-1,630-02-4,octacosane,0.02,% (w/w),N,N,N,N,N,N,N,N 少量,,
SNJ-200-1,544-85-4,dotriacontane,0.02,% (w/w),N,N,N,N,N,N,N,N 少量,,
SNJ-200-1,14167-59-0,tetratriacontane,0.02,% (w/w),N,N,N,N,N,N,N,N 少量,,
SNJ-200-1,630-06-8,hexatriacontane,0.02,% (w/w),N,N,N,N,N,N,N,N 少量,,
SNJ-200-1,629-94-7,heneicosane,0.02,% (w/w),N,N,N,N,N,N,N,N 少量,,
SNJ-200-1,638-67-5,tricosane,0.02,% (w/w),N,N,N,N,N,N,N,N 少量,,
SNJ-200-1,629-99-2,pentacosane,0.02,% (w/w),N,N,N,N,N,N,N,N 少量,,
SNJ-200-1,630-01-3,hexacosane,0.02,% (w/w),N,N,N,N,N,N,N,N 少量,,
SNJ-200-1,593-49-7,n-heptacosane,0.02,% (w/w),N,N,N,N,N,N,N,N 少量,,
SNJ-200-1,630-03-5,n-nonacosane,0.02,% (w/w),N,N,N,N,N,N,N,N 少量,,
SNJ-200-1,638-68-6,triacontane,0.02,% (w/w),N,N,N,N,N,N,N,N 少量,,
SNJ-200-1,630-04-6,n-hentriacontaine,0.02,% (w/w),N,N,N,N,N,N,N,N 少量,,
SNJ-200-1,630-07-9,n-pentatriacontane,0.02,% (w/w),N,N,N,N,N,N,N,N 少量,,
SNJ-200-1,7194-85-6,octatriacontane,0.02,% (w/w),N,N,N,N,N,N,N,N 少量,,
SNJ-200-1,4181-95-7,tetracontane,0.02,% (w/w),N,N,N,N,N,N,N,N 少量,,
SNJ-200-1,629-50-5,n-tridecane,0.02,% (w/w),N,N,N,N,N,N,N,N 少量,,
SNJ-200-1,638-36-8,"phytane (2,6,10,14-tetramethylhexadecane)",0.02,% (w/w),N,N,N,N,N,N,N,N 少量,,
SNJ-200-1,111-84-2,nonane,0.02,% (w/w),N,N,N,N,N,N,N,N 少量,,
SNJ-200-1,124-18-5,n-decane,0.02,% (w/w),N,N,N,N,N,N,N,N 少量,,
SNJ-200-1,1120-21-4,n-undecane,0.02,% (w/w),N,N,N,N,N,N,N,N 少量,,
SNJ-200-1,112-40-3,n-dodecane,0.02,% (w/w),N,N,N,N,N,N,N,N 少量,,
SNJ-200-1,629-59-4,n-tetradecane,0.02,% (w/w),N,N,N,N,N,N,N,N 少量,,
SNJ-200-1,629-62-9,n-pentadecane,0.02,% (w/w),N,N,N,N,N,N,N,N 少量,,
SNJ-200-1,544-76-3,hexadecane,0.02,% (w/w),N,N,N,N,N,N,N,N 少量,,
SNJ-200-1,630-05-7,n-tritriacontane,0.02,% (w/w),N,N,N,N,N,N,N,N 少量,,
SNJ-200-1,7194-84-5,n-heptatriacontane,0.02,% (w/w),N,N,N,N,N,N,N,N 少量,,
SNJ-200-1,7194-86-7,n-nonatriacontane,0.02,% (w/w),N,N,N,N,N,N,N,N 少量,,
SNJ-200-1,111-65-9,n-octane,0.02,% (w/w),N,N,N,N,N,N,N,N 年用量無超過,,
SNJ-200-1,1921-70-6,Pristane,0.02,% (w/w),N,N,N,N,N,N,N,N 少量,,
ASTM-110-1,124-18-5,n-decane,12,% (w/w),N,N,N,N,N,N,N,N 少量,,
ASTM-110-1,1120-21-4,n-undecane,12,% (w/w),N,N,N,N,N,N,N,N 少量,,
ASTM-110-1,112-40-3,n-dodecane,12,% (w/w),N,N,N,N,N,N,N,N 少量,,
ASTM-110-1,629-59-4,n-tetradecane,12,% (w/w),N,N,N,N,N,N,N,N 少量,,
ASTM-110-1,544-76-3,hexadecane,10,% (w/w),N,N,N,N,N,N,N,N 少量,,
ASTM-110-1,111-84-2,nonane,8,% (w/w),N,N,N,N,N,N,N,N 少量,,
ASTM-110-1,111-65-9,n-octane,8,% (w/w),N,N,N,N,N,N,N,N 年用量無超過,,
ASTM-110-1,142-82-5,n-heptane,6,% (w/w),N,N,N,N,N,N,N,N 年用量無超過,,
ASTM-110-1,110-54-3,n-hexane,6,% (w/w),N,N,N 2目少量,N,N,N,N,N 年用量無超過,,
ASTM-110-1,593-45-3,octadecane,5,% (w/w),N,N,N,N,N,N,N,N 少量,,
ASTM-110-1,112-95-8,eicosane,2,% (w/w),N,N,N,N,N,N,N,N 少量,,
ASTM-110-1,646-31-1,tetracosane,2,% (w/w),N,N,N,N,N,N,N,N 少量,,
ASTM-110-1,630-02-4,octacosane,1,% (w/w),N,N,N,N,N,N,N,N 少量,,
ASTM-110-1,544-85-4,dotriacontane,1,% (w/w),N,N,N,N,N,N,N,N 少量,,
ASTM-110-1,7098-22-8,n-tetratetracontane,1,% (w/w),N,N,N,N,N,N,N,N 少量,,
ASTM-110-1,4181-95-7,tetracontane,1,% (w/w),N,N,N,N,N,N,N,N 少量,,
ASTM-110-1,630-06-8,hexatriacontane,1,% (w/w),N,N,N,N,N,N,N,N 少量,,
UST-300-1,1975/9/2,METHYLENE DICHLORIDE,95-100,% (w/w),Y 4類，限值25%,N,N 2目少量,N,N,N,N,N 少量,毒化物,毒化物+包裝
UST-300-1,630-02-4,octacosane,0.0019,% (w/w),N,N,N,N,N,N,N,N 少量,,
UST-300-1,638-68-6,triacontane,0.0019,% (w/w),N,N,N,N,N,N,N,N 少量,,
UST-300-1,4181-95-7,tetracontane,0.0019,% (w/w),N,N,N,N,N,N,N,N 少量,,
UST-300-1,124-18-5,n-decane,0.0019,% (w/w),N,N,N,N,N,N,N,N 少量,,
UST-300-1,112-40-3,n-dodecane,0.0019,% (w/w),N,N,N,N,N,N,N,N 少量,,
UST-300-1,110-54-3,n-hexane,0.0019,% (w/w),N,N,N 2目少量,N,N,N,N,N 年用量無超過,,
UST-300-1,646-31-1,tetracosane,0.0019,% (w/w),N,N,N,N,N,N,N,N 少量,,
5190-8277,7440-48-4,cobalt,0.1,%,N,N,N 2目少量,N,N,N,N,N 少量,,
5190-8277,7732-18-5,water,95.9,%,N,N,N,N,N,N,N,N 少量,,
5190-8277,7697-37-2,nitric acid,4,%,N,N,N 2目少量,N,N,N,N,N 少量,,
5190-8282,7440-57-5,gold,0.0976,%,N,N,N,N,N,N,N,N 少量,,
5190-8282,7732-18-5,water,92.5024,%,N,N,N,N,N,N,N,N 少量,,
5190-8282,7647-01-0,hydrogen chloride,7.4,%,N,N,N 2目少量,N,N 乙類，限值100%,N,N,N 少量,,
5190-8300,7440/5/3,palladium,0.097,%,N,N,N,N,N,N,N,N 少量,,
5190-8300,7647-01-0,hydrogen chloride,7.4,%,N,N,N 2目少量,N,N 乙類，限值100%,N,N,N 少量,,
5190-8300,7732-18-5,water,92.503,%,N,N,N,N,N,N,N,N 少量,,
5190-8325,7440-66-6,zinc,0.1,%,N,N,N 2目少量,N,N,N,N,N 少量,,
5190-8325,7697-37-2,nitric acid,4,%,N,N,N 2目少量,N,N,N,N,N 少量,,
5190-8325,7732-18-5,water,95.9,%,N,N,N,N,N,N,N,N 少量,,
5080-8755,1333-74-0,Hydrogen,15,%,N,N,N 2目少量,N,N,N,N,N 少量,,
5080-8755,7727-37-9,Nitrogen,15,%,N,N,N,N,N,N,N,N 少量,,
5080-8755,106-98-9,1-Butene,10,%,N,N,N,N,N,N,N,N 少量,,
5080-8755,74-84-0,Ethane,10,%,N,N,N 2目少量,N,N,N,N,N 少量,,
5080-8755,75-28-5,Isobutane,10,%,N,N,N 2目少量,N,N,N,N,N 少量,,
5080-8755,106-97-8,Butane,5,%,N,N,N 2目少量,N,N,N,N,N 少量,,
5080-8755,124-38-9,Carbon Dioxide,5,%,N,N,N,N,N,N,N,N 少量,,
5080-8755,590-18-1,cis-2-Butene,5,%,N,N,N 2目少量,N,N,N,N,N 少量,,
5080-8755,624-64-6,trans-2- Butene,5,%,N,N,N 2目少量,N,N,N,N,N 少量,,
5080-8755,630-08-0,Carbon monoxide,5,%,N,N,Y 1目，限值1%,N,N,N,N,N 少量,優先化學品報備,
5080-8755,74-82-8,Methane,5,%,N,N,N 2目少量,N,N,N,N,N 少量,優先化學品報備,
5080-8755,74-98-6,Propane,5,%,N,N,N 2目少量,N,N,N,N,N 少量,優先化學品報備,
5080-8755,78-78-4,Isopentane,2,%,N,N,N 2目少量,N,N,N,N,N 少量,,
5080-8755,109-66-0,Pentane,1,%,N,N,N 2目少量,N,N,N,N,N 少量,,
5080-8755,115-07-1,Propylene,1,%,N,N,N 2目少量,N,N,N,N,N 少量,,
5080-8755,74-85-1,Ethylene,1,%,N,N,N 2目少量,N,N,N,N,N 少量,,
5190-8226,7440-33-7,Tungsten,1,%,N,N,N,N,N,N,N,N 少量,,
5190-8226,7664-39-3,Hydrofluoric Acid,0.9,%,N,N 限值0.1-10%,N 2目少量,N,N,N,N,N 少量,,關注+包裝
5190-8226,7697-37-2,Nitric acid,5,%,N,N,N 2目少量,N,N,N,N,N 少量,,
5190-8226,7732-18-5,Water,93.1,%,N,N,N,N,N,N,N,N 少量,,
IAA-214,7732-18-5,water,97.3855,% (w/w),N,N,N,N,N,N,N,N 少量,,
IAA-214,7697-37-2,NITRIC ACID,1.98,% (w/w),N,N,N 2目少量,N,N,N,N,N 少量,,
IAA-214,16919-19-0,ammonium hexafluorosilicate,0.6345,% (w/w),N,N,N,N,N,N,N,N 少量,,
IAA-014,7732-18-5,water,97.3855,% (w/w),N,N,N,N,N,N,N,N 少量,,
IAA-014,7697-37-2,NITRIC ACID,1.98,% (w/w),N,N,N 2目少量,N,N,N,N,N 少量,,
IAA-014,16919-19-0,ammonium hexafluorosilicate,0.6345,% (w/w),N,N,N,N,N,N,N,N 少量,,
IAA-040,7732-18-5,water,92.5151,% (w/w),N,N,N,N,N,N,N,N 少量,,
IAA-040,7697-37-2,NITRIC ACID,4.95,% (w/w),N,N,N 2目少量,N,N,N,N,N 少量,,
IAA-040,14985-18-3,zirconyl nitrate hydrate,2.5349,% (w/w),N,N,N,N,N,N,N,N 少量,,
IAA-051,7732-18-5,water,97.5,% (w/w),N,N,N,N,N,N,N,N 少量,,
IAA-051,7697-37-2,NITRIC ACID,1.4,% (w/w),N,N,N 2目少量,N,N,N,N,N 少量,,
IAA-051,7440-36-0,"antimony, soluble compounds as Sb",1,% (w/w),N,N,N,N,N,N,N,N 少量,,
IAA-051,87-69-4,TARTARIC ACID L(+),0.1,% (w/w),N,N,N,N,N,N,N,N 少量,,
ICM-120,7732-18-5,water,97.6021,% (w/w),N,N,N,N,N,N,N,N 少量,,
ICM-120,7697-37-2,NITRIC ACID,1.98,% (w/w),N,N,N 2目少量,N,N,N,N,N 少量,,
ICM-120,7757-79-1,potassium nitrate,0.1293,% (w/w),N,N,N 2目少量,N,N,N,N,N 年用量無超過,,
ICM-120,7784-27-2,aluminum nitrate nonahydrate,0.0695,% (w/w),N,N,N,N,N,N,N,N 少量,,
ICM-120,7789/2/8,chromium (III) nitrate nonahydrate,0.0514,% (w/w),N,N,N,N,N,N,N,N 少量,,
ICM-120,13478-00-7,nickel (II) nitrate hexahydrate,0.0248,% (w/w),N,N,N 1目，限值1%,N,N,N,N,N 少量,,
ICM-120,10026-22-9,cobalt nitrate hexahydrate,0.0247,% (w/w),N,N,N 1目，限值1%,N,N,N,N,N 少量,,
ICM-120,10196-18-6,zinc nitrate hexahydrate,0.0227,% (w/w),N,N,N,N,N,N,N,N 少量,,
ICM-120,10377-66-9,manganese (II) nitrate,0.0163,% (w/w),N,N,N,N,N,N,N,N 少量,,
ICM-120,3251-23-8,copper (II) nitrate,0.0148,% (w/w),N,N,N 2目少量,N,N,N,N,N 少量,,
ICM-120,10022-68-1,cadmium nitrate tetrahydrate,0.0137,% (w/w),N,N,N,N,N,N,N,N 少量,,
ICM-120,10042-76-9,strontium nitrate,0.0121,% (w/w),N,N,N 2目少量,N,N,N,N,N 少量,,
ICM-120,10022-31-8,barium nitrate,0.0095,% (w/w),N,N,N,N,N,N,N,N 少量,,
ICM-120,10099-74-8,lead (II) nitrate,0.008,% (w/w),N,N,N 附錄一限值>1%,N,N,N,N,N 少量,,
ICM-120,1313-27-5,molybdenum (VI) oxide,0.0075,% (w/w),N,N,N,N,N,N,N,N 少量,,
ICM-120,7446/8/4,selenium (IV) oxide,0.007,% (w/w),N,N,N,N,N,N,N,N 少量,,
ICM-120,1327-53-3,arsenic (III) oxide,0.0066,% (w/w),"N 1,2,3類，限值1%",N,N 1目，限值1%,N,N,N,N,N 少量,,
ICP-120,7732-18-5,water,92.5525,% (w/w),N,N,N,N,N,N,N,N 少量,,
ICP-120,7697-37-2,NITRIC ACID,4.95,% (w/w),N,N,N 2目少量,N,N,N,N,N 少量,,
ICP-120,471-34-1,calcium carbonate,2.4975,% (w/w),N,N,N,N,N,N,N,N 少量,,
IAA-015,7732-18-5,water,94.8867,% (w/w),N,N,N,N,N,N,N,N 少量,,
IAA-015,7722-76-1,AMMONIUM BIPHOSPHATE,3.7133,% (w/w),N,N,N,N,N,N,N,N 少量,,
IAA-015,7697-37-2,NITRIC ACID,1.4,% (w/w),N,N,N 2目少量,N,N,N,N,N 少量,,
5190-8236,14985-18-3,Zirconium(IV) oxynitrate hydrate,1,%,N,N,N,N,N,N,N,N 少量,,
5190-8236,7697-37-2,Nitric acid,5,%,N,N,N 2目少量,N,N,N,N,N 少量,,
5190-8236,7732-18-5,Water,94,%,N,N,N,N,N,N,N,N 少量,,
IST-760-1,1975/9/2,METHYLENE DICHLORIDE,95-100,% (w/w),Y 4類，限值25%,N,N 2目少量,N,N,N,N,N 少量,毒化物,毒化物+包裝
IST-760-1,17829-05-9,N-nitrosodimethylamine-d6,0.0754,% (w/w),N,N,N,N,N,N,N,N 少量,,
ICM-231,7732-18-5,water,97.7378,% (w/w),N,N,N,N,N,N,N,N 少量,,
ICM-231,7697-37-2,NITRIC ACID,1.98,% (w/w),N,N,N 2目少量,N,N,N,N,N 少量,,
ICM-231,87-69-4,TARTARIC ACID L(+),0.2,% (w/w),N,N,N,N,N,N,N,N 少量,,
ICM-231,471-34-1,calcium carbonate,0.025,% (w/w),N,N,N,N,N,N,N,N 少量,,
ICM-231,1327-53-3,arsenic (III) oxide,0.0132,% (w/w),"N 1,2,3類，限值1%",N,N 1目，限值1%,N,N,N,N,N 少量,,
ICM-231,10043-35-3,ORTHOBORIC ACID,0.0114,% (w/w),N,N,N 1目，限值1%,N,N,N,N,N 少量,,
ICM-231,7446/8/4,selenium (IV) oxide,0.007,% (w/w),N,N,N,N,N,N,N,N 少量,,
ICM-231,10377-66-9,manganese (II) nitrate,0.0065,% (w/w),N,N,N,N,N,N,N,N 少量,,
ICM-231,3251-23-8,copper (II) nitrate,0.0059,% (w/w),N,N,N 2目少量,N,N,N,N,N 少量,,
ICM-231,10022-68-1,cadmium nitrate tetrahydrate,0.0055,% (w/w),N,N,N,N,N,N,N,N 少量,,
ICM-231,7440-36-0,"antimony, soluble compounds as Sb",0.005,% (w/w),N,N,N,N,N,N,N,N 少量,,
ICM-231,10022-31-8,barium nitrate,0.0019,% (w/w),N,N,N,N,N,N,N,N 少量,,
ICM-231,7761-88-8,silver nitrate,0.0008,% (w/w),N,N,N 2目少量,N,N,N,N,N 少量,,
5184-3564,7732-18-5,water,99.498,%,N,N,N,N,N,N,N,N 少量,,
5184-3564,7440-46-2,caesium,0.002,%,N,N,N,N,N,N,N,N 少量,,
5184-3564,7697-37-2,nitric acid (…% [C > 70 %]),0.5,%,N,N,N 2目少量,N,N,N,N,N 少量,,
5184-3564,7732-18-5,water,98,%,N,N,N,N,N,N,N,N 少量,,
5184-3564,7440-69-9,bismuth,1,%,N,N,N,N,N,N,N,N 少量,,
5184-3564,7440-74-6,indium,1,%,N,N,N 2目少量,N,N,N,N,N 少量,,
5184-3564,7440-41-7,beryllium,1,%,N 2類，限值95%,N,N,N 限值1%(沒有超過1%),N,N,N,N 少量,,
5184-3564,7697-37-2,nitric acid (…% [C > 70 %]),2,%,N,N,N 2目少量,N,N,N,N,N 少量,,
5184-3564,7732-18-5,water,100,%,N,N,N,N,N,N,N,N 少量,,
5184-3564,7732-18-5,water,99.8,%,N,N,N,N,N,N,N,N 少量,,
5184-3564,7697-37-2,nitric acid (…% [C > 70 %]),0.2,%,N,N,N 2目少量,N,N,N,N,N 少量,,
5184-3564,7440-52-0,erbium,50,%,N,N,N,N,N,N,N,N 少量,,
5184-3564,7439-93-2,lithium,10,%,N,N,N 2目少量,N,N,N,N,N 少量,,
5184-3564,7440-28-0,thallium,10,%,N,N,N,N,N,N,N,N 少量,,
5184-3564,7440-45-1,cerium,10,%,N,N,N,N,N,N,N,N 少量,,
5184-3564,7440-48-4,cobalt,10,%,N,N,N 2目少量,N,N,N,N,N 少量,,
5184-3564,7440-65-5,yttrium,10,%,N,N,N,N,N,N,N,N 少量,,
5184-3564,7697-37-2,nitric acid (…% [C > 70 %]),2.0624,%,N,N,N 2目少量,N,N,N,N,N 少量,,
5184-3564,7732-18-5,water,97.9376,%,N,N,N,N,N,N,N,N 少量,,
5184-3564,7440-46-2,caesium,10,%,N,N,N,N,N,N,N,N 少量,,
5184-3564,7697-37-2,nitric acid (…% [C > 70 %]),2,%,N,N,N 2目少量,N,N,N,N,N 少量,,
5184-3564,7732-18-5,water,98,%,N,N,N,N,N,N,N,N 少量,,
5184-3564,7440-52-0,erbium,1,%,N,N,N,N,N,N,N,N 少量,,
5184-3564,7697-37-2,nitric acid (…% [C > 70 %]),0.2,%,N,N,N 2目少量,N,N,N,N,N 少量,,
5184-3564,7732-18-5,water,99.7999,%,N,N,N,N,N,N,N,N 少量,,
5184-3564,7439-93-2,lithium,1,%,N,N,N 2目少量,N,N,N,N,N 少量,,
5184-3564,7439-95-4,magnesium,1,%,N,N,N 2目少量,N,N,N,N,N 少量,,
5184-3564,7440-28-0,thallium,1,%,N,N,N,N,N,N,N,N 少量,,
5184-3564,7440-45-1,cerium,1,%,N,N,N,N,N,N,N,N 少量,,
5184-3564,7440-65-5,yttrium,1,%,N,N,N,N,N,N,N,N 少量,,
5184-3564,7697-37-2,nitric acid (…% [C > 70 %]),2,%,N,N,N 2目少量,N,N,N,N,N 少量,,
5184-3564,7732-18-5,water,98,%,N,N,N,N,N,N,N,N 少量,,
5184-3564,7697-37-2,nitric acid (…% [C > 70 %]),5,%,N,N,N 2目少量,N,N,N,N,N 少量,,
5184-3564,7732-18-5,water,95,%,N,N,N,N,N,N,N,N 少量,,
ICP-479,7732-18-5,water,99.78,% (w/w),N,N,N,N,N,N,N,N 少量,,
ICP-479,7647-01-0,hydrochloric acid,0.219,% (w/w),N,N,N 2目少量,N,N 乙類，限值100%,N,N,N 少量,,
ICP-479,7440-57-5,gold,0.001,% (w/w),N,N,N,N,N,N,N,N 少量,,
PST-641M100A01,67-56-1,methanol,99.9874,% (w/w),N,N,N 2目少量,N,N,N,N,N 少量,,
PST-641M100A01,121-75-5,malathion,0.0126,% (w/w),N,N,N,N,N,N,N,N 少量,,
5190-8274,7789-18-6,Caesium nitrate,0.1,%,N,N,N,N,N,N,N,N 少量,,
5190-8274,7697-37-2,Nitric acid,4,%,N,N,N 2目少量,N,N,N,N,N 少量,,
5190-8274,7732-18-5,Water,95.9,%,N,N,N,N,N,N,N,N 少量,,
5190-0513,110-54-3,n-Hexane,"262,4601 PPM",,N,N,N 2目少量,N,N,N,N,N 年用量無超過,,
5190-0513,110-71-4,"1,2-Dimethoxyethane","90,5035 PPM",,N,N,N 1目，限值1%,N,N,N,N,N 少量,,
5190-0513,110-86-1,Pyridine,"181,0069 PPM",,N 1類，限值1%,N,N,N,N,N,N,N 少量,,
5190-0513,591-78-6,Hexan-2-one,"45,2517 PPM",,N,N,N 2目少量,N,N,N,N,N 少量,,
5190-0513,67-66-3,Trichloromethane,"54,3021 PPM",,N 1類，限值50%,N,N 2目少量,N,N,N,N,N 少量,,
5190-0513,67-68-5,Dimethyl sulfoxide,9991.59,,N,N,N,N,N,N,N,N 少量,,
5190-0513,1979/1/6,Trichloroethylene,"72,4028 PPM",,"N 1,2類，限值10%",N,N 附錄一限值>1%,N,N,N,N,N 少量,,
5190-0513,119-64-2,"1,2,3,4-tetrahydronaphthalene","90,5035 PPM",,N,N,N,N,N,N,N,N 少量,,
5190-0513,75-52-5,nitromethane,"45,2517 PPM",,N,N,N 2目少量,N,N,N,N,N 少量,,
5190-0492,100-41-4,Ethylbenzene,"1.557,5000",PPM,N 4類，限值70%,N,N,N,N,N,N,N 少量,,
5190-0492,106-42-3,p-Xylene,"1.286,7000 PPM",,N,N,N 2目少量,N,N,N,N,N 少量,,
5190-0492,108-38-3,m-Xylene,"5.510,6000 PPM",,N,N,N 2目少量,N,N,N,N,N 少量,,
5190-0492,108-87-2,Methylcyclohexane,"4.994,3000 PPM",,N,N,N,N,N,N,N,N 少量,,
5190-0492,108-88-3,Toluene,"3.766,9000 PPM",,N,N,N 2目少量,N,N 乙類，限值100%,N,N,N 年用量無超過,,
5190-0492,108-90-7,Chlorobenzene,"1.523,7000 PPM",,N 1類，限值1%,N,N 2目少量,N,N,N,N,N 少量,,
5190-0492,109-99-9,Tetrahydrofuran,"3.047,4000 PPM",,N,N,N 2目少量,N,N,N,N,N 少量,,
5190-0492,110-82-7,Cyclohexane,"16.421,9000 PPM",%,N 4類，限值1%,N,N 2目少量,N,N,N,N,N 少量,,
5190-0492,123-91-1,"1,4-Dioxane","1.608,3000 PPM",,N 1類，限值1%,N,N 2目少量,N,N,N,N,N 少量,,
5190-0492,156-59-2,cis-Dichloroethylene,"3.978,5000 PPM",,N 4類，限值25%,N,N,N,N,N,N,N 少量,,
5190-0492,156-60-5,trans-Dichloroethylene,"3.978,5000 PPM",,N 4類，限值25%,N,N,N,N,N,N,N 少量,,
5190-0492,67-56-1,Methanol,"12.697,3000 PPM",,N,N,N 2目少量,N,N,N,N,N 少量,,
5190-0492,67-68-5,Dimethyl sulfoxide,9345.25,,N,N,N,N,N,N,N,N 少量,,
5190-0492,1975/5/8,Acetonitrile,"1.753,3000",PPM,N 4類，限值1%,N,N,N,N,N,N,N 少量,,
5190-0492,1975/9/2,Dichloromethane,"2.539,5000 PPM",,N 4類，限值25%,N,N 2目少量,N,N,N,N,N 少量,,
5190-0492,95-47-6,o-Xylene,"829,6000 PPM",,N,N,N 2目少量,N,N,N,N,N 少量,,
5190-0490,67-68-5,Dimethyl sulfoxide,88.3907,%,N,N,N,N,N,N,N,N 少量,,
5190-0490,71-43-2,Benzene,0.8006,%,"N 1,2類，限值70%",N,N 1目，限值1%,N,N,N,N,N 少量,,
5190-0490,56-23-5,Carbon tetrachloride,1.6013,%,N 1類，限值50%,N,N 2目少量,N,N,N,Y,N 少量,空汙申請,
5190-0490,107-06-2,"1,2-Dichloroethane",2.0016,%,N 4類，限值15%,N,Y 1目，限值1%,N,N,N,N,N 少量,優先化學品報備,
5190-0490,75-35-4,"1,1-Dichloroethylene",3.2026,%,N 4類，限值25%,N,N,N,N,N,N,N 少量,,
5190-0490,71-55-6,"1,1,1-Trichloroethane",4.0032,%,N,N,N 2目少量,N,N,N,Y,N 少量,空汙申請,
5190-0485,112-39-0,methyl palmitate,        0.1155,%,N,N,N,N,N,N,N,N 少量,,
5190-0485,112-62-9,methyl oleate,        0.1155,%,N,N,N,N,N,N,N,N 少量,,
5190-0485,112-63-0,methyl linoleate,        0.1155,%,N,N,N,N,N,N,N,N 少量,,
5190-0485,218-01-9,chrysene,        0.0578,%,N,N,N,N,N,N,N,N 少量,,
5190-0485,112-61-8,methyl stearate,        0.1155,%,N,N,N,N,N,N,N,N 少量,,
5190-0485,142-82-5,heptane,       99.3645,%,N,N,N,N,N,N,N,N 少量,,
5190-0485,301-00-8,"methyl (9Z,12Z,15Z)-9,12,15-octadecatrienoate",        0.1155,%,N,N,N,N,N,N,N,N 少量,,
5190-0485,91-20-3,naphthalene,        0.1414,%,N,N,N 2目少量,N,N,N,N,N 年用量無超過,,
5190-0485,123-01-3,dodecylbenzene,        0.1414,%,N,N,N,N,N,N,N,N 少量,,
5190-0485,132-65-0,dibenzothiophene,        0.0707,%,N,N,N,N,N,N,N,N 少量,,
5190-0485,142-82-5,heptane,       97.3126,%,N,N,N,N,N,N,N,N 少量,,
5190-0485,779-02-2,9-methylanthracene,        0.0707,%,N,N,N,N,N,N,N,N 少量,,
5190-0485,87-85-4,hexamethylbenzene,        0.1414,%,N,N,N,N,N,N,N,N 少量,,
5190-0485,95-47-6,o-xylene,        0.7072,%,N,N,N 2目少量,N,N,N,N,N 少量,,
5190-0485,110-82-7,cyclohexane,1月5日,%,Y 4類，限值1%,N,N 2目少量,N,N,N,N,N 少量,毒化物,毒化物+包裝
RPC-096AS,540-84-1,isooctane,99.9855,% (w/w),N,N,N,N,N,N,N,N 少量,,
RPC-096AS,70362-50-4,"3,4,4',5-tetrachlorobiphenyl",0.0145,% (w/w),"N (多氯聯苯1-10氯管制:四溴聯苯醚) 1,2類，限值0.1%",N,N,N,N,N,N,N 少量,,
RPC-100AS,540-84-1,isooctane,99.9855,% (w/w),N,N,N,N,N,N,N,N 少量,,
RPC-100AS,52663-72-6,"2,3',4,4',5,5'-hexachlorobiphenyl",0.0145,% (w/w),"N (多氯聯苯1-10氯管制:六氯) 1,2類，限值0.1%",N,N,N,N,N,N,N 少量,,
RPC-133AS,540-84-1,isooctane,99.9855,% (w/w),N,N,N,N,N,N,N,N 少量,,
RPC-133AS,38380-03-9,"2,3,3',4',6-pentachlorobiphenyl",0.0145,% (w/w),"N (多氯聯苯1-10氯管制:五氯聯苯醚) 1,2類，限值0.1%",N,N,N,N,N,N,N 少量,,
RPC-156AS,540-84-1,isooctane,99.9855,% (w/w),N,N,N,N,N,N,N,N 少量,,
RPC-156AS,65510-44-3,"2',3,4,4',5-pentachlorobiphenyl",0.0145,% (w/w),"N (多氯聯苯1-10氯管制:五氯) 1,2類，限值0.1%",N,N,N,N,N,N,N 少量,,
RPC-164AS,540-84-1,isooctane,99.9855,% (w/w),N,N,N,N,N,N,N,N 少量,,
RPC-164AS,69782-90-7,"2,3,3',4,4',5'-hexachlorobiphenyl",0.0145,% (w/w),"N (多氯聯苯1-10氯管制:六溴聯苯醚) 1,2類，限值0.1%",N,N,N,N,N,N,N 少量,,
RPC-096S,110-54-3,n-hexane,99.9848,% (w/w),N,N,N 2目少量,N,N,N,N,N 年用量無超過,,
RPC-096S,70362-50-4,"3,4,4',5-tetrachlorobiphenyl",0.0152,% (w/w),"N (多氯聯苯1-10氯管制:四溴聯苯醚) 1,2類，限值0.1%",N,N,N,N,N,N,N 少量,,
AM-160-1,67-56-1,methanol,99.9874,% (w/w),N,N,N 2目少量,N,N,N,N,N 少量,,
AM-160-1,108-88-3,toluene,0.0126,% (w/w),N,N,N 2目少量,N,N 乙類，限值100%,N,N,N 年用量無超過,,
PST-470K1000,67-64-1,acetone,99.8736,% (w/w),N,N,N 2目少量,N,N 乙類，限值100%,N,N,N 少量,,
PST-470K1000,298-04-4,disulfoton,0.1264,% (w/w),N,N,N,N,N,N,N,N 少量,,
PST-2500M1000,67-56-1,methanol,99.8736,% (w/w),N,N,N 2目少量,N,N,N,N,N 少量,,
PST-2500M1000,2310-17-0,phosalone,0.1264,% (w/w),N,N,N,N,N,N,N,N 少量,,
ICC-003,7732-18-5,water,99.779,% (w/w),N,N,N,N,N,N,N,N 少量,,
ICC-003,7681-49-4,sodium fluoride,0.221,% (w/w),N,N,N 2目少量,N,N,N,N,N 年用量無超過,,
5190-8280,7440-50-8,Copper,0.1,%,N,N,N,N,N,N,N,N 少量,,
5190-8280,7697-37-2,Nitric acid,4,%,N,N,N 2目少量,N,N,N,N,N 少量,,
5190-8280,7732-18-5,Water,95.9,%,N,N,N,N,N,N,N,N 少量,,
IMS-103,7732-18-5,water,93.324,% (w/w),N,N,N,N,N,N,N,N 少量,,
IMS-103,7647-01-0,hydrochloric acid,4.38,% (w/w),N,N,N 2目少量,N,N 乙類，限值100%,N,N,N 少量,,
IMS-103,7697-37-2,NITRIC ACID,1.98,% (w/w),N,N,N 2目少量,N,N,N,N,N 少量,,
IMS-103,87-69-4,TARTARIC ACID L(+),0.2,% (w/w),N,N,N,N,N,N,N,N 少量,,
IMS-103,7664-39-3,hydrofluoric acid,0.1,% (w/w),N,N 限值0.1-10%,N 2目少量,N,N,N,N,N 少量,,關注+包裝
IMS-103,13933-31-8,tetraamminepalladium (II) chloride monohydrate,0.0025,% (w/w),N,N,N,N,N,N,N,N 少量,,
IMS-103,16919-24-7,ammonium hexafluorostannate,0.0023,% (w/w),N,N,N,N,N,Y,N,N,新化學物質,
IMS-103,14898-67-0,ruthenium (III) chloride hydrate,0.0021,% (w/w),N,N,N,N,N,N,N,N 少量,,
IMS-103,20765-98-4,rhodium (III) trichloride hydrate,0.002,% (w/w),N,N,N,N,N,N,N,N 少量,,
IMS-103,14996-61-3,iridium trichloride hydrate,0.0016,% (w/w),N,N,N,N,N,N,N,N 少量,,
IMS-103,7446/7/3,tellurium (IV) oxide,0.0013,% (w/w),N,N,N,N,N,N,N,N 少量,,
IMS-103,12055-23-1,hafnium (IV) oxide,0.0012,% (w/w),N,N,N,N,N,N,N,N 少量,,
IMS-103,7440-57-5,gold,0.001,% (w/w),N,N,N,N,N,N,N,N 少量,,
IMS-103,7440/6/4,"platinum, soluble compounds as Pt",0.001,% (w/w),N,N,N,N,N,N,N,N 少量,,
IMS-103,7440-36-0,"antimony, soluble compounds as Sb",0.001,% (w/w),N,N,N,N,N,N,N,N 少量,,
8500-6946,7440-74-6,Indium,0.001,%,N,N,N 2目少量,N,N,N,N,N 少量,,
8500-6946,7697-37-2,Nitric acid,2,%,N,N,N 2目少量,N,N,N,N,N 少量,,
8500-6946,7732-18-5,Water,97.999,%,N,N,N,N,N,N,N,N 少量,,
RPC-133S,110-54-3,n-hexane,99.9848,% (w/w),N,N,N 2目少量,N,N,N,N,N 年用量無超過,,
RPC-133S,38380-03-9,"2,3,3',4',6-pentachlorobiphenyl",0.0152,% (w/w),"N (多氯聯苯1-10氯管制:五氯聯苯醚) 1,2類，限值0.1%",N,N,N,N,N,N,N 少量,,
RPC-164S,110-54-3,n-hexane,99.9848,% (w/w),N,N,N 2目少量,N,N,N,N,N 年用量無超過,,
RPC-164S,69782-90-7,"2,3,3',4,4',5'-hexachlorobiphenyl",0.0152,% (w/w),"N (多氯聯苯1-10氯管制:六溴聯苯醚) 1,2類，限值0.1%",N,N,N,N,N,N,N 少量,,
5063-6503        ,7778-50-9,potassium dichromate                                                                                                                ,0.0573,%,N 2類，六價鉻含量1%以上,N,N 1目，限值1%,N,N,N,N,N 少量,,
5063-6503        ,7664-93-9,sulphuric acid                                                                                                                      ,4.7605,%,N,N,N 2目少量,N,N 乙類，限值100%,N,N,N 少量,,
5063-6503        ,7732-18-5,water                                                                                                                               ,95.1822,%,N,N,N,N,N,N,N,N 少量,,
5063-6503        ,7778-50-9,potassium dichromate                                                                                                                ,0.0057,%,N 2類，六價鉻含量1%以上,N,N 1目，限值1%,N,N,N,N,N 少量,,
5063-6503        ,7664-93-9,sulphuric acid                                                                                                                      ,4.763,%,N,N,N 2目少量,N,N 乙類，限值100%,N,N,N 少量,,
5063-6503        ,7732-18-5,water                                                                                                                               ,95.2313,%,N,N,N,N,N,N,N,N 少量,,
5063-6503        ,7664-93-9,sulphuric acid                                                                                                                      ,0.05,%,N,N,N 2目少量,N,N 乙類，限值100%,N,N,N 少量,,
5063-6503        ,7732-18-5,water                                                                                                                               ,99.95,%,N,N,N,N,N,N,N,N 少量,,
5063-6503        ,110-54-3,n-hexane                                                                                                                            ,100,%,N,N,N 2目少量,N,N,N,N,N 年用量無超過,,
5063-6503        ,108-88-3,toluene                                                                                                                             ,0.0259,%,N,N,N 2目少量,N,N 乙類，限值100%,N,N,N 年用量無超過,,
5063-6503        ,110-54-3,n-hexane                                                                                                                            ,99.9741,%,N,N,N 2目少量,N,N,N,N,N 年用量無超過,,
5063-6503        ,7447-40-7,potassium chloride                                                                                                                  ,1.1879,%,N,N,N,N,N,N,N,N 少量,,
5063-6503        ,7732-18-5,water                                                                                                                               ,98.8121,%,N,N,N,N,N,N,N,N 少量,,
5063-6503        ,7681-82-5,sodium iodide                                                                                                                       ,0.9919,%,N,N,N,N,N,N,N,N 少量,,
5063-6503        ,7732-18-5,water                                                                                                                               ,99.0081,%,N,N,N,N,N,N,N,N 少量,,
5063-6503        ,7632-00-0,sodium nitrite                                                                                                                      ,4.77,%,N,N,N 2目少量,N,N,N,N,N 少量,,
5063-6503        ,7732-18-5,water                                                                                                                               ,95.23,%,N,N,N,N,N,N,N,N 少量,,
5190-7002,83-34-1,3-Methylindole,0.0015,%,N,N,N,N,N,N,N,N 少量,,
5190-7002,1484-12-4,9-Methylcarbazole,0.002,%,N,N,N,N,N,N,N,N 少量,,
5190-7002,98-95-3,Nitrobenzene,0.0014,%,N 1類，限值10%,N,N,N,N,N,N,N 少量,,
5190-7002,540-84-1,"2,2,4-trimethylpentane",99.9951,%,N,N,N,N,N,N,N,N 少量,,
ICP-022,7732-18-5,water,97.6064,% (w/w),N,N,N,N,N,N,N,N 少量,,
ICP-022,7697-37-2,NITRIC ACID,1.98,% (w/w),N,N,N 2目少量,N,N,N,N,N 少量,,
ICP-022,16962-40-6,ammonium hexafluorotitanate,0.4136,% (w/w),N,N,N,N,N,N,N,N 少量,,
ICP-122,7732-18-5,water,94.3644,% (w/w),N,N,N,N,N,N,N,N 少量,,
ICP-122,16962-40-6,ammonium hexafluorotitanate,4.1356,% (w/w),N,N,N,N,N,N,N,N 少量,,
ICP-122,7697-37-2,NITRIC ACID,1.4,% (w/w),N,N,N 2目少量,N,N,N,N,N 少量,,
ICP-122,7664-39-3,hydrofluoric acid,0.1,% (w/w),N,N 限值0.1-10%,N 2目少量,N,N,N,N,N 少量,,關注+包裝
PL2080-0201,25322-68-3,Polyethylene glycol,100,%,N,N,N,N,N,N,N,N 少量,,
ICM-801,7732-18-5,water,97.6381,% (w/w),N,N,N,N,N,N,N,N 少量,,
ICM-801,7697-37-2,NITRIC ACID,1.98,% (w/w),N,N,N 2目少量,N,N,N,N,N 少量,,
ICM-801,87-69-4,TARTARIC ACID L(+),0.2,% (w/w),N,N,N,N,N,N,N,N 少量,,
ICM-801,7664-39-3,hydrofluoric acid,0.1,% (w/w),N,N 限值0.1-10%,N 2目少量,N,N,N,N,N 少量,,關注+包裝
ICM-801,543-81-7,beryllium acetate,0.0141,% (w/w),N,N,N,N,N,Y,N,N,新化學物質,
ICM-801,7784-27-2,aluminum nitrate nonahydrate,0.0139,% (w/w),N,N,N,N,N,N,N,N 少量,,
ICM-801,7789/2/8,chromium (III) nitrate nonahydrate,0.0103,% (w/w),N,N,N,N,N,N,N,N 少量,,
ICM-801,7446/8/4,selenium (IV) oxide,0.007,% (w/w),N,N,N,N,N,N,N,N 少量,,
ICM-801,13478-00-7,nickel (II) nitrate hexahydrate,0.005,% (w/w),N,N,N 1目，限值1%,N,N,N,N,N 少量,,
ICM-801,10026-22-9,cobalt nitrate hexahydrate,0.0049,% (w/w),N,N,N 1目，限值1%,N,N,N,N,N 少量,,
ICM-801,10196-18-6,zinc nitrate hexahydrate,0.0045,% (w/w),N,N,N,N,N,N,N,N 少量,,
ICM-801,10377-66-9,manganese (II) nitrate,0.0033,% (w/w),N,N,N,N,N,N,N,N 少量,,
ICM-801,3251-23-8,copper (II) nitrate,0.003,% (w/w),N,N,N 2目少量,N,N,N,N,N 少量,,
ICM-801,10022-68-1,cadmium nitrate tetrahydrate,0.0027,% (w/w),N,N,N,N,N,N,N,N 少量,,
ICM-801,7803-55-6,ammonium metavanadate,0.0023,% (w/w),N,N,N 2目少量,N,N,N,N,N 少量,,
ICM-801,13823-29-5,thorium nitrate hydrate,0.0021,% (w/w),N,N,N,N,N,N,N,N 少量,,
ICM-801,13520-83-7,uranyl nitrate hydrate,0.0021,% (w/w),N,N,N,N,N,N,N,N 少量,,
ICM-801,10099-74-8,lead (II) nitrate,0.0016,% (w/w),N,N,N 附錄一限值>1%,N,N,N,N,N 少量,,
ICM-801,1313-27-5,molybdenum (VI) oxide,0.0015,% (w/w),N,N,N,N,N,N,N,N 少量,,
ICM-801,1327-53-3,arsenic (III) oxide,0.0013,% (w/w),"N 1,2,3類，限值1%",N,N 1目，限值1%,N,N,N,N,N 少量,,
ICM-801,10102-45-1,thallium (I) nitrate,0.0013,% (w/w),N,N,N,N,N,N,N,N 少量,,
ICM-801,7440-36-0,"antimony, soluble compounds as Sb",0.001,% (w/w),N,N,N,N,N,N,N,N 少量,,
ICM-802,7732-18-5,water,98.5965,% (w/w),N,N,N,N,N,N,N,N 少量,,
ICM-802,7697-37-2,NITRIC ACID,1.4,% (w/w),N,N,N 2目少量,N,N,N,N,N 少量,,
ICM-802,10022-31-8,barium nitrate,0.0019,% (w/w),N,N,N,N,N,N,N,N 少量,,
ICM-802,7761-88-8,silver nitrate,0.0016,% (w/w),N,N,N 2目少量,N,N,N,N,N 少量,,
ICM-810,7732-18-5,water,98.5381,% (w/w),N,N,N,N,N,N,N,N 少量,,
ICM-810,7697-37-2,NITRIC ACID,1.4,% (w/w),N,N,N 2目少量,N,N,N,N,N 少量,,
ICM-810,12060-08-1,scandium oxide,0.0153,% (w/w),N,N,N,N,N,N,N,N 少量,,
ICM-810,1314-36-9,yttrium oxide,0.0127,% (w/w),N,N,N,N,N,N,N,N 少量,,
ICM-810,1312-43-2,indium (III) oxide,0.0121,% (w/w),N,N,N,N,N,N,N,N 少量,,
ICM-810,12037-01-3,terbium oxide,0.0118,% (w/w),N,N,N,N,N,N,N,N 少量,,
ICM-810,7440-69-9,PURE BISMUTH,0.01,% (w/w),N,N,N,N,N,N,N,N 少量,,
ICM-820,7732-18-5,water,97.696,% (w/w),N,N,N,N,N,N,N,N 少量,,
ICM-820,7697-37-2,NITRIC ACID,1.98,% (w/w),N,N,N 2目少量,N,N,N,N,N 少量,,
ICM-820,543-81-7,beryllium acetate,0.141,% (w/w),N,N,N,N,N,Y,N,N,新化學物質,
ICM-820,13446-18-9,magnesium nitrate hexahydrate,0.1055,% (w/w),N,N,N,N,N,N,N,N 少量,,
ICM-820,10026-22-9,cobalt nitrate hexahydrate,0.0494,% (w/w),N,N,N 1目，限值1%,N,N,N,N,N 少量,,
ICM-820,10099-74-8,lead (II) nitrate,0.016,% (w/w),N,N,N 附錄一限值>1%,N,N,N,N,N 少量,,
ICM-820,1312-43-2,indium (III) oxide,0.0121,% (w/w),N,N,N,N,N,N,N,N 少量,,
EPA-2037N-1,67-64-1,acetone,99.9765,% (w/w),N,N,N 2目少量,N,N 乙類，限值100%,N,N,N 少量,,
EPA-2037N-1,117-84-0,di-n-octyl phthalate,0.0063,% (w/w),N 1類，限值10%,N,N,N,N,N,N,N 少量,,
EPA-2037N-1,117-81-7,di-(2-ethylhexyl) phthalate,0.0063,% (w/w),"N 1,2類，限值10%",N,N,N,N,N,N,N 少量,,
EPA-2037N-1,84-74-2,dibutyl phthalate,0.0032,% (w/w),"N 1,2類，限值10%",N,N,N,N,N,N,N 少量,,
EPA-2037N-1,131-11-3,dimethyl phthalate,0.0032,% (w/w),N 1類，限值10%,N,N,N,N,N,N,N 少量,,
EPA-2037N-1,84-66-2,diethyl phthalate,0.0032,% (w/w),N 1類，限值10%,N,N,N,N,N,N,N 少量,,
EPA-2037N-1,85-68-7,"phthalic acid, benzyl butyl ester",0.0013,% (w/w),"N 1,2類，限值10%",N,N,N,N,N,N,N 少量,,
QCI-787,7732-18-5,water,99.9955,% (w/w),N,N,N,N,N,N,N,N 少量,,
QCI-787,7647-15-6,sodium bromide,0.0039,% (w/w),N,N,N,N,N,N,N,N 少量,,
QCI-787,7758/1/2,potassium bromate,0.0006,% (w/w),N 4類，限值1%,N,N,N,N,N,N,N 少量,,
QCI-787,7732-18-5,water,99.9827,% (w/w),N,N,N,N,N,N,N,N 少量,,
QCI-787,7758-19-2,sodium chlorite,0.0147,% (w/w),N,N,N 2目少量,N,N,N,N,N 少量,,
QCI-787,3811/4/9,potassium chlorate,0.0026,% (w/w),N,N,N,N,N,N,N,N 少量,,
IST-110-1,1975/9/2,METHYLENE DICHLORIDE,95-100,% (w/w),Y 4類，限值25%,N,N 2目少量,N,N,N,N,N 少量,毒化物,毒化物+包裝
IST-110-1,1719-06-8,anthracene-d10,0.0754,% (w/w),N 1類，限值10%,N,N 2目少量,N,N,N,N,N 少量,,
IST-400-1,110-54-3,n-hexane,99.2413,% (w/w),N,N,N 2目少量,N,N,N,N,N 年用量無超過,,
IST-400-1,120-51-4,Benzyl benzoate,0.7587,% (w/w),N,N,N,N,N,N,N,N 少量,,
PSM-517-1,540-84-1,"2,2,4-trimethylpentane (isooctane)",98.844,% (w/w),N,N,N,N,N,N,N,N 少量,,
PSM-517-1,85-68-7,butyl benzyl phthalate,0.1445,% (w/w),"N 1,2類，限值10%",N,N,N,N,N,N,N 少量,,
PSM-517-1,84-66-2,diethyl phthalate,0.1445,% (w/w),N 1類，限值10%,N,N,N,N,N,N,N 少量,,
PSM-517-1,131-11-3,dimethyl phthalate,0.1445,% (w/w),N 1類，限值10%,N,N,N,N,N,N,N 少量,,
PSM-517-1,84-74-2,di-n-butyl phthalate,0.1445,% (w/w),"N 1,2類，限值10%",N,N,N,N,N,N,N 少量,,
PSM-517-1,117-84-0,di-n-octyl phthalate,0.1445,% (w/w),N 1類，限值10%,N,N,N,N,N,N,N 少量,,
PSM-517-1,103-23-1,bis(2-ethylhexyl) adipate,0.1445,% (w/w),N,N,N 2目少量,N,N,N,N,N 年用量無超過,,
PSM-517-1,84-69-5,diisobutyl phthalate,0.1445,% (w/w),"N 1,2類，限值10%",N,N,N,N,N,N,N 少量,,
PSM-517-1,117-81-7,bis(2-ethylhexyl) phthalate,0.1445,% (w/w),"N 1,2類，限值10%",N,N,N,N,N,N,N 少量,,
IQC-019,7732-18-5,water,93.9235,% (w/w),N,N,N,N,N,N,N,N 少量,,
IQC-019,7697-37-2,NITRIC ACID,4.95,% (w/w),N,N,N 2目少量,N,N,N,N,N 少量,,
IQC-019,87-69-4,TARTARIC ACID L(+),0.2,% (w/w),N,N,N,N,N,N,N,N 少量,,
IQC-019,543-81-7,beryllium acetate,0.141,% (w/w),N,N,N,N,N,Y,N,N,新化學物質,
IQC-019,13446-18-9,magnesium nitrate hexahydrate,0.1055,% (w/w),N,N,N,N,N,N,N,N 少量,,
IQC-019,7789/2/8,chromium (III) nitrate nonahydrate,0.1029,% (w/w),N,N,N,N,N,N,N,N 少量,,
IQC-019,7664-39-3,hydrofluoric acid,0.1,% (w/w),N,N 限值0.1-10%,N 2目少量,N,N,N,N,N 少量,,關注+包裝
IQC-019,7782-61-8,iron (III) nitrate nonahydrate,0.0724,% (w/w),N,N,N 2目少量,N,N,N,N,N 少量,,
IQC-019,13478-00-7,nickel (II) nitrate hexahydrate,0.0496,% (w/w),N,N,N 1目，限值1%,N,N,N,N,N 少量,,
IQC-019,10026-22-9,cobalt nitrate hexahydrate,0.0494,% (w/w),N,N,N 1目，限值1%,N,N,N,N,N 少量,,
IQC-019,10196-18-6,zinc nitrate hexahydrate,0.0455,% (w/w),N,N,N,N,N,N,N,N 少量,,
IQC-019,16962-40-6,ammonium hexafluorotitanate,0.0414,% (w/w),N,N,N,N,N,N,N,N 少量,,
IQC-019,10377-66-9,manganese (II) nitrate,0.0326,% (w/w),N,N,N,N,N,N,N,N 少量,,
IQC-019,3251-23-8,copper (II) nitrate,0.0295,% (w/w),N,N,N 2目少量,N,N,N,N,N 少量,,
IQC-019,10022-68-1,cadmium nitrate tetrahydrate,0.0274,% (w/w),N,N,N,N,N,N,N,N 少量,,
IQC-019,471-34-1,calcium carbonate,0.025,% (w/w),N,N,N,N,N,N,N,N 少量,,
IQC-019,7803-55-6,ammonium metavanadate,0.023,% (w/w),N,N,N 2目少量,N,N,N,N,N 少量,,
IQC-019,10099-74-8,lead (II) nitrate,0.016,% (w/w),N,N,N 附錄一限值>1%,N,N,N,N,N 少量,,
IQC-019,1313-27-5,molybdenum (VI) oxide,0.015,% (w/w),N,N,N,N,N,N,N,N 少量,,
IQC-019,7446/8/4,selenium (IV) oxide,0.0141,% (w/w),N,N,N,N,N,N,N,N 少量,,
IQC-019,1327-53-3,arsenic (III) oxide,0.0132,% (w/w),"N 1,2,3類，限值1%",N,N 1目，限值1%,N,N,N,N,N 少量,,
IQC-019,10102-45-1,thallium (I) nitrate,0.013,% (w/w),N,N,N,N,N,N,N,N 少量,,
IQC-019,7440-36-0,"antimony, soluble compounds as Sb",0.01,% (w/w),N,N,N,N,N,N,N,N 少量,,
PST-111K1000,67-64-1,acetone,99.8736,% (w/w),N,N,N 2目少量,N,N 乙類，限值100%,N,N,N 少量,,
PST-111K1000,5103-71-9,cis-chlordane,0.1264,% (w/w),"N 1,3類，限值1%",N,N,N,N,N,N,N 少量,,
PST-112K1000,67-64-1,acetone,99.8736,% (w/w),N,N,N 2目少量,N,N 乙類，限值100%,N,N,N 少量,,
PST-112K1000,5103-74-2,trans-chlordane,0.1264,% (w/w),"N 1,3類，限值1%",N,N,N,N,N,N,N 少量,,
ICP-411,7732-18-5,water,99.4963,% (w/w),N,N,N,N,N,N,N,N 少量,,
ICP-411,7697-37-2,NITRIC ACID,0.5,% (w/w),N,N,N 2目少量,N,N,N,N,N 少量,,
ICP-411,7631-99-4,sodium nitrate,0.0037,% (w/w),N,N,N 2目少量,N,N,N,N,N 少量,,
ALD-554A-1,1975/5/8,acetonitrile,95-100,% (w/w),Y 4類，限值1%,N,N,N,N,N,N,N 少量,毒化物,毒化物+包裝
ALD-554A-1,75-07-0,acetaldehyde,0.1272,% (w/w),N 4類，限值1%,N,N,N,N,N,N,N 少量,,
ALD-554A-1,123-73-9,crotonaldehyde,0.1272,% (w/w),N,N,N 2目少量,N,N,N,N,N 少量,,
ALD-554A-1,123-72-8,Butanal,0.1272,% (w/w),N 4類，限值1%,N,N,N,N,N,N,N 少量,,
ALD-554A-1,112-31-2,decanal,0.1272,% (w/w),N,N,N,N,N,N,N,N 少量,,
ALD-554A-1,111-71-7,Aldehyde C7,0.1272,% (w/w),N,N,N,N,N,N,N,N 少量,,
ALD-554A-1,66-25-1,hexanal,0.1272,% (w/w),N,N,N,N,N,N,N,N 少量,,
ALD-554A-1,124-19-6,nonanal,0.1272,% (w/w),N,N,N,N,N,N,N,N 少量,,
ALD-554A-1,124-13-0,octanal,0.1272,% (w/w),N,N,N,N,N,N,N,N 少量,,
ALD-554A-1,110-62-3,Pentanal,0.1272,% (w/w),N,N,N,N,N,N,N,N 少量,,
ALD-554A-1,123-38-6,propionaldehyde (propanal),0.1272,% (w/w),N,N,N,N,N,N,N,N 少量,,
ALD-554A-1,50-00-0,Formaldehyde,0.1272,% (w/w),"N 2,3類，限值15%",N,N 1目，限值1%,N,N,N,N,N 少量,,
ALD-554A-1,108-94-1,cyclohexanone,0.1272,% (w/w),N,N,N 2目少量,N,N,N,N,N 少量,,
5190-8370,7440-45-1,Cerium,0.98,%,N,N,N,N,N,N,N,N 少量,,
5190-8370,7697-37-2,Nitric acid,3.35,%,N,N,N 2目少量,N,N,N,N,N 少量,,
5190-8370,7732-18-5,Water,95.67,%,N,N,N,N,N,N,N,N 少量,,
PL2013-2001,9003-53-6,"Styrene, oligomers (Beads, expandable)",100,%,N,N,N,N,N,N,N,N 少量,,
PL2013-9001,9003-53-6,"Styrene, oligomers (Beads, expandable)",100,%,N,N,N,N,N,N,N,N 少量,,
5188-5372,540-84-1,"2,2,4-trimethylpentane",99.9925,%,N,N,N,N,N,N,N,N 少量,,
5188-5372,544-76-3,Hexadecane,"34,0000 PPM",,N,N,N,N,N,N,N,N 少量,,
5188-5372,629-50-5,Tridecane,"3,4200 PPM",,N,N,N,N,N,N,N,N 少量,,
5188-5372,629-59-4,Tetradecane,"3,4200 PPM",,N,N,N,N,N,N,N,N 少量,,
5188-5372,629-62-9,Pentadecane,"34,2000 PPM",,N,N,N,N,N,N,N,N 少量,,
5799-0037,31512-74-0,Poly[oxyethylene(dmethyliminio)ethylene(dimethyliminio)ethylene dichloride],0.009,%,N,N,N,N,N,N,N,N 少量,,
5799-0037,95-14-7,1H-Benzotriazole,0.119,%,N,N,N,N,N,N,N,N 少量,,
5799-0037,1310-58-3,Potassium hydroxide,0.004,%,N,N,N 2目少量,N,N,N,N,N 少量,,
5799-0037,7732-18-5,Water,99.868,%,N,N,N,N,N,N,N,N 少量,,
BTX-2000N,67-56-1,methanol,98.4832,% (w/w),N,N,N 2目少量,N,N,N,N,N 少量,,
BTX-2000N,108-38-3,"1,3-Dimethylbenzene",0.2528,% (w/w),N,N,N 2目少量,N,N,N,N,N 少量,,
BTX-2000N,106-42-3,"1,4- Dimethylbenzene",0.2528,% (w/w),N,N,N 2目少量,N,N,N,N,N 少量,,
BTX-2000N,71-43-2,benzene,0.2528,% (w/w),"N 1,2類，限值70%",N,N 1目，限值1%,N,N,N,N,N 少量,,
BTX-2000N,108-88-3,toluene,0.2528,% (w/w),N,N,N 2目少量,N,N 乙類，限值100%,N,N,N 年用量無超過,,
BTX-2000N,100-41-4,ethylbenzene,0.2528,% (w/w),N 4類，限值70%,N,N,N,N,N,N,N 少量,,
BTX-2000N,95-47-6,"1,2-Dimethylbenzene",0.2528,% (w/w),N,N,N 2目少量,N,N,N,N,N 少量,,
5190-8272,471-34-1,Calcium carbonate,0.1,%,N,N,N,N,N,N,N,N 少量,,
5190-8272,7697-37-2,Nitric acid,4,%,N,N,N 2目少量,N,N,N,N,N 少量,,
5190-8272,7732-18-5,Water,95.9,%,N,N,N,N,N,N,N,N 少量,,
PL2080-0203,25322-68-3,Polyethylene glycol,100,%,N,N,N,N,N,N,N,N 少量,,
5190-6890,132259-10-0,Air,98,%,N,N,N,N,N,N,N,N 少量,,
5190-6890,1333-74-0,Hydrogen,2,%,N,N,N 2目少量,N,N,N,N,N 少量,,
5064-8220        ,7732-18-5,water (Drinking water)                                                                                                              ,99.5,%  ,N,N,N,N,N,N,N,N 少量,,
5064-8220        ,55965-84-9,5-Chloro-2-methyl-3(2H)isothiazolone mixt. with 2-Methyl-3(2H)isothiazolone                                                         ,0.0125,%  ,N,N,N 2目少量,N,N,N,N,N 少量,,
5064-8220        ,56-81-5,glycerol                                                                                                                            ,0.5,%  ,N,N,N,N,N,N,N,N 少量,,
5064-8220        ,55965-84-9,5-Chloro-2-methyl-3(2H)isothiazolone mixt. with 2-Methyl-3(2H)isothiazolone                                                         ,0.0124,%  ,N,N,N 2目少量,N,N,N,N,N 少量,,
5064-8220        ,56-81-5,glycerol                                                                                                                            ,0.99,%  ,N,N,N,N,N,N,N,N 少量,,
5064-8220        ,7732-18-5,water (Drinking water)                                                                                                              ,99,%  ,N,N,N,N,N,N,N,N 少量,,
5064-8220        ,7732-18-5,water (Drinking water)                                                                                                              ,98.5,%  ,N,N,N,N,N,N,N,N 少量,,
5064-8220        ,55965-84-9,5-Chloro-2-methyl-3(2H)isothiazolone mixt. with 2-Methyl-3(2H)isothiazolone                                                         ,0.0123,%  ,N,N,N 2目少量,N,N,N,N,N 少量,,
5064-8220        ,56-81-5,glycerol                                                                                                                            ,1.48,%  ,N,N,N,N,N,N,N,N 少量,,
5064-8220        ,55965-84-9,5-Chloro-2-methyl-3(2H)isothiazolone mixt. with 2-Methyl-3(2H)isothiazolone                                                         ,0.0122,%  ,N,N,N 2目少量,N,N,N,N,N 少量,,
5064-8220        ,56-81-5,glycerol                                                                                                                            ,2.44,%  ,N,N,N,N,N,N,N,N 少量,,
5064-8220        ,7732-18-5,water (Drinking water)                                                                                                              ,97.54,%  ,N,N,N,N,N,N,N,N 少量,,
5064-8220        ,56-81-5,glycerol                                                                                                                            ,4.77,%  ,N,N,N,N,N,N,N,N 少量,,
5064-8220        ,7732-18-5,water (Drinking water)                                                                                                              ,95.22,%  ,N,N,N,N,N,N,N,N 少量,,
5064-8220        ,55965-84-9,5-Chloro-2-methyl-3(2H)isothiazolone mixt. with 2-Methyl-3(2H)isothiazolone                                                         ,0.0119,%  ,N,N,N 2目少量,N,N,N,N,N 少量,,
ICP-032,7732-18-5,water,99.4268,% (w/w),N,N,N,N,N,N,N,N 少量,,
ICP-032,7664-39-3,hydrofluoric acid,0.4512,% (w/w),N,N 限值0.1-10%,N 2目少量,N,N,N,N,N 少量,,關注+包裝
ICP-032,1310-53-8,germanium (IV) oxide,0.122,% (w/w),N,N,N,N,N,N,N,N 少量,,
5190-8260,7440-38-2,Arsenic,0.1,%,N,N,N 附錄一限值>1%,N,N,N,N,N 少量,,
5190-8260,7697-37-2,Nitric acid,4,%,N,N,N 2目少量,N,N,N,N,N 少量,,
5190-8260,7732-18-5,Water,95.9,%,N,N,N,N,N,N,N,N 少量,,
5190-8209,7783-20-2,Ammonium sulphate,1,%,N,N,N,N,N,N,N,N 少量,,
5190-8209,7732-18-5,Water,99,%,N,N,N,N,N,N,N,N 少量,,
5190-8210,7783-20-2,Ammonium sulphate,1,%,N,N,N,N,N,N,N,N 少量,,
5190-8210,7732-18-5,Water,99,%,N,N,N,N,N,N,N,N 少量,,
5190-0465,7439-93-2,Lithium,100000,PPM,N,N,N 2目少量,N,N,N,N,N 少量,,
5190-0465,7439-95-4,Magnesium,100000,PPM,N,N,N 2目少量,N,N,N,N,N 少量,,
5190-0465,7440-28-0,Thallium,100000,PPM,N,N,N,N,N,N,N,N 少量,,
5190-0465,7440-45-1,Cerium,100000,PPM,N,N,N,N,N,N,N,N 少量,,
5190-0465,7440-48-4,Cobalt,100000,PPM,N,N,N 2目少量,N,N,N,N,N 少量,,
5190-0465,7440-65-5,Yttrium,100000,PPM,N,N,N,N,N,N,N,N 少量,,
5190-0465,7697-37-2,Nitric acid,2,%,N,N,N 2目少量,N,N,N,N,N 少量,,
5190-0465,7732-18-5,Water,97.994,%,N,N,N,N,N,N,N,N 少量,,
5191-3933,7697-37-2,Nitric acid,4.5,%,N,N,N 2目少量,N,N,N,N,N 少量,,
5191-3933,7732-18-5,Water,95.3713,%,N,N,N,N,N,N,N,N 少量,,
5191-3933,7440-22-4,Silver,0.0099,%,N,N,N,N,N,N,N,N 少量,,
5191-3933,7440-38-2,Arsenic,0.0099,%,N,N,N 附錄一限值>1%,N,N,N,N,N 少量,,
5191-3933,7440-47-3,Chromium,0.0099,%,N,N,N 2目少量,N,N,N,N,N 少量,,
5191-3933,12061-16-4,Erbium(III) oxide,0.0099,%,N,N,N,N,N,N,N,N 少量,,
5191-3933,100641-16-5,Lutetium(III) nitrate hydrate,0.0099,%,N,N,N,N,N,N,N,N 少量,,
5191-3933,7439-96-5,Manganese,0.0099,%,N,N,N,N,N,N,N,N 少量,,
5191-3933,7664-38-2,Orthophosphoric acid,0.0099,%,N,N,N 2目少量,N,N,N,N,N 少量,,
5191-3933,7439-92-1,Lead,0.0099,%,N,N,N 附錄一限值>1%,N,N,N,N,N 少量,,
5191-3933,584-09-8,Rubidium carbonate,0.0099,%,N,N,N,N,N,N,N,N 少量,,
5191-3933,256652-08-1,Scandium oxide,0.0099,%,N,N,N,N,N,Y,N,N,新化學物質,
5191-3933,12036-44-1,Thulium(III) oxide,0.0099,%,N,N,N,N,N,N,N,N 少量,,
5191-3933,1314-36-9,Yttrium oxide,0.0099,%,N,N,N,N,N,N,N,N 少量,,
5191-3933,1314-37-0,Ytterbium(III) oxide,0.0099,%,N,N,N,N,N,N,N,N 少量,,
IAA-230,7732-18-5,water,98.145,% (w/w),N,N,N,N,N,N,N,N 少量,,
IAA-230,7697-37-2,NITRIC ACID,1.4,% (w/w),N,N,N 2目少量,N,N,N,N,N 少量,,
IAA-230,10196-18-6,zinc nitrate hexahydrate,0.455,% (w/w),N,N,N,N,N,N,N,N 少量,,
200-0070,110-42-9,Methyl decanoate,"370,6000 PPM",,N,N,N,N,N,N,N,N 少量,,
200-0070,110-54-3,n-Hexane,99.629,%,N,N,N 2目少量,N,N,N,N,N 年用量無超過,,
200-0070,111-13-7,Octan-2-one,"370,6000 PPM",,N,N,N,N,N,N,N,N 少量,,
200-0070,111-82-0,Methyl laurate,"370,6000 PPM",,N,N,N,N,N,N,N,N 少量,,
200-0070,111-87-5,Octan-1-ol,"370,6000 PPM",,N,N,N,N,N,N,N,N 少量,,
200-0070,112-30-1,Decan-1-ol,"370,6000 PPM",,N,N,N,N,N,N,N,N 少量,,
200-0070,5760-50-9,Methyl undec-9-enoate,"370,6000 PPM",,N,N,N,N,N,N,N,N 少量,,
200-0070,576-26-1,"2,6-Xylenol","370,6000 PPM",,N,N,N 2目少量,N,N,N,N,N 少量,,
200-0070,629-59-4,Tetradecane,"370,6000 PPM",,N,N,N,N,N,N,N,N 少量,,
200-0070,87-62-7,"2,6-Xylidine","370,6000 PPM",,N,N,N,N,N,N,N,N 少量,,
200-0070,91-20-3,Naphthalene,"370,6000 PPM",,N,N,N 2目少量,N,N,N,N,N 年用量無超過,,
01080-68704,131-11-3,Dimethyl phthalate,0.15,%,N 1類，限值10%,N,N,N,N,N,N,N 少量,,
01080-68704,67-56-1,Methanol,99.66,%,N,N,N 2目少量,N,N,N,N,N 少量,,
01080-68704,84-15-1,o-Terphenyl,0.03,%,N,N,N,N,N,N,N,N 少量,,
01080-68704,84-66-2,Diethyl phthalate,0.15,%,N 1類，限值10%,N,N,N,N,N,N,N 少量,,
01080-68704,92-52-4,Biphenyl,0.01,%,"N (多氯聯苯1-10氯管制:聯苯) 1,2類，限值0.1%",N,N,N,N,N,N,N 少量,,
ICP-078,7732-18-5,water,99.024,% (w/w),N,N,N,N,N,N,N,N 少量,,
ICP-078,7647-01-0,hydrochloric acid,0.876,% (w/w),N,N,N 2目少量,N,N 乙類，限值100%,N,N,N 少量,,
ICP-078,7440/6/4,"platinum, soluble compounds as Pt",0.1,% (w/w),N,N,N,N,N,N,N,N 少量,,
SP-140-1,67-56-1,methanol,99.9874,% (w/w),N,N,N 2目少量,N,N,N,N,N 少量,,
SP-140-1,56-38-2,parathion (ethyl),0.0126,% (w/w),N,N,N,N,N,N,N,N 少量,,
CUS-00005801,121-75-5,malathion,0.002528445,%,N,N,N,N,N,N,N,N 少量,,
CUS-00005801,122-14-5,fenitrothion,0.002528445,%,N,N,N 2目少量,N,N,N,N,N 少量,,
CUS-00005801,1634-78-2,malaoxon,0.006321113,%,N,N,N,N,N,N,N,N 少量,,
CUS-00005801,18181-80-1,bromopropylate,0.002528445,%,N,N,N,N,N,N,N,N 少量,,
CUS-00005801,29232-93-7,pirimiphos-methyl,0.002528445,%,N,N,N,N,N,N,N,N 少量,,
CUS-00005801,298-00-0,methyl parathion,0.008091024,%,N,N,N,N,N,N,N,N 少量,,
CUS-00005801,311-45-5,paraoxon,0.008091024,%,N,N,N,N,N,N,N,N 少量,,
CUS-00005801,333-41-5,diazinon,0.002528445,%,N,N,N,N,N,N,N,N 少量,,
CUS-00005801,470-90-6,chlorfenvinphos,0.002528445,%,N,N,N,N,N,N,N,N 少量,,
CUS-00005801,51630-58-1,fenvalerate,0.002528445,%,N,N,N 2目少量,N,N,N,N,N 少量,,
CUS-00005801,52315-07-8,cypermethrin,0.006321113,%,N,N,N 2目少量,N,N,N,N,N 少量,,
CUS-00005801,56-38-2,parathion (ethyl),0.008091024,%,N,N,N,N,N,N,N,N 少量,,
CUS-00005801,67018-59-1,pirimiphos-methyl-n-desethyl,0.004045512,%,N,N,N,N,N,Y,N,N,新化學物質,
CUS-00005801,67-64-1,acetone,99.89026549,%,N,N,N 2目少量,N,N 乙類，限值100%,N,N,N 少量,,
CUS-00005801,786-19-6,carbophenothion (trithion),0.001264223,%,N,N,N,N,N,N,N,N 少量,,
CUS-00005801,8003-34-7,"pyrethrins (tech grade, uncorrected)",0.03034134,%,N,N,N,N,N,N,N,N 少量,,
CUS-00005801,950-35-6,methyl paraoxon,0.008091024,%,N,N,N,N,N,N,N,N 少量,,
CUS-00005801,1031-07-8,endosulfan sulfate,0.001264223,%,"N 1,3類，限值1%",N,N,N,N,N,N,N 少量,,
CUS-00005801,33213-65-9,endosulfan II,0.00505689,%,"N 1,3類，限值1%",N,N,N,N,N,N,N 少量,,
CUS-00005801,959-98-8,endosulfan I,0.00505689,%,"N 1,3類，限值1%",N,N,N,N,N,N,N 少量,,
CUS-00005802,115-32-2,dicofol (kelthane),0.002528445,%,N,N,N,N,N,N,N,N 少量,,
CUS-00005802,1825-19-0,methyl-pentachlorophenylsulfide,0.001264223,%,N,N,N,N,N,N,N,N 少量,,
CUS-00005802,27304-13-8,oxychlordane,0.000758534,%,N,N,N,N,N,N,N,N 少量,,
CUS-00005802,2921-88-2,chlorpyriphos,0.001264223,%,N,N,N 2目少量,N,N,N,N,N 少量,,
CUS-00005802,298-02-2,phorate,0.001264223,%,N,N,N 2目少量,N,N,N,N,N 少量,,
CUS-00005802,3424-82-6,"2,4'-DDE",0.001264223,%,N,N,N,N,N,N,N,N 少量,,
CUS-00005802,52645-53-1,"permethrins (mixed isomers,total)",0.001264223,%,N,N,N,N,N,N,N,N 少量,,
CUS-00005802,527-20-8,pentachloroaniline,0.002528445,%,N,N,N,N,N,N,N,N 少量,,
CUS-00005802,53-19-0,"2,4'-DDD",0.001264223,%,N,N,N,N,N,N,N,N 少量,,
CUS-00005802,563-12-2,ethion,0.001264223,%,N,N,N 2目少量,N,N,N,N,N 少量,,
CUS-00005802,67-64-1,acetone,99.96611884,%,N,N,N 2目少量,N,N 乙類，限值100%,N,N,N 少量,,
CUS-00005802,72-54-8,"4,4'-DDD",0.001264223,%,N,N,N,N,N,N,N,N 少量,,
CUS-00005802,72-55-9,"4,4'-DDE",0.001264223,%,N,N,N,N,N,N,N,N 少量,,
CUS-00005802,789-02-6,"2,4'-DDT",0.001264223,%,N,N,N,N,N,N,N,N 少量,,
CUS-00005802,319-84-6,alpha-BHC (alpha-HCH),0.002528445,%,"N 1,3類，限值1%",N,N,N,N,N,N,N 少量,,
CUS-00005802,319-85-7,beta-BHC (beta-HCH),0.002528445,%,"N 1,3類，限值1%",N,N,N,N,N,N,N 少量,,
CUS-00005802,319-86-8,delta-BHC (delta-HCH),0.002528445,%,"N 1,3類，限值1%",N,N,N,N,N,N,N 少量,,
CUS-00005802,50-29-3,"4,4'-DDT",0.001264223,%,"N 1,3類，限值1%",N,N,N,N,N,N,N 少量,,
CUS-00005802,5103-71-9,cis-chlordane,0.000758534,%,"N 1,3類，限值1%",N,N,N,N,N,N,N 少量,,
CUS-00005802,5103-74-2,trans-chlordane,0.000758534,%,"N 1,3類，限值1%",N,N,N,N,N,N,N 少量,,
CUS-00005802,58-89-9,gamma-BHC (lindane),0.002528445,%,"N 1,3類，限值1%",N,N,N,N,N,N,N 少量,,
CUS-00005802,82-68-8,pentachloronitrobenzene,0.001264223,%,"N 1,3類，限值1%",N,N,N,N,N,N,N 少量,,
CUS-00005802,118-74-1,hexachlorobenzene,0.001264223,%,N 1類，限值1%,N,N,N,N,N,N,N 少量,,
CUS-00005803,1024-57-3,heptachlor epoxide - isomer B,0.000758534,%,N,N,N,N,N,N,N,N 少量,,
CUS-00005803,102851-06-9,tau-fluvalinate,0.002528445,%,N,N,N,N,N,N,N,N 少量,,
CUS-00005803,116-29-0,tetradifon,0.002528445,%,N,N,N,N,N,N,N,N 少量,,
CUS-00005803,15972-60-8,alachlor,0.001264223,%,N,N,N 2目少量,N,N,N,N,N 少量,,
CUS-00005803,2104-96-3,bromophos-methyl,0.001264223,%,N,N,N,N,N,N,N,N 少量,,
CUS-00005803,23505-41-1,pirimiphos-ethyl,0.001264223,%,N,N,N,N,N,N,N,N 少量,,
CUS-00005803,28044-83-9,heptachlor epoxide - isomer A,0.000758534,%,N,N,N,N,N,N,N,N 少量,,
CUS-00005803,32809-16-8,procymidone,0.002528445,%,N,N,N,N,N,N,N,N 少量,,
CUS-00005803,34643-46-4,tokuthion (prothiophos),0.001264223,%,N,N,N,N,N,N,N,N 少量,,
CUS-00005803,38260-54-7,etrimfos,0.001264223,%,N,N,N,N,N,N,N,N 少量,,
CUS-00005803,39515-41-8,fenpropathrin,0.001264223,%,N,N,N,N,N,N,N,N 少量,,
CUS-00005803,3983-45-7,fenchlorphos-oxon,0.002528445,%,N,N,N,N,N,Y,N,N,新化學物質,
CUS-00005803,40487-42-1,pendimethalin,0.001264223,%,N,N,N,N,N,N,N,N 少量,,
CUS-00005803,41198-08-7,profenophos,0.002528445,%,N,N,N,N,N,N,N,N 少量,,
CUS-00005803,50471-44-8,vinclozolin,0.002528445,%,N,N,N 1目，限值1%,N,N,N,N,N 少量,,
CUS-00005803,67-64-1,acetone,99.9585335,%,N,N,N 2目少量,N,N 乙類，限值100%,N,N,N 少量,,
CUS-00005803,68359-37-5,cyfluthrin (baythroid),0.002528445,%,N,N,N,N,N,N,N,N 少量,,
CUS-00005803,86-50-0,guthion (azinphos-methyl),0.002528445,%,N,N,N,N,N,N,N,N 少量,,
CUS-00005803,950-37-8,methidathion,0.00505689,%,N,N,N 2目少量,N,N,N,N,N 少量,,
CUS-00005803,309-00-2,aldrin,0.001264223,%,"N 1,3類，限值1%",N,N,N,N,N,N,N 少量,,
CUS-00005803,60-57-1,dieldrin,0.001264223,%,"N 1,3類，限值1%",N,N,N,N,N,N,N 少量,,
CUS-00005803,72-20-8,endrin,0.001264223,%,"N 1,3類，限值1%",N,N,N,N,N,N,N 少量,,
CUS-00005803,76-44-8,heptachlor,0.000758534,%,"N 1,3類，限值1%",N,N,N,N,N,N,N 少量,,
CUS-00005803,299-84-3,fenchlorphos (ronnel),0.001264223,%,N 1類，限值1%,N,N,N,N,N,N,N 少量,,
CUS-00005804,1951/3/6,piperonyl butoxide,0.001264223,%,N,N,N,N,N,N,N,N 少量,,
CUS-00005804,107534-96-3,tebuconazole,0.001264223,%,N,N,N,N,N,N,N,N 少量,,
CUS-00005804,117-18-0,"tecnazene (2,3,5,6-tetrachloronitrobenzene)",0.001264223,%,N,N,N,N,N,N,N,N 少量,,
CUS-00005804,127-90-2,"bis(2,3,3,3-tetrachloropropyl) ether",0.000632111,%,N,N,N,N,N,Y,N,N,新化學物質,
CUS-00005804,13593-03-8,quinalphos,0.001264223,%,N,N,N,N,N,N,N,N 少量,,
CUS-00005804,1825-21-4,pentachloroanisole,0.000632111,%,N,N,N,N,N,N,N,N 少量,,
CUS-00005804,1861-32-1,DCPA (dacthal),0.000632111,%,N,N,N,N,N,N,N,N 少量,,
CUS-00005804,2310-17-0,phosalone,0.002528445,%,N,N,N,N,N,N,N,N 少量,,
CUS-00005804,2642-71-9,azinphos-ethyl,0.001264223,%,N,N,N,N,N,N,N,N 少量,,
CUS-00005804,43121-43-3,triadimefon,0.001264223,%,N,N,N,N,N,N,N,N 少量,,
CUS-00005804,4824-78-6,bromophos-ethyl,0.001264223,%,N,N,N,N,N,N,N,N 少量,,
CUS-00005804,52918-63-5,deltamethrin,0.002528445,%,N,N,N,N,N,N,N,N 少量,,
CUS-00005804,5598-13-0,chlorpyriphos-methyl,0.001264223,%,N,N,N,N,N,N,N,N 少量,,
CUS-00005804,62610-77-9,methacrifos,0.001264223,%,N,N,N,N,N,N,N,N 少量,,
CUS-00005804,62-73-7,dichlorvos,0.001264223,%,N,N,N,N,N,N,N,N 少量,,
CUS-00005804,70124-77-5,flucythrinate,0.001264223,%,N,N,N,N,N,N,N,N 少量,,
CUS-00005804,72-43-5,methoxychlor,0.001264223,%,N,N,N,N,N,N,N,N 少量,,
CUS-00005804,732-11-6,phosmet,0.001264223,%,N,N,N,N,N,N,N,N 少量,,
CUS-00005804,74115-24-5,clofentezine,0.001264223,%,N,N,N,N,N,N,N,N 少量,,
CUS-00005804,944-22-9,fonofos,0.001264223,%,N,N,N,N,N,N,N,N 少量,,
CUS-00005804,2385-85-5,mirex,0.000632111,%,"N 1,3類，限值1%",N,N,N,N,N,N,N 少量,,
CUS-00005804,1975/5/8,acetonitrile,95-100,%,Y 4類，限值1%,N,N,N,N,N,N,N 少量,毒化物,毒化物+包裝
CUS-00005805,1085-98-9,dichlofluanid,0.001517451,%,N,N,N,N,N,N,N,N 少量,,
CUS-00005805,73513-42-5,hexanes,99.9969651,%,N,N,N,N,N,N,N,N 少量,,
CUS-00005805,91465-08-6,lambda-cyhalothrin,0.001517451,%,N,N,N 2目少量,N,N,N,N,N 少量,,
IMS-105,7732-18-5,water,95.0483,% (w/w),N,N,N,N,N,N,N,N 少量,,
IMS-105,7697-37-2,NITRIC ACID,4.95,% (w/w),N,N,N 2目少量,N,N,N,N,N 少量,,
IMS-105,7783-34-8,mercuric nitrate monohydrate,0.0017,% (w/w),N,N,N 1目，限值1%,N,N,N,N,N 少量,,
ICM-102,7732-18-5,water,96.1051,% (w/w),N,N,N,N,N,N,N,N 少量,,
ICM-102,7697-37-2,NITRIC ACID,3.5,% (w/w),N,N,N 2目少量,N,N,N,N,N 少量,,
ICM-102,7784-27-2,aluminum nitrate nonahydrate,0.1391,% (w/w),N,N,N,N,N,N,N,N 少量,,
ICM-102,10102-45-1,thallium (I) nitrate,0.0521,% (w/w),N,N,N,N,N,N,N,N 少量,,
ICM-102,10099-74-8,lead (II) nitrate,0.032,% (w/w),N,N,N 附錄一限值>1%,N,N,N,N,N 少量,,
ICM-102,7789/2/8,chromium (III) nitrate nonahydrate,0.0257,% (w/w),N,N,N,N,N,N,N,N 少量,,
ICM-102,13478-00-7,nickel (II) nitrate hexahydrate,0.0248,% (w/w),N,N,N 1目，限值1%,N,N,N,N,N 少量,,
ICM-102,1312-43-2,indium (III) oxide,0.0242,% (w/w),N,N,N,N,N,N,N,N 少量,,
ICM-102,7440-69-9,PURE BISMUTH,0.02,% (w/w),N,N,N,N,N,N,N,N 少量,,
ICM-102,7440-55-3,gallium,0.015,% (w/w),N,N,N 2目少量,N,N,N,N,N 少量,,
ICM-102,7782-61-8,iron (III) nitrate nonahydrate,0.0109,% (w/w),N,N,N 2目少量,N,N,N,N,N 少量,,
ICM-102,10026-22-9,cobalt nitrate hexahydrate,0.0099,% (w/w),N,N,N 1目，限值1%,N,N,N,N,N 少量,,
ICM-102,10196-18-6,zinc nitrate hexahydrate,0.0091,% (w/w),N,N,N,N,N,N,N,N 少量,,
ICM-102,10043-35-3,ORTHOBORIC ACID,0.0086,% (w/w),N,N,N 1目，限值1%,N,N,N,N,N 少量,,
ICM-102,7761-88-8,silver nitrate,0.0079,% (w/w),N,N,N 2目少量,N,N,N,N,N 少量,,
ICM-102,3251-23-8,copper (II) nitrate,0.0059,% (w/w),N,N,N 2目少量,N,N,N,N,N 少量,,
ICM-102,10022-68-1,cadmium nitrate tetrahydrate,0.0055,% (w/w),N,N,N,N,N,N,N,N 少量,,
ICM-102,10377-66-9,manganese (II) nitrate,0.0016,% (w/w),N,N,N,N,N,N,N,N 少量,,
ICM-102,543-81-7,beryllium acetate,0.0014,% (w/w),N,N,N,N,N,Y,N,N,新化學物質,
ICM-102,10022-31-8,barium nitrate,0.001,% (w/w),N,N,N,N,N,N,N,N 少量,,
ICM-102,10042-76-9,strontium nitrate,0.0002,% (w/w),N,N,N 2目少量,N,N,N,N,N 少量,,
ICM-104,7732-18-5,water,95.0838,% (w/w),N,N,N,N,N,N,N,N 少量,,
ICM-104,7697-37-2,NITRIC ACID,3.5,% (w/w),N,N,N 2目少量,N,N,N,N,N 少量,,
ICM-104,7784-27-2,aluminum nitrate nonahydrate,0.6954,% (w/w),N,N,N,N,N,N,N,N 少量,,
ICM-104,543-81-7,beryllium acetate,0.141,% (w/w),N,N,N,N,N,Y,N,N,新化學物質,
ICM-104,7789/2/8,chromium (III) nitrate nonahydrate,0.1029,% (w/w),N,N,N,N,N,N,N,N 少量,,
ICM-104,7664-39-3,hydrofluoric acid,0.1,% (w/w),N,N 限值0.1-10%,N 2目少量,N,N,N,N,N 少量,,關注+包裝
ICM-104,7782-61-8,iron (III) nitrate nonahydrate,0.0724,% (w/w),N,N,N 2目少量,N,N,N,N,N 少量,,
ICM-104,7803-55-6,ammonium metavanadate,0.0574,% (w/w),N,N,N 2目少量,N,N,N,N,N 少量,,
ICM-104,13478-00-7,nickel (II) nitrate hexahydrate,0.0496,% (w/w),N,N,N 1目，限值1%,N,N,N,N,N 少量,,
ICM-104,10026-22-9,cobalt nitrate hexahydrate,0.0494,% (w/w),N,N,N 1目，限值1%,N,N,N,N,N 少量,,
ICM-104,10196-18-6,zinc nitrate hexahydrate,0.0455,% (w/w),N,N,N,N,N,N,N,N 少量,,
ICM-104,10377-66-9,manganese (II) nitrate,0.0326,% (w/w),N,N,N,N,N,N,N,N 少量,,
ICM-104,3251-23-8,copper (II) nitrate,0.0295,% (w/w),N,N,N 2目少量,N,N,N,N,N 少量,,
ICM-104,10099-74-8,lead (II) nitrate,0.016,% (w/w),N,N,N 附錄一限值>1%,N,N,N,N,N 少量,,
ICM-104,1327-53-3,arsenic (III) oxide,0.0132,% (w/w),"N 1,2,3類，限值1%",N,N 1目，限值1%,N,N,N,N,N 少量,,
ICM-104,10022-68-1,cadmium nitrate tetrahydrate,0.0069,% (w/w),N,N,N,N,N,N,N,N 少量,,
ICM-104,7446/8/4,selenium (IV) oxide,0.0035,% (w/w),N,N,N,N,N,N,N,N 少量,,
ICM-104,7783-34-8,mercuric nitrate monohydrate,0.0009,% (w/w),N,N,N 1目，限值1%,N,N,N,N,N 少量,,
ICP-012,7732-18-5,water,96.9661,% (w/w),N,N,N,N,N,N,N,N 少量,,
ICP-012,7697-37-2,NITRIC ACID,1.979,% (w/w),N,N,N 2目少量,N,N,N,N,N 少量,,
ICP-012,13446-18-9,magnesium nitrate hexahydrate,1.0549,% (w/w),N,N,N,N,N,N,N,N 少量,,
IMS-120,7732-18-5,water,94.2719,% (w/w),N,N,N,N,N,N,N,N 少量,,
IMS-120,7697-37-2,NITRIC ACID,4.95,% (w/w),N,N,N 2目少量,N,N,N,N,N 少量,,
IMS-120,471-34-1,calcium carbonate,0.2498,% (w/w),N,N,N,N,N,N,N,N 少量,,
IMS-120,543-81-7,beryllium acetate,0.141,% (w/w),N,N,N,N,N,Y,N,N,新化學物質,
IMS-120,7664-39-3,hydrofluoric acid,0.1,% (w/w),N,N 限值0.1-10%,N 2目少量,N,N,N,N,N 少量,,關注+包裝
IMS-120,7782-61-8,iron (III) nitrate nonahydrate,0.0724,% (w/w),N,N,N 2目少量,N,N,N,N,N 少量,,
IMS-120,10043-35-3,ORTHOBORIC ACID,0.0572,% (w/w),N,N,N 1目，限值1%,N,N,N,N,N 少量,,
IMS-120,10196-18-6,zinc nitrate hexahydrate,0.0455,% (w/w),N,N,N,N,N,N,N,N 少量,,
IMS-120,7446/8/4,selenium (IV) oxide,0.0141,% (w/w),N,N,N,N,N,N,N,N 少量,,
IMS-120,7784-27-2,aluminum nitrate nonahydrate,0.0139,% (w/w),N,N,N,N,N,N,N,N 少量,,
IMS-120,1327-53-3,arsenic (III) oxide,0.0132,% (w/w),"N 1,2,3類，限值1%",N,N 1目，限值1%,N,N,N,N,N 少量,,
IMS-120,13446-18-9,magnesium nitrate hexahydrate,0.0105,% (w/w),N,N,N,N,N,N,N,N 少量,,
IMS-120,7789/2/8,chromium (III) nitrate nonahydrate,0.0103,% (w/w),N,N,N,N,N,N,N,N 少量,,
IMS-120,554-13-2,lithium carbonate,0.0053,% (w/w),N,N,N,N,N,N,N,N 少量,,
IMS-120,13478-00-7,nickel (II) nitrate hexahydrate,0.005,% (w/w),N,N,N 1目，限值1%,N,N,N,N,N 少量,,
IMS-120,10026-22-9,cobalt nitrate hexahydrate,0.0049,% (w/w),N,N,N 1目，限值1%,N,N,N,N,N 少量,,
IMS-120,7631-99-4,sodium nitrate,0.0037,% (w/w),N,N,N 2目少量,N,N,N,N,N 少量,,
IMS-120,10377-66-9,manganese (II) nitrate,0.0033,% (w/w),N,N,N,N,N,N,N,N 少量,,
IMS-120,3251-23-8,copper (II) nitrate,0.003,% (w/w),N,N,N 2目少量,N,N,N,N,N 少量,,
IMS-120,10022-68-1,cadmium nitrate tetrahydrate,0.0027,% (w/w),N,N,N,N,N,N,N,N 少量,,
IMS-120,7757-79-1,potassium nitrate,0.0026,% (w/w),N,N,N 2目少量,N,N,N,N,N 年用量無超過,,
IMS-120,10042-76-9,strontium nitrate,0.0024,% (w/w),N,N,N 2目少量,N,N,N,N,N 少量,,
IMS-120,7803-55-6,ammonium metavanadate,0.0023,% (w/w),N,N,N 2目少量,N,N,N,N,N 少量,,
IMS-120,13520-83-7,uranyl nitrate hydrate,0.0021,% (w/w),N,N,N,N,N,N,N,N 少量,,
IMS-120,10022-31-8,barium nitrate,0.0019,% (w/w),N,N,N,N,N,N,N,N 少量,,
IMS-120,13126-12-0,rubidium nitrate,0.0017,% (w/w),N,N,N,N,N,N,N,N 少量,,
IMS-120,10099-74-8,lead (II) nitrate,0.0016,% (w/w),N,N,N 附錄一限值>1%,N,N,N,N,N 少量,,
IMS-120,7761-88-8,silver nitrate,0.0016,% (w/w),N,N,N 2目少量,N,N,N,N,N 少量,,
IMS-120,1313-27-5,molybdenum (VI) oxide,0.0015,% (w/w),N,N,N,N,N,N,N,N 少量,,
IMS-120,7446/7/3,tellurium (IV) oxide,0.0013,% (w/w),N,N,N,N,N,N,N,N 少量,,
IMS-120,10102-45-1,thallium (I) nitrate,0.0013,% (w/w),N,N,N,N,N,N,N,N 少量,,
IMS-120,7440-55-3,gallium,0.001,% (w/w),N,N,N,N,N,N,N,N 少量,,
IMS-120,7440-69-9,PURE BISMUTH,0.001,% (w/w),N,N,N,N,N,N,N,N 少量,,
5191-3937,7784-27-2,"Aluminum(III) nitrate, nonahydrate (1:3:9)",0.0099,%,N,N,N,N,N,N,N,N 少量,,
5191-3937,10421-48-4,Iron trinitrate,0.0099,%,N,N,N 2目少量,N,N,N,N,N 少量,,
5191-3937,13106-76-8,Ammonium molybdate(VI),0.0099,%,N,N,N,N,N,N,N,N 少量,,
5191-3937,1313-97-9,Neodymium(III) oxide,0.0099,%,N,N,N,N,N,N,N,N 少量,,
5191-3937,12037-29-5,"Prasdeodymium(III,IV) oxide",0.0099,%,N,N,N,N,N,N,N,N 少量,,
5191-3937,12037-01-3,"Terbium(III,IV) oxide",0.0099,%,N,N,N,N,N,N,N,N 少量,,
5191-3937,13520-83-7,Uranyl nitrate hydrate,0.0099,%,N,N,N,N,N,N,N,N 少量,,
5191-3937,7697-37-2,Nitric acid,4.5,%,N,N,N 2目少量,N,N,N,N,N 少量,,
5191-3937,7732-18-5,Water,95.4307,%,N,N,N,N,N,N,N,N 少量,,
5191-3932,7697-37-2,nitric acid (…% [C ≤ 70 %]),4.5,%,N,N,N 2目少量,N,N,N,N,N 少量,,
5191-3932,7732-18-5,water,95.3713,%,N,N,N,N,N,N,N,N 少量,,
5191-3932,7440-22-4,silver,0.0099,%,N,N,N,N,N,N,N,N 少量,,
5191-3932,7440-38-2,arsenic,0.0099,%,N,N,N 附錄一限值>1%,N,N,N,N,N 少量,,
5191-3932,7440-47-3,chromium,0.0099,%,N,N,N 2目少量,N,N,N,N,N 少量,,
5191-3932,12061-16-4,dierbium trioxide,0.0099,%,N,N,N,N,N,N,N,N 少量,,
5191-3932,100641-16-5,"Nitric acid, lutetium(3+) salt, hydrate",0.0099,%,N,N,N,N,N,N,N,N 少量,,
5191-3932,7439-96-5,manganese,0.0099,%,N,N,N,N,N,N,N,N 少量,,
5191-3932,7664-38-2,orthophosphoric acid,0.0099,%,N,N,N 2目少量,N,N,N,N,N 少量,,
5191-3932,7439-92-1,lead,0.0099,%,N,N,N 附錄一限值>1%,N,N,N,N,N 少量,,
5191-3932,584-09-8,rubidium carbonate,0.0099,%,N,N,N,N,N,N,N,N 少量,,
5191-3932,256652-08-1,Scandium oxide,0.0099,%,N,N,N,N,N,Y,N,N,新化學物質,
5191-3932,12036-44-1,thulium oxide,0.0099,%,N,N,N,N,N,N,N,N 少量,,
5191-3932,1314-36-9,yttrium oxide (Y2-O3),0.0099,%,N,N,N,N,N,N,N,N 少量,,
5191-3932,1314-37-0,ytterbium (III) oxide,0.0099,%,N,N,N,N,N,N,N,N 少量,,
5191-3932,10043-35-3,boric acid,0.0099,%,N,N,N 1目，限值1%,N,N,N,N,N 少量,,
5191-3932,10022-31-8,barium nitrate,0.0099,%,N,N,N,N,N,N,N,N 少量,,
5191-3932,19049-40-2,hexakis[mu-(acetato-O:O')]-mu4-oxotetraberyllium,0.0099,%,N,N,N,N,N,N,N,N 少量,,
5191-3932,7440-69-9,bismuth,0.0099,%,N,N,N,N,N,N,N,N 少量,,
5191-3932,471-34-1,calcium carbonate,0.0099,%,N,N,N,N,N,N,N,N 少量,,
5191-3932,7440-43-9,Cadmium,0.0099,%,"N 2,3類，限值95%",N,N 2目少量,N,N,N,N,N 少量,,
5191-3932,534-17-8,caesium carbonate,0.0099,%,N,N,N,N,N,N,N,N 少量,,
5191-3932,7440-50-8,copper,0.0099,%,N,N,N,N,N,N,N,N 少量,,
5191-3932,7440-55-3,gallium,0.0099,%,N,N,N,N,N,N,N,N 少量,,
5191-3932,7439-97-6,mercury,0.0099,%,N 1類，限值95%,N,N 1目，限值1%,N,N,N,N,N 少量,,
5191-3932,7440-74-6,indium,0.0099,%,N,N,N 2目少量,N,N,N,N,N 少量,,
5191-3932,7757-79-1,potassium nitrate,0.0099,%,N,N,N 2目少量,N,N,N,N,N 年用量無超過,,
5191-3932,554-13-2,lithium carbonate,0.0099,%,N,N,N,N,N,N,N,N 少量,,
5191-3932,13446-18-9,"Magnesium nitrate, hexahydrate",0.0099,%,N,N,N,N,N,N,N,N 少量,,
5191-3932,497-19-8,sodium carbonate (Solution),0.0099,%,N,N,N,N,N,N,N,N 少量,,
5191-3932,7782-49-2,selenium,0.0099,%,N,N,N,N,N,N,N,N 少量,,
5191-3932,10042-76-9,strontium nitrate,0.0099,%,N,N,N 2目少量,N,N,N,N,N 少量,,
5191-3932,7440-28-0,thallium,0.0099,%,N,N,N,N,N,N,N,N 少量,,
5191-3932,7440-66-6,zinc,0.0099,%,N,N,N 2目少量,N,N,N,N,N 少量,,
5191-3932,7697-37-2,nitric acid (…% [C ≤ 70 %]),4.5,%,N,N,N 2目少量,N,N,N,N,N 少量,,
5191-3932,7732-18-5,water,95.3119,%,N,N,N,N,N,N,N,N 少量,,
5191-3932,7440-56-4,germanium,0.0099,%,N,N,N,N,N,N,N,N 少量,,
5191-3932,7440-58-6,hafnium,0.0099,%,N,N,N,N,N,N,N,N 少量,,
5191-3932,10026-12-7,niobium pentachloride,0.0099,%,N,N,N,N,N,N,N,N 少量,,
5191-3932,7440-36-0,antimony,0.0099,%,N,N,N,N,N,N,N,N 少量,,
5191-3932,16919-19-0,ammonium hexafluorosilicate (Solid),0.0099,%,N,N,N,N,N,N,N,N 少量,,
5191-3932,7440-31-5,tin,0.0099,%,N,N,N,N,N,N,N,N 少量,,
5191-3932,7721/1/9,tantalum pentachloride,0.0099,%,N,N,N,N,N,N,N,N 少量,,
5191-3932,7440-32-6,titanium,0.0099,%,N,N,N,N,N,N,N,N 少量,,
5191-3932,7440-33-7,tungsten,0.0099,%,N,N,N,N,N,N,N,N 少量,,
5191-3932,14985-18-3,Zirconyl nitrate hydrate,0.0099,%,N,N,N,N,N,N,N,N 少量,,
5191-3932,7697-37-2,nitric acid (…% [C ≤ 70 %]),4.5,%,N,N,N 2目少量,N,N,N,N,N 少量,,
5191-3932,7664-39-3,hydrogen fluoride,0.1,%,N,N 限值0.1-10%,N 2目少量,N,N,N,N,N 少量,,關注+包裝
5191-3932,7732-18-5,water,95.301,%,N,N,N,N,N,N,N,N 少量,,
5191-3932,7440-48-4,cobalt,0.0099,%,N,N,N 2目少量,N,N,N,N,N 少量,,
5191-3932,1308-87-8,didysprosium trioxide,0.0099,%,N,N,N,N,N,N,N,N 少量,,
5191-3932,7440-15-5,rhenium,0.0099,%,N,N,N,N,N,N,N,N 少量,,
5191-3932,509148-61-2,Samaria,0.0099,%,N,N,N,N,N,Y,N,N,新化學物質,
5191-3932,13823-29-5,thorium tetranitrate,0.0099,%,N,N,N,N,N,N,N,N 少量,,
5191-3932,1314-62-1,divanadium pentaoxide,0.0099,%,N,N,N 2目少量,N,N,N,N,N 少量,,
5191-3932,7697-37-2,nitric acid (…% [C ≤ 70 %]),4.5,%,N,N,N 2目少量,N,N,N,N,N 少量,,
5191-3932,7732-18-5,water,95.4406,%,N,N,N,N,N,N,N,N 少量,,
5191-3932,7697-37-2,nitric acid (…% [C ≤ 70 %]),4.5,%,N,N,N 2目少量,N,N,N,N,N 少量,,
5191-3932,7732-18-5,water,95.5,%,N,N,N,N,N,N,N,N 少量,,
5191-3932,7440-02-0,nickel,0.0099,%,N,N,N 2目少量,N,N,N,N,N 少量,,
5191-3932,7783-20-2,ammonium sulphate,0.0099,%,N,N,N,N,N,N,N,N 少量,,
5191-3932,13494-80-9,tellurium,0.0099,%,N,N,N,N,N,N,N,N 少量,,
5191-3932,7697-37-2,nitric acid (…% [C ≤ 70 %]),4.5,%,N,N,N 2目少量,N,N,N,N,N 少量,,
5191-3932,7732-18-5,water,95.4208,%,N,N,N,N,N,N,N,N 少量,,
5191-3932,1308-96-9,europium(III) oxide,0.0099,%,N,N,N,N,N,N,N,N 少量,,
5191-3932,12064-62-9,digadolinium trioxide,0.0099,%,N,N,N,N,N,N,N,N 少量,,
5191-3932,12055-62-8,holmium oxide,0.0099,%,N,N,N,N,N,N,N,N 少量,,
5191-3932,1312-81-8,lanthanum oxide,0.0099,%,N,N,N,N,N,N,N,N 少量,,
5191-3932,10294-41-4,"Nitric acid, cerium(3+) salt, hexahydrate",0.0099,%,N,N,N,N,N,N,N,N 少量,,
5191-3932,7784-27-2,"aluminium(III) nitrate, nonahydrate (1:3:9)",0.0099,%,N,N,N,N,N,N,N,N 少量,,
5191-3932,10421-48-4,iron trinitrate,0.0099,%,N,N,N 2目少量,N,N,N,N,N 少量,,
5191-3932,13106-76-8,ammonium molybdate(VI),0.0099,%,N,N,N,N,N,N,N,N 少量,,
5191-3932,1313-97-9,neodymium oxide,0.0099,%,N,N,N,N,N,N,N,N 少量,,
5191-3932,12037-29-5,"praseodymium(III,IV) oxide",0.0099,%,N,N,N,N,N,N,N,N 少量,,
5191-3932,12037-01-3,tetraterbium heptaoxide,0.0099,%,N,N,N,N,N,N,N,N 少量,,
5191-3932,13520-83-7,Uranyl nitrate hexahydrate,0.0099,%,N,N,N,N,N,N,N,N 少量,,
5191-3932,7697-37-2,nitric acid (…% [C ≤ 70 %]),4.5,%,N,N,N 2目少量,N,N,N,N,N 少量,,
5191-3932,7732-18-5,water,95.4307,%,N,N,N,N,N,N,N,N 少量,,
5191-3932,7440-57-5,gold,0.0099,%,N,N,N,N,N,N,N,N 少量,,
5191-3932,14996-61-3,Iridium(III) chloride hydrate,0.0099,%,N,N,N,N,N,N,N,N 少量,,
5191-3932,12125-08-5,diammonium hexachloroosmate,0.0099,%,N,N,N,N,N,N,N,N 少量,,
5191-3932,7440/5/3,palladium,0.0099,%,N,N,N,N,N,N,N,N 少量,,
5191-3932,7440/6/4,platinum (Powder),0.0099,%,N,N,N,N,N,N,N,N 少量,,
5191-3932,20765-98-4,"Rhodium chloride (RhCl3), hydrate",0.0099,%,N,N,N,N,N,N,N,N 少量,,
5191-3932,14898-67-0,Ruthenium (III)-chloride hydrate,0.0099,%,N,N,N,N,N,N,N,N 少量,,
5191-3932,7647-01-0,hydrogen chloride,5.55,%,N,N,N 2目少量,N,N 乙類，限值100%,N,N,N 少量,,
5191-3932,7732-18-5,water,94.3807,%,N,N,N,N,N,N,N,N 少量,,
PL2080-0101,25322-68-3,Poly(ethylene glycol),100,% (w/w),N,N,N,N,N,N,N,N 少量,,
PL2080-0200,25322-68-3,Poly(ethylene glycol),100,% (w/w),N,N,N,N,N,N,N,N 少量,,
PL2080-0202,25322-68-3,Poly(ethylene glycol),100,% (w/w),N,N,N,N,N,N,N,N 少量,,
PL2080-0203,25322-68-3,Poly(ethylene glycol),100,% (w/w),N,N,N,N,N,N,N,N 少量,,
PL2084-2010,25322-68-3,Poly(ethylene glycol),100,% (w/w),N,N,N,N,N,N,N,N 少量,,
PL2084-2001,25322-68-3,Poly(ethylene glycol),100,% (w/w),N,N,N,N,N,N,N,N 少量,,
PL2084-2005,25322-68-3,Poly(ethylene glycol),100,% (w/w),N,N,N,N,N,N,N,N 少量,,
PL2083-5010,25322-68-3,Poly(ethylene glycol),100,% (w/w),N,N,N,N,N,N,N,N 少量,,
PL2083-5001,25322-68-3,Poly(ethylene glycol),100,% (w/w),N,N,N,N,N,N,N,N 少量,,
PL2083-5005,25322-68-3,Poly(ethylene glycol),100,% (w/w),N,N,N,N,N,N,N,N 少量,,
PL2083-6010,25322-68-3,Poly(ethylene glycol),100,% (w/w),N,N,N,N,N,N,N,N 少量,,
PL2083-6001,25322-68-3,Poly(ethylene glycol),100,% (w/w),N,N,N,N,N,N,N,N 少量,,
PL2083-6005,25322-68-3,Poly(ethylene glycol),100,% (w/w),N,N,N,N,N,N,N,N 少量,,
PL2084-1010,25322-68-3,Poly(ethylene glycol),100,% (w/w),N,N,N,N,N,N,N,N 少量,,
PL2084-1001,25322-68-3,Poly(ethylene glycol),100,% (w/w),N,N,N,N,N,N,N,N 少量,,
PL2084-1005,25322-68-3,Poly(ethylene glycol),100,% (w/w),N,N,N,N,N,N,N,N 少量,,
PL2083-7010,25322-68-3,Poly(ethylene glycol),100,% (w/w),N,N,N,N,N,N,N,N 少量,,
PL2083-7001,25322-68-3,Poly(ethylene glycol),100,% (w/w),N,N,N,N,N,N,N,N 少量,,
PL2083-7005,25322-68-3,Poly(ethylene glycol),100,% (w/w),N,N,N,N,N,N,N,N 少量,,
PL2083-1001,25322-68-3,Poly(ethylene glycol),100,% (w/w),N,N,N,N,N,N,N,N 少量,,
PL2083-1005,25322-68-3,Poly(ethylene glycol),100,% (w/w),N,N,N,N,N,N,N,N 少量,,
PL2083-8010,25322-68-3,Poly(ethylene glycol),100,% (w/w),N,N,N,N,N,N,N,N 少量,,
PL2083-8001,25322-68-3,Poly(ethylene glycol),100,% (w/w),N,N,N,N,N,N,N,N 少量,,
PL2083-8005,25322-68-3,Poly(ethylene glycol),100,% (w/w),N,N,N,N,N,N,N,N 少量,,
PL2083-2010,25322-68-3,Poly(ethylene glycol),100,% (w/w),N,N,N,N,N,N,N,N 少量,,
PL2083-2001,25322-68-3,Poly(ethylene glycol),100,% (w/w),N,N,N,N,N,N,N,N 少量,,
PL2083-2005,25322-68-3,Poly(ethylene glycol),100,% (w/w),N,N,N,N,N,N,N,N 少量,,
PL2083-9010,25322-68-3,Poly(ethylene glycol),100,% (w/w),N,N,N,N,N,N,N,N 少量,,
PL2083-9001,25322-68-3,Poly(ethylene glycol),100,% (w/w),N,N,N,N,N,N,N,N 少量,,
PL2083-9005,25322-68-3,Poly(ethylene glycol),100,% (w/w),N,N,N,N,N,N,N,N 少量,,
PL2083-3010,25322-68-3,Poly(ethylene glycol),100,% (w/w),N,N,N,N,N,N,N,N 少量,,
PL2083-3001,25322-68-3,Poly(ethylene glycol),100,% (w/w),N,N,N,N,N,N,N,N 少量,,
PL2083-3005,25322-68-3,Poly(ethylene glycol),100,% (w/w),N,N,N,N,N,N,N,N 少量,,
PL2084-0010,25322-68-3,Poly(ethylene glycol),100,% (w/w),N,N,N,N,N,N,N,N 少量,,
PL2084-0001,25322-68-3,Poly(ethylene glycol),100,% (w/w),N,N,N,N,N,N,N,N 少量,,
PL2084-0005,25322-68-3,Poly(ethylene glycol),100,% (w/w),N,N,N,N,N,N,N,N 少量,,
PL2083-4010,25322-68-3,Poly(ethylene glycol),100,% (w/w),N,N,N,N,N,N,N,N 少量,,
PL2083-4005,25322-68-3,Poly(ethylene glycol),100,% (w/w),N,N,N,N,N,N,N,N 少量,,
PL2083-1010,25322-68-3,Poly(ethylene glycol),100,% (w/w),N,N,N,N,N,N,N,N 少量,,
SA10,9013-20-1,Streptavidin,90,%,N,N,N,N,N,N,N,N 少量,,
SA10,7647-14-5,sodium chloride,10,%,N,N,N,N,N,N,N,N 少量,,
SA10-10,9013-20-1,Streptavidin,90,%,N,N,N,N,N,N,N,N 少量,,
SA10-10,7647-14-5,sodium chloride,10,%,N,N,N,N,N,N,N,N 少量,,
SA10-100,9013-20-1,Streptavidin,90,%,N,N,N,N,N,N,N,N 少量,,
SA10-100,7647-14-5,sodium chloride,10,%,N,N,N,N,N,N,N,N 少量,,
5190-6896,67-56-1,Methanol,100,%,N,N,N 2目少量,N,N,N,N,N 少量,,
G1946-85004,67-63-0,Propan-2-ol,44.0087,%,N,N,N 2目少量,N,N,N,N,N 少量,,
G1946-85004,7732-18-5,Water,55.9907,%,N,N,N,N,N,N,N,N 少量,,
G1946-85004,50-55-5,Reserpine,0.0006,%,N,N,N,N,N,N,N,N 少量,,
QCM-116,67-56-1,methanol,99.47,% (w/w),N,N,N 2目少量,N,N,N,N,N 少量,,
QCM-116,74-87-3,chloromethane,0.0316,% (w/w),N 4類，限值25%,N,N,N,N,N,N,N 少量,,
QCM-116,74-83-9,bromomethane,0.0316,% (w/w),N,N,N 2目少量,N,N,N,Y,N 少量,空汙申請,
QCM-116,75-71-8,dichlorodifluoromethane,0.0316,% (w/w),N,N,N,N,N,N,Y,N 少量,空汙申請,
QCM-116,87-68-3,hexachlorobutadiene,0.0316,% (w/w),N 1類，限值1%,N,N,N,N,N,N,N 少量,,
QCM-116,87-61-6,"1,2,3-trichlorobenzene",0.0316,% (w/w),N,N,N,N,N,N,N,N 少量,,
QCM-116,75-69-4,trichlorofluoromethane,0.0316,% (w/w),N,N,N,N,N,N,Y,N 少量,空汙申請,
QCM-116,75-00-3,chloroethane,0.0316,% (w/w),N 1類，限值1%,N,N,N,N,N,N,N 少量,,
QCM-116,1998/6/6,2-Methyl-2-phenylpropane,0.0126,% (w/w),N,N,N,N,N,N,N,N 少量,,
QCM-116,95-49-8,2-chlorotoluene,0.0126,% (w/w),N,N,N,N,N,N,N,N 少量,,
QCM-116,106-43-4,4-chlorotoluene,0.0126,% (w/w),N,N,N,N,N,N,N,N 少量,,
QCM-116,74-95-3,dibromomethane,0.0126,% (w/w),N 1類，限值1%,N,N,N,N,N,N,N 少量,,
QCM-116,99-87-6,p-Isopropyltoluene,0.0126,% (w/w),N,N,N,N,N,N,N,N 少量,,
QCM-116,594-20-7,"2,2-dichloropropane",0.0126,% (w/w),N,N,N,N,N,N,N,N 少量,,
QCM-116,563-58-6,"1,1-dichloropropene",0.0126,% (w/w),N,N,N,N,N,N,N,N 少量,,
QCM-116,142-28-9,Trimethylene dichloride,0.0126,% (w/w),N,N,N,N,N,N,N,N 少量,,
QCM-116,10061-01-5,"cis-1,3-dichloropropene",0.0126,% (w/w),N 4類，限值50%,N,N,N,N,N,N,N 少量,,
QCM-116,10061-02-6,"trans-1,3-dichloropropene",0.0126,% (w/w),N 4類，限值50%,N,N,N,N,N,N,N 少量,,
QCM-116,541-73-1,"1,3-dichlorobenzene",0.0126,% (w/w),N 1類，限值1%,N,N,N,N,N,N,N 少量,,
QCM-116,75-34-3,"1,1-dichloroethane",0.0126,% (w/w),N,N,N,N,N,N,N,N 少量,,
QCM-116,108-86-1,bromobenzene,0.0126,% (w/w),N,N,N,N,N,N,N,N 少量,,
QCM-116,630-20-6,"1,1,1,2-Tetrachloroethane",0.0126,% (w/w),N,N,N 2目少量,N,N,N,N,N 少量,,
QCM-116,79-34-5,Acetylene tetrachloride,0.0126,% (w/w),N 4類，限值1%,N,N 2目少量,N,N,N,N,N 少量,,
QCM-116,74-97-5,bromochloromethane,0.0316,% (w/w),N,N,N,N,N,N,Y,N 少量,空汙申請,
QCM-116,104-51-8,1-Phenylbutane,0.0126,% (w/w),N,N,N,N,N,N,N,N 少量,,
QCM-116,96-18-4,"1,2,3-trichloropropane",0.0126,% (w/w),N 2類，限值1%,N,N,N,N,N,N,N 少量,,
QCM-116,103-65-1,n-Propylbenzene,0.0126,% (w/w),N,N,N,N,N,N,N,N 少量,,
QCM-116,98-82-8,isopropylbenzene,0.0126,% (w/w),N 4類，限值1%,N,N,N,N,N,N,N 少量,,
QCM-116,108-67-8,"1,3,5-trimethylbenzene",0.0126,% (w/w),N,N,N,N,N,N,N,N 年用量無超過,,
QCM-116,95-63-6,"1,2,4-trimethylbenzene",0.0126,% (w/w),N,N,N,N,N,N,N,N 年用量無超過,,
QCM-116,135-98-8,2-Phenylbutane,0.0126,% (w/w),N,N,N,N,N,N,N,N 少量,,
CUS-00006008,3336-58-1,trifluoroacetic acid ammonium salt,0.01,,N,N,N,N,N,N,N,N 少量,,
CUS-00006008,107-43-7,betaine,0.01,,N,N,N,N,N,N,N,N 少量,,
CUS-00006008,957-13-1,hexamethoxyphosphazine,0.01,,N,N,N,N,N,N,N,N 少量,,
CUS-00006008,915-76-4,"tris(heptafluoropropyl)-1, 3, 5-triazine",0.01,,N,N,N,N,N,N,N,N 少量,,
CUS-00006008,186817-57-2,"hexakis(2,2-difluoroethoxy)phosphazine",0.01,,N,N,N,N,N,N,N,N 少量,,
CUS-00006008,58943-98-9,"hexakis(1H, 1H, 3H-tetrafluoropropoxy)phosphazine",0.01,,N,N,N,N,N,N,N,N 少量,,
CUS-00006008,16059-16-8,"hexakis(1H, 1H, 5H-octafluoropentoxy)phosphazine",0.01,,N,N,N,N,N,N,N,N 少量,,
CUS-00006008,3830-74-8,"hexakis(1H, 1H, 7H-dodecafluoroheptoxy)phosphazine",0.01,,N,N,N,N,N,N,N,N 少量,,
CUS-00006008,186043-67-4,"hexakis(1H, 1H, 9H-perfluorononyloxy)phosphazine",0.01,,N,N,N,N,N,N,N,N 少量,,
CUS-00006008,67-56-1,Methanol,95,%,N,N,N 2目少量,N,N,N,N,N 少量,,
CUS-00006008,7732-18-5,Water,5,%,N,N,N,N,N,N,N,N 少量,,
5183-4688,7429-90-5,Aluminium,0.001,%,N,N,N,N,N,N,N,N 少量,,
5183-4688,7439-89-6,Iron,0.1,%,N,N,N,N,N,N,N,N 少量,,
5183-4688,7439-92-1,Lead,0.001,%,N,N,N 附錄一限值>1%,N,N,N,N,N 少量,,
5183-4688,7439-95-4,Magnesium,0.1,%,N,N,N 2目少量,N,N,N,N,N 少量,,
5183-4688,7439-96-5,Manganese,0.001,%,N,N,N,N,N,N,N,N 少量,,
5183-4688,7439-98-7,Molybdenum,0.001,%,N,N,N,N,N,N,N,N 少量,,
5183-4688,7440-02-0,Nickel,0.001,%,N,N,N 2目少量,N,N,N,N,N 少量,,
5183-4688,7440/9/7,Potassium,0.1,%,N,N,N 2目少量,N,N,N,N,N 少量,,
5183-4688,7440-22-4,Silver,0.001,%,N,N,N,N,N,N,N,N 少量,,
5183-4688,7440-23-5,Sodium,0.1,%,N,N,N 2目少量,N,N,N,N,N 少量,,
5183-4688,7440-28-0,Thallium,0.001,%,N,N,N,N,N,N,N,N 少量,,
5183-4688,7440-29-1,Thorium,0.001,%,N,N,N,N,N,N,N,N 少量,,
5183-4688,7440-36-0,Antimony,0.001,%,N,N,N,N,N,N,N,N 少量,,
5183-4688,7440-38-2,Arsenic,0.001,%,N,N,N 附錄一限值>1%,N,N,N,N,N 少量,,
5183-4688,7440-39-3,Barium,0.001,%,N,N,N,N,N,N,N,N 少量,,
5183-4688,7440-41-7,Beryllium,0.001,%,N 2類，限值95%,N,N,N 限值1%(沒有超過1%),N,N,N,N 少量,,
5183-4688,7440-43-9,Cadmium,0.001,%,"N 2,3類，限值95%",N,N 2目少量,N,N,N,N,N 少量,,
5183-4688,7440-47-3,Chromium,0.001,%,N,N,N 2目少量,N,N,N,N,N 少量,,
5183-4688,7440-48-4,Cobalt,0.001,%,N,N,N 2目少量,N,N,N,N,N 少量,,
5183-4688,7440-50-8,Copper,0.001,%,N,N,N,N,N,N,N,N 少量,,
5183-4688,7440-61-1,Uranium,0.001,%,N,N,N,N,N,N,N,N 少量,,
5183-4688,7440-62-2,Vanadium,0.001,%,N,N,N,N,N,N,N,N 少量,,
5183-4688,7440-66-6,Zinc,0.001,%,N,N,N 2目少量,N,N,N,N,N 少量,,
5183-4688,7440-70-2,Calcium,0.1,%,N,N,N 2目少量,N,N,N,N,N 少量,,
5183-4688,7697-37-2,Nitric acid,5,%,N,N,N 2目少量,N,N,N,N,N 少量,,
5183-4688,7732-18-5,Water,93.58,%,N,N,N,N,N,N,N,N 少量,,
5183-4688,7782-49-2,Selenium,0.001,%,N,N,N,N,N,N,N,N 少量,,
5183-4688,87-69-4,l-Tartaric acid,0.9,%,N,N,N,N,N,N,N,N 少量,,
STS-440-1,67-56-1,methanol,99.7472,% (w/w),N,N,N 2目少量,N,N,N,N,N 少量,,
STS-440-1,1634-04-4,tert-butylmethyl ether (MTBE),0.2528,% (w/w),N 4類，限值20%,N,N,N,N,N,N,N 少量,,
CUS-00006008,3336-58-1,trifluoroacetic acid ammonium salt,0.01,,N,N,N,N,N,N,N,N 少量,,
CUS-00006008,107-43-7,betaine,0.01,,N,N,N,N,N,N,N,N 少量,,
CUS-00006008,957-13-1,hexamethoxyphosphazine,0.01,,N,N,N,N,N,N,N,N 少量,,
CUS-00006008,915-76-4,"tris(heptafluoropropyl)-1, 3, 5-triazine",0.01,,N,N,N,N,N,N,N,N 少量,,
CUS-00006008,186817-57-2,"hexakis(2,2-difluoroethoxy)phosphazine",0.01,,N,N,N,N,N,N,N,N 少量,,
CUS-00006008,58943-98-9,"hexakis(1H, 1H, 3H-tetrafluoropropoxy)phosphazine",0.01,,N,N,N,N,N,N,N,N 少量,,
CUS-00006008,16059-16-8,"hexakis(1H, 1H, 5H-octafluoropentoxy)phosphazine",0.01,,N,N,N,N,N,N,N,N 少量,,
CUS-00006008,3830-74-8,"hexakis(1H, 1H, 7H-dodecafluoroheptoxy)phosphazine",0.01,,N,N,N,N,N,N,N,N 少量,,
CUS-00006008,186043-67-4,"hexakis(1H, 1H, 9H-perfluorononyloxy)phosphazine",0.01,,N,N,N,N,N,N,N,N 少量,,
CUS-00006008,67-56-1,Methanol,95,%,N,N,N 2目少量,N,N,N,N,N 少量,,
CUS-00006008,7732-18-5,Water,5,%,N,N,N,N,N,N,N,N 少量,,
PL2070-5001,25322-68-3,Poly(ethylene glycol),100,% (w/w),N,N,N,N,N,N,N,N 少量,,
PL2070-7001,25322-68-3,Poly(ethylene glycol),100,% (w/w),N,N,N,N,N,N,N,N 少量,,
PL2070-9001,25322-68-3,Poly(ethylene glycol),100,% (w/w),N,N,N,N,N,N,N,N 少量,,
G2453-85050,1975/5/8,acetonitrile,100,% (w/w),Y 4類，限值1%,N,N,N,N,N,N,N 少量,毒化物,毒化物+包裝
5190-0580,122-11-2,sulfadimethoxine,0.0107,PPM,N,N,N,N,N,N,N,N 少量,,
5190-0580,144-82-1,sulfamethizole,0.0107,PPM,N,N,N,N,N,N,N,N 少量,,
5190-0580,57-68-1,sulfadimidine,0.0107,PPM,N,N,N,N,N,N,N,N 少量,,
5190-0580,67-56-1,methanol,25.33,%,N,N,N 2目少量,N,N,N,N,N 少量,,
5190-0580,7732-18-5,water,74.67,%,N,N,N,N,N,N,N,N 少量,,
5190-0580,80-32-0,sulfachlorpyridazine,0.0107,PPM,N,N,N,N,N,N,N,N 少量,,
5190-0580,122-11-2,sulfadimethoxine,0.0267,PPM,N,N,N,N,N,N,N,N 少量,,
5190-0580,144-82-1,sulfamethizole,0.0267,PPM,N,N,N,N,N,N,N,N 少量,,
5190-0580,57-68-1,sulfadimidine,0.0267,PPM,N,N,N,N,N,N,N,N 少量,,
5190-0580,67-56-1,methanol,25.33,%,N,N,N 2目少量,N,N,N,N,N 少量,,
5190-0580,7732-18-5,water,74.67,%,N,N,N,N,N,N,N,N 少量,,
5190-0580,80-32-0,sulfachlorpyridazine,0.0267,PPM,N,N,N,N,N,N,N,N 少量,,
5190-0580,122-11-2,sulfadimethoxine,0.1067,PPM,N,N,N,N,N,N,N,N 少量,,
5190-0580,144-82-1,sulfamethizole,0.1067,PPM,N,N,N,N,N,N,N,N 少量,,
5190-0580,57-68-1,sulfadimidine,0.1067,PPM,N,N,N,N,N,N,N,N 少量,,
5190-0580,67-56-1,methanol,25.33,%,N,N,N 2目少量,N,N,N,N,N 少量,,
5190-0580,7732-18-5,water,74.67,%,N,N,N,N,N,N,N,N 少量,,
5190-0580,80-32-0,sulfachlorpyridazine,0.1067,PPM,N,N,N,N,N,N,N,N 少量,,
5190-0580,122-11-2,sulfadimethoxine,0.5334,PPM,N,N,N,N,N,N,N,N 少量,,
5190-0580,144-82-1,sulfamethizole,0.5334,PPM,N,N,N,N,N,N,N,N 少量,,
5190-0580,57-68-1,sulfadimidine,0.5334,PPM,N,N,N,N,N,N,N,N 少量,,
5190-0580,67-56-1,methanol,25.33,%,N,N,N 2目少量,N,N,N,N,N 少量,,
5190-0580,7732-18-5,water,74.67,%,N,N,N,N,N,N,N,N 少量,,
5190-0580,80-32-0,sulfachlorpyridazine,0.5334,PPM,N,N,N,N,N,N,N,N 少量,,
5190-0580,122-11-2,sulfadimethoxine,1.0667,PPM,N,N,N,N,N,N,N,N 少量,,
5190-0580,144-82-1,sulfamethizole,1.0667,PPM,N,N,N,N,N,N,N,N 少量,,
5190-0580,57-68-1,sulfadimidine,1.0667,PPM,N,N,N,N,N,N,N,N 少量,,
5190-0580,67-56-1,methanol,25.33,%,N,N,N 2目少量,N,N,N,N,N 少量,,
5190-0580,7732-18-5,water,74.67,%,N,N,N,N,N,N,N,N 少量,,
5190-0580,80-32-0,sulfachlorpyridazine,1.0667,PPM,N,N,N,N,N,N,N,N 少量,,
5190-0580,67-56-1,methanol,25.33,,N,N,N 2目少量,N,N,N,N,N 少量,,
5190-0580,7732-18-5,water,74.67,,N,N,N,N,N,N,N,N 少量,,
5183-4680,7439-93-2,Lithium,0.001,%,N,N,N 2目少量,N,N,N,N,N 少量,,
5183-4680,7440-20-2,Scandium,0.001,%,N,N,N,N,N,N,N,N 少量,,
5183-4680,7440-27-9,Terbium,0.001,%,N,N,N,N,N,N,N,N 少量,,
5183-4680,7440-56-4,Germanium,0.001,%,N,N,N,N,N,N,N,N 少量,,
5183-4680,7440-65-5,Yttrium,0.001,%,N,N,N,N,N,N,N,N 少量,,
5183-4680,7440-69-9,Bismuth,0.001,%,N,N,N,N,N,N,N,N 少量,,
5183-4680,7440-74-6,Indium,0.001,%,N,N,N 2目少量,N,N,N,N,N 少量,,
5183-4680,7697-37-2,Nitric acid,5,%,N,N,N 2目少量,N,N,N,N,N 少量,,
5183-4680,7732-18-5,Water,94.993,%,N,N,N,N,N,N,N,N 少量,,
5188-6524,7439-94-3,lutetium,5,PPM,N,N,N,N,N,N,N,N 少量,,
5188-6524,7440-47-3,"chromium (In the form of respirable dusts, vapors and fumes)",5,PPM,N,N,N 2目少量,N,N,N,N,N 少量,,
5188-6524,7440-38-2,arsenic,20,PPM,N,N,N 附錄一限值>1%,N,N,N,N,N 少量,,
5188-6524,7440-62-2,vanadium,5,PPM,N,N,N,N,N,N,N,N 少量,,
5188-6524,7732-18-5,water,94.9799,%,N,N,N,N,N,N,N,N 少量,,
5188-6524,7429-90-5,aluminium,5,PPM,N,N,N,N,N,N,N,N 少量,,
5188-6524,7439-95-4,magnesium,10,PPM,N,N,N 2目少量,N,N,N,N,N 少量,,
5188-6524,7440-39-3,barium,5,PPM,N,N,N,N,N,N,N,N 少量,,
5188-6524,7440-69-9,bismuth,5,PPM,N,N,N,N,N,N,N,N 少量,,
5188-6524,7440-29-1,thorium,5,PPM,N,N,N,N,N,N,N,N 少量,,
5188-6524,7440-43-9,Cadmium,20,PPM,"N 2,3類，限值95%",N,N 2目少量,N,N,N,N,N 少量,,
5188-6524,7440-61-1,uranium,5,PPM,N,N,N,N,N,N,N,N 少量,,
5188-6524,7439-96-5,manganese (Containing < 20% welding aerosols),5,PPM,N,N,N,N,N,N,N,N 少量,,
5188-6524,7440-20-2,scandium,5,PPM,N,N,N,N,N,N,N,N 少量,,
5188-6524,7440-23-5,sodium,5,PPM,N,N,N 2目少量,N,N,N,N,N 少量,,
5188-6524,7440-48-4,cobalt,5,PPM,N,N,N 2目少量,N,N,N,N,N 少量,,
5188-6524,7440-50-8,copper,5,PPM,N,N,N,N,N,N,N,N 少量,,
5188-6524,7440-64-4,ytterbium,3,PPM,N,N,N,N,N,N,N,N 少量,,
5188-6524,7440-65-5,yttrium,3,PPM,N,N,N,N,N,N,N,N 少量,,
5188-6524,7440-24-6,strontium,5,PPM,N,N,N,N,N,N,N,N 少量,,
5188-6524,7440-28-0,thallium,5,PPM,N,N,N,N,N,N,N,N 少量,,
5188-6524,7440-41-7,beryllium,20,PPM,N 2類，限值95%,N,N,N 無超過 限值1%,N,N,N,N 少量,,
5188-6524,7440-66-6,zinc,20,PPM,N,N,N 2目少量,N,N,N,N,N 少量,,
5188-6524,7440-74-6,indium,5,PPM,N,N,N 2目少量,N,N,N,N,N 少量,,
5188-6524,7697-37-2,"nitric acid (Other than red fuming, with more than 70% nitric acid)",5,%,N,N,N 2目少量,N,N,N,N,N 少量,,
5188-6524,7439-92-1,lead,10,PPM,N,N,N 附錄一限值>1%,N,N,N,N,N 少量,,
5188-6524,7439-93-2,lithium,5,PPM,N,N,N 2目少量,N,N,N,N,N 少量,,
5188-6524,7440-02-0,nickel,10,PPM,N,N,N 2目少量,N,N,N,N,N 少量,,
5188-6524,7440/5/3,palladium,10,PPM,N,N,N,N,N,N,N,N 少量,,
5188-6524,7697-37-2,"nitric acid (Other than red fuming, with more than 70% nitric acid)",1,%,N,N,N 2目少量,N,N,N,N,N 少量,,
5188-6524,7439-88-5,iridium,5,PPM,N,N,N,N,N,N,N,N 少量,,
5188-6524,7440-31-5,tin,10,PPM,N,N,N,N,N,N,N,N 少量,,
5188-6524,7647-01-0,hydrogen chloride,10,%,N,N,N 2目少量,N,N 乙類，限值100%,N,N,N 少量,,
5188-6524,7440-32-6,titanium,5,PPM,N,N,N,N,N,N,N,N 少量,,
5188-6524,7440-36-0,antimony,10,PPM,N,N,N,N,N,N,N,N 少量,,
5188-6524,7440-18-8,ruthenium,10,PPM,N,N,N,N,N,N,N,N 少量,,
5188-6524,7440-56-4,germanium,10,PPM,N,N,N,N,N,N,N,N 少量,,
5188-6524,7732-18-5,water,88.893,%,N,N,N,N,N,N,N,N 少量,,
5188-6524,7439-98-7,molybdenum,10,PPM,N,N,N,N,N,N,N,N 少量,,
5188-6524,7664-39-3,hydrogen fluoride,0.1,%,N,N 限值0.1-10%,N 2目少量,N,N,N,N,N 少量,,關注+包裝
5190-0483,110-82-7,cyclohexane,1月5日,%,Y 4類，限值1%,N,N 2目少量,N,N,N,N,N 少量,毒化物,毒化物+包裝
5190-0483,95-47-6,o-Xylene,0.7102,%,N,N,N 2目少量,N,N,N,N,N 少量,,
5190-0483,779-02-2,9-Methylanthracene,0.071,%,N,N,N,N,N,N,N,N 少量,,
5190-0483,132-65-0,Dibenzothiophene,0.071,%,N,N,N,N,N,N,N,N 少量,,
5190-0483,142-82-5,Heptane,97.7273,%,N,N,N,N,N,N,N,N 年用量無超過,,
ICP-414,7732-18-5,water,99.3987,% (w/w),N,N,N,N,N,N,N,N 少量,,
ICP-414,7697-37-2,NITRIC ACID,0.495,% (w/w),N,N,N 2目少量,N,N,N,N,N 少量,,
ICP-414,7664-39-3,hydrofluoric acid,0.1,% (w/w),N,N 限值0.1-10%,N 2目少量,N,N,N,N,N 少量,,關注+包裝
ICP-414,16919-19-0,ammonium hexafluorosilicate,0.0063,% (w/w),N,N,N,N,N,N,N,N 少量,,
5190-8486,7439-97-6,Mercury,0.1,%,N 1類，限值95%,N,N 1目，限值1%,N,N,N,N,N 少量,,
5190-8486,7697-37-2,Nitric acid,4,%,N,N,N 2目少量,N,N,N,N,N 少量,,
5190-8486,7732-18-5,Water,95.9,%,N,N,N,N,N,N,N,N 少量,,
5190-9417,9010-34-8,Thyroglobulins,16.3934,%,N,N,N,N,N,N,N,N 少量,,
5190-9417,9007-83-4,"Globulins, γ-",16.3934,%,N,N,N,N,N,N,N,N 少量,,
5190-9417,9006-59-1,"Albumin, from chicken egg white (NAM;ZBAS)",16.3934,%,N,N,N,N,N,N,N,N 少量,,
5190-9417,100684-32-0,Myoglobin (NAM;ZBAS),8.1967,%,N,N,N,N,N,N,N,N 少量,,
5190-9417,4474-91-3,Angiotensin II,4.918,%,N,N,N,N,N,N,N,N 少量,,
5190-9417,13472-35-0,"Sodium dihydrogen phosphate, dihydrate",24.5902,%,N,N,N,N,N,N,N,N 少量,,
5190-9417,7558-79-4,Disodium hydrogenorthophosphate,13.1149,%,N,N,N,N,N,N,N,N 少量,,
PST-1935M1000,67-56-1,methanol,99.8766,% (w/w),N,N,N 2目少量,N,N,N,N,N 少量,,
PST-1935M1000,66215-27-8,cyromazine,0.1234,% (w/w),N,N,N,N,N,N,N,N 少量,,
PST-1470M1000,67-56-1,methanol,99.8736,% (w/w),N,N,N 2目少量,N,N,N,N,N 少量,,
PST-1470M1000,2631-40-5,isoprocarb,0.1264,% (w/w),N,N,N,N,N,N,N,N 少量,,
GS96-AB,67-68-5,dimethyl sulfoxide,86,%,N,N,N,N,N,N,N,N 少量,,
GS96-AB,25895-60-7,sodium cyanborohydride,14,%,N,N,N,N,N,N,N,N 少量,,
GS96-AB,64-19-7,acetic acid ... %,55,%,N,N,N 2目少量,N,N,N,N,N 少量,,
GS96-AB,67-68-5,dimethyl sulfoxide,35,%,N,N,N,N,N,N,N,N 少量,,
GS96-AB,88-68-6,anthranilamide,10,%,N,N,N,N,N,N,N,N 少量,,
IBF-168,7732-18-5,water,98.739,% (w/w),N,N,N,N,N,N,N,N 少量,,
IBF-168,6100-20-5,potassium tetraoxalate dihydrate,1.261,% (w/w),N,N,N,N,N,N,N,N 少量,,
EPA-1115-1,67-56-1,methanol,99.3679,% (w/w),N,N,N 2目少量,N,N,N,N,N 少量,,
EPA-1115-1,121-14-2,"2,4-dinitrotoluene",0.6321,% (w/w),N,N,N 2目少量,N,N,N,N,N 少量,,
X3760-64004,68037-01-4,"Dec-1-ene, homopolymer, hydrogenated Dec-1-ene, oligomers, hydrogenated",100,%,N,N,N,N,N,N,N,N 少量,,
AL-245720-500G,141-28-6,Diethyl adipate,99,%,N,N,N,N,N,N,N,N 少量,,
JT-9044-01,78-83-1,2-Methyl-1-propanol,100,%,N,N,N 2目少量,N,N,N,N,N 少量,,
AF-A13397-500ML,111-96-6,Diethylene Glycol Dimethyl Ether,99,%,N,N,Y 1目，限值1%,N,N,N,N,N 少量,優先化學品報備,
USPM-467A-1,67-68-5,dimethyl sulfoxide (methyl sulfoxide),99.5914,% (w/w),N,N,N,N,N,N,N,N 少量,,
USPM-467A-1,123-91-1,"1,4-dioxane",0.0908,% (w/w),N 1類，限值1%,N,N 2目少量,N,N,N,N,N 少量,,
USPM-467A-1,71-43-2,benzene,0.0908,% (w/w),"N 1,2類，限值70%",N,N 1目，限值1%,N,N,N,N,N 少量,,
USPM-467A-1,1975/9/2,METHYLENE DICHLORIDE,0.0908,% (w/w),N 4類，限值25%,N,N 2目少量,N,N,N,N,N 少量,,
USPM-467A-1,1979/1/6,trichloroethylene,0.0908,% (w/w),"N 1,2類，限值10%",N,N 附錄一限值>1%,N,N,N,N,N 少量,,
USPM-467A-1,67-66-3,chloroform,0.0454,% (w/w),N 1類，限值50%,N,N 2目少量,N,N,N,N,N 少量,,
USPM-467C-1,67-68-5,dimethyl sulfoxide (methyl sulfoxide),99.2308,% (w/w),N,N,N,N,N,N,N,N 少量,,
USPM-467C-1,1975/9/2,METHYLENE DICHLORIDE,0.4525,% (w/w),N 4類，限值25%,N,N 2目少量,N,N,N,N,N 少量,,
USPM-467C-1,71-43-2,benzene,0.0905,% (w/w),"N 1,2類，限值70%",N,N 1目，限值1%,N,N,N,N,N 少量,,
USPM-467C-1,123-91-1,"1,4-dioxane",0.0905,% (w/w),N 1類，限值1%,N,N 2目少量,N,N,N,N,N 少量,,
USPM-467C-1,1979/1/6,trichloroethylene,0.0905,% (w/w),"N 1,2類，限值10%",N,N 附錄一限值>1%,N,N,N,N,N 少量,,
USPM-467C-1,67-66-3,chloroform,0.0452,% (w/w),N 1類，限值50%,N,N 2目少量,N,N,N,N,N 少量,,
USPM-467D-1,67-56-1,methanol,98.9308,% (w/w),N,N,N 2目少量,N,N,N,N,N 少量,,
USPM-467D-1,1975/9/2,METHYLENE DICHLORIDE,0.6289,% (w/w),N 4類，限值25%,N,N 2目少量,N,N,N,N,N 少量,,
USPM-467D-1,71-43-2,benzene,0.1258,% (w/w),"N 1,2類，限值70%",N,N 1目，限值1%,N,N,N,N,N 少量,,
USPM-467D-1,123-91-1,"1,4-dioxane",0.1258,% (w/w),N 1類，限值1%,N,N 2目少量,N,N,N,N,N 少量,,
USPM-467D-1,1979/1/6,trichloroethylene,0.1258,% (w/w),"N 1,2類，限值10%",N,N 附錄一限值>1%,N,N,N,N,N 少量,,
USPM-467D-1,67-66-3,chloroform,0.0629,% (w/w),N 1類，限值50%,N,N 2目少量,N,N,N,N,N 少量,,
USPM-467J-1,67-68-5,dimethyl sulfoxide (methyl sulfoxide),86.8301,% (w/w),N,N,N,N,N,N,N,N 少量,,
USPM-467J-1,71-55-6,methyl chloroform,4.5413,% (w/w),N,N,N,N,N,N,Y,N 少量,空汙申請,
USPM-467J-1,75-35-4,"1,1-dichloroethene",3.6331,% (w/w),N 4類，限值25%,N,N,N,N,N,N,N 少量,,
USPM-467J-1,107-06-2,ethylene dichloride,2.2707,% (w/w),N 4類，限值15%,N,Y 1目，限值1%,N,N,N,N,N 少量,優先化學品報備,
USPM-467J-1,56-23-5,carbon tetrachloride,1.8165,% (w/w),N 1類，限值50%,N,N 2目少量,N,N,N,Y,N 少量,空汙申請,
USPM-467J-1,71-43-2,benzene,0.9083,% (w/w),"N 1,2類，限值70%",N,N 1目，限值1%,N,N,N,N,N 少量,,
USPM-467K-1,67-68-5,dimethyl sulfoxide (methyl sulfoxide),92.9744,% (w/w),N,N,N,N,N,N,N,N 少量,,
USPM-467K-1,110-82-7,cyclohexane,1月5日,% (w/w),Y 4類，限值1%,N,N 2目少量,N,N,N,N,N 少量,毒化物,毒化物+包裝
USPM-467K-1,67-56-1,methanol,1.3624,% (w/w),N,N,N 2目少量,N,N,N,N,N 少量,,
USPM-467K-1,108-38-3,"1,3-Dimethylbenzene",0.5913,% (w/w),N,N,N 2目少量,N,N,N,N,N 少量,,
USPM-467K-1,108-87-2,methylcyclohexane,0.5359,% (w/w),N,N,N,N,N,N,N,N 少量,,
USPM-467K-1,156-59-2,"cis-1,2-dichloroethene",0.4269,% (w/w),N 4類，限值25%,N,N,N,N,N,N,N 少量,,
USPM-467K-1,156-60-5,"trans-1,2-dichloroethene",0.4269,% (w/w),N 4類，限值25%,N,N,N,N,N,N,N 少量,,
USPM-467K-1,108-88-3,toluene,0.4042,% (w/w),N,N,N 2目少量,N,N 乙類，限值100%,N,N,N 年用量無超過,,
USPM-467K-1,109-99-9,tetrahydrofuran,0.327,% (w/w),N,N,N 2目少量,N,N,N,N,N 少量,,
USPM-467K-1,1975/9/2,METHYLENE DICHLORIDE,0.2725,% (w/w),N 4類，限值25%,N,N 2目少量,N,N,N,N,N 少量,,
USPM-467K-1,1975/5/8,acetonitrile,0.1862,% (w/w),N 4類，限值1%,N,N,N,N,N,N,N 少量,,
USPM-467K-1,123-91-1,"1,4-dioxane",0.1726,% (w/w),N 1類，限值1%,N,N 2目少量,N,N,N,N,N 少量,,
USPM-467K-1,100-41-4,ethylbenzene,0.1671,% (w/w),N 4類，限值70%,N,N,N,N,N,N,N 少量,,
USPM-467K-1,108-90-7,chlorobenzene,0.1635,% (w/w),N 1類，限值1%,N,N 2目少量,N,N,N,N,N 少量,,
USPM-467K-1,106-42-3,"1,4- Dimethylbenzene",0.1381,% (w/w),N,N,N 2目少量,N,N,N,N,N 少量,,
USPM-467K-1,95-47-6,"1,2-Dimethylbenzene",0.089,% (w/w),N,N,N 2目少量,N,N,N,N,N 少量,,
USPM-467L-1,67-68-5,dimethyl sulfoxide (methyl sulfoxide),99.5778,% (w/w),N,N,N,N,N,N,N,N 少量,,
USPM-467L-1,110-54-3,n-hexane,0.1317,% (w/w),N,N,N 2目少量,N,N,N,N,N 年用量無超過,,
USPM-467L-1,110-86-1,pyridine,0.0908,% (w/w),N 1類，限值1%,N,N,N,N,N,N,N 少量,,
USPM-467L-1,119-64-2,"1,2,3,4-tetrahydronaphthalene (tetralin)",0.0454,% (w/w),N,N,N,N,N,N,N,N 少量,,
USPM-467L-1,110-71-4,ethylene glycol dimethyl ether,0.0454,% (w/w),N,N,N 1目，限值1%,N,N,N,N,N 少量,,
USPM-467L-1,1979/1/6,trichloroethylene,0.0363,% (w/w),"N 1,2類，限值10%",N,N 附錄一限值>1%,N,N,N,N,N 少量,,
USPM-467L-1,67-66-3,chloroform,0.0272,% (w/w),N 1類，限值50%,N,N 2目少量,N,N,N,N,N 少量,,
USPM-467L-1,75-52-5,nitromethane,0.0227,% (w/w),N,N,N 2目少量,N,N,N,N,N 少量,,
USPM-467L-1,591-78-6,2-Hexanone,0.0227,% (w/w),N,N,N 2目少量,N,N,N,N,N 少量,,
USPM-467M-1,67-68-5,dimethyl sulfoxide (methyl sulfoxide),98.3151,% (w/w),N,N,N,N,N,N,N,N 少量,,
USPM-467M-1,127-19-5,"N,N-dimethylacetamide",0.495,% (w/w),N,N,N 2目少量,N,N,N,N,N 少量,,
USPM-467M-1,1968/12/2,"N,N-dimethylformamide",0.3996,% (w/w),N 2類，限值30%,N,N 2目少量,N,N,N,N,N 少量,,
USPM-467M-1,107-21-1,ethanediol,0.2816,% (w/w),N,N,N,N,N,N,N,N 少量,,
USPM-467M-1,872-50-4,N-methyl-2-pyrrolidone,0.2407,% (w/w),N,N,N 2目少量,N,N,N,N,N 少量,,
USPM-467M-1,1975/12/7,formamide,0.0999,% (w/w),"N 1,2類，限值10%",N,N,N,N,N,N,N 少量,,
USPM-467M-1,110-80-5,CELLOSOLVE,0.0727,% (w/w),N 2類，限值1%,N,N 2目少量,N,N,N,N,N 少量,,
USPM-467M-1,126-33-0,sulfolane (tetramethylene sulfone),0.0727,% (w/w),N,N,N,N,N,N,N,N 少量,,
USPM-467M-1,109-86-4,METHYL CELLOSOLVE,0.0227,% (w/w),N 2類，限值1%,N,N 2目少量,N,N,N,N,N 少量,,
USPM-467N-1,67-68-5,dimethyl sulfoxide (methyl sulfoxide),99.9156,% (w/w),N,N,N,N,N,N,N,N 少量,,
USPM-467N-1,110-54-3,n-hexane,0.0263,% (w/w),N,N,N 2目少量,N,N,N,N,N 年用量無超過,,
USPM-467N-1,110-86-1,pyridine,0.0182,% (w/w),N 1類，限值1%,N,N,N,N,N,N,N 少量,,
USPM-467N-1,119-64-2,"1,2,3,4-tetrahydronaphthalene (tetralin)",0.0091,% (w/w),N,N,N,N,N,N,N,N 少量,,
USPM-467N-1,110-71-4,ethylene glycol dimethyl ether,0.0091,% (w/w),N,N,N 1目，限值1%,N,N,N,N,N 少量,,
USPM-467N-1,1979/1/6,trichloroethylene,0.0073,% (w/w),"N 1,2類，限值10%",N,N 附錄一限值>1%,N,N,N,N,N 少量,,
USPM-467N-1,67-66-3,chloroform,0.0054,% (w/w),N 1類，限值50%,N,N 2目少量,N,N,N,N,N 少量,,
USPM-467N-1,75-52-5,nitromethane,0.0045,% (w/w),N,N,N 2目少量,N,N,N,N,N 少量,,
USPM-467N-1,591-78-6,2-Hexanone,0.0045,% (w/w),N,N,N 2目少量,N,N,N,N,N 少量,,
8500-8510,3330-16-3,"2H-PERFLUORO-5,8-DIMETHYL-3,6,9-TRIOXADODECANE",100,% (w/w),N,N,N,N,N,Y,N,N 少量,新化學物質,
PST-1870A1000,1975/5/8,acetonitrile,95-100,% (w/w),Y 4類，限值1%,N,N,N,N,N,N,N 少量,毒化物,毒化物+包裝
PST-1870A1000,71751-41-2,abamectin,0.127,% (w/w),N,N,N 2目少量,N,N,N,N,N 少量,,
12108206,9003-70-7,"Benzene, diethenyl-, polymer with ethenylbenzene",100,%,N,N,N,N,N,N,N,N 少量,,
12108603,9003-70-7,"Benzene, diethenyl-, polymer with ethenylbenzene",100,%,N,N,N,N,N,N,N,N 少量,,
GC23-7620-C25,7784-42-1,ARSINE,100,%,N,N,N 附錄一限值>1%,N,N,N,N,N 少量,,
GC23-7142-C25,463-58-1,CARBONYL SULFIDE,300,PPM,N,N,N,N,N,N,N,N 少量,,
GC23-7630-C25,7803-51-2,Phosphine,95-100,%,Y 3類，限值1%,N,N,N,N,N,N,N 少量,毒化物,毒化物+包裝
GC23-7002-C25,7783/6/4,Hydrogen Sulfide,99.5,%,N,N,N 2目少量,N,N,N,N,N 少量,,
12198008,68855-54-9,"Kieselguhr, soda ash flux-calcined",< 100,%,N,N,N,N,N,N,N,N 少量,,
12198008,14464-46-1,Cristobalite,< 50,%,N,N,Y 1目，限值1%,N,N,N,N,N 少量,優先化學品報備,
12198008,14808-60-7,Quartz (SiO2),< 4,%,N,N,N,N,N,N,N,N 少量,,
ICC-010,7732-18-5,water,99.8694,% (w/w),N,N,N,N,N,N,N,N 少量,,
ICC-010,7758/1/2,potassium bromate,0.1306,% (w/w),N 4類，限值1%,N,N,N,N,N,N,N 少量,,
ICM-101,10022-31-8,barium nitrate,0.019,% (w/w),N,N,N,N,N,N,N,N 少量,,
ICM-101,10022-68-1,cadmium nitrate tetrahydrate,0.0274,% (w/w),N,N,N,N,N,N,N,N 少量,,
ICM-101,10026-22-9,cobalt nitrate hexahydrate,0.0494,% (w/w),N,N,N 1目，限值1%,N,N,N,N,N 少量,,
ICM-101,10042-76-9,strontium nitrate,0.0242,% (w/w),N,N,N 2目少量,N,N,N,N,N 少量,,
ICM-101,10043-35-3,ORTHOBORIC ACID,0.0572,% (w/w),N,N,N 1目，限值1%,N,N,N,N,N 少量,,
ICM-101,10099-74-8,lead (II) nitrate,0.016,% (w/w),N,N,N 附錄一限值>1%,N,N,N,N,N 少量,,
ICM-101,10102-45-1,thallium (I) nitrate,0.013,% (w/w),N,N,N,N,N,N,N,N 少量,,
ICM-101,10196-18-6,zinc nitrate hexahydrate,0.0455,% (w/w),N,N,N,N,N,N,N,N 少量,,
ICM-101,10377-66-9,manganese (II) nitrate,0.0326,% (w/w),N,N,N,N,N,N,N,N 少量,,
ICM-101,13446-18-9,magnesium nitrate hexahydrate,0.1055,% (w/w),N,N,N,N,N,N,N,N 少量,,
ICM-101,13478-00-7,nickel (II) nitrate hexahydrate,0.0496,% (w/w),N,N,N 1目，限值1%,N,N,N,N,N 少量,,
ICM-101,3251-23-8,copper (II) nitrate,0.0295,% (w/w),N,N,N 2目少量,N,N,N,N,N 少量,,
ICM-101,471-34-1,calcium carbonate,0.025,% (w/w),N,N,N,N,N,N,N,N 少量,,
ICM-101,543-81-7,beryllium acetate,0.141,% (w/w),N,N,N,N,N,Y,N,N,新化學物質,
ICM-101,554-13-2,lithium carbonate,0.0532,% (w/w),N,N,N,N,N,N,N,N 少量,,
ICM-101,7440-55-3,gallium,0.01,% (w/w),N,N,N,N,N,N,N,N 少量,,
ICM-101,7440-69-9,PURE BISMUTH,0.01,% (w/w),N,N,N,N,N,N,N,N 少量,,
ICM-101,7446/7/3,tellurium (IV) oxide,0.0125,% (w/w),N,N,N,N,N,N,N,N 少量,,
ICM-101,7446/8/4,selenium (IV) oxide,0.0141,% (w/w),N,N,N,N,N,N,N,N 少量,,
ICM-101,7631-99-4,sodium nitrate,0.037,% (w/w),N,N,N 2目少量,N,N,N,N,N 少量,,
ICM-101,7664-39-3,hydrofluoric acid,0.1,% (w/w),N,N 限值0.1-10%,N 2目少量,N,N,N,N,N 少量,,關注+包裝
ICM-101,7697-37-2,NITRIC ACID,4.95,% (w/w),N,N,N 2目少量,N,N,N,N,N 少量,,
ICM-101,7732-18-5,water,93.838,% (w/w),N,N,N,N,N,N,N,N 少量,,
ICM-101,7757-79-1,potassium nitrate,0.0259,% (w/w),N,N,N 2目少量,N,N,N,N,N 年用量無超過,,
ICM-101,7782-61-8,iron (III) nitrate nonahydrate,0.0724,% (w/w),N,N,N 2目少量,N,N,N,N,N 少量,,
ICM-101,7784-27-2,aluminum nitrate nonahydrate,0.1391,% (w/w),N,N,N,N,N,N,N,N 少量,,
ICM-101,7789/2/8,chromium (III) nitrate nonahydrate,0.1029,% (w/w),N,N,N,N,N,N,N,N 少量,,
ICP-044,14898-67-0,ruthenium (III) chloride hydrate,0.2052,% (w/w),N,N,N,N,N,N,N,N 少量,,
ICP-044,7647-01-0,hydrochloric acid,2.19,% (w/w),N,N,N 2目少量,N,N 乙類，限值100%,N,N,N 少量,,
ICP-044,7732-18-5,water,97.6048,% (w/w),N,N,N,N,N,N,N,N 少量,,
ICP-072,12055-23-1,hafnium (IV) oxide,0.1179,% (w/w),N,N,N,N,N,N,N,N 少量,,
ICP-072,7647-01-0,hydrochloric acid,0.438,% (w/w),N,N,N 2目少量,N,N 乙類，限值100%,N,N,N 少量,,
ICP-072,7664-39-3,hydrofluoric acid,0.1,% (w/w),N,N 限值0.1-10%,N 2目少量,N,N,N,N,N 少量,,關注+包裝
ICP-072,7732-18-5,water,99.3441,% (w/w),N,N,N,N,N,N,N,N 少量,,
ICP-077,14996-61-3,iridium trichloride hydrate,0.1553,% (w/w),N,N,N,N,N,N,N,N 少量,,
ICP-077,7647-01-0,hydrochloric acid,2.19,% (w/w),N,N,N 2目少量,N,N 乙類，限值100%,N,N,N 少量,,
ICP-077,7732-18-5,water,97.6547,% (w/w),N,N,N,N,N,N,N,N 少量,,
ICP-083,7440-69-9,PURE BISMUTH,0.1,% (w/w),N,N,N,N,N,N,N,N 少量,,
ICP-083,7697-37-2,NITRIC ACID,1.4,% (w/w),N,N,N 2目少量,N,N,N,N,N 少量,,
ICP-083,7732-18-5,water,98.5,% (w/w),N,N,N,N,N,N,N,N 少量,,
ICP-126,7697-37-2,NITRIC ACID,1.4,% (w/w),N,N,N 2目少量,N,N,N,N,N 少量,,
ICP-126,7732-18-5,water,91.3641,% (w/w),N,N,N,N,N,N,N,N 少量,,
ICP-126,7782-61-8,iron (III) nitrate nonahydrate,7.2359,% (w/w),N,N,N 2目少量,N,N,N,N,N 少量,,
IMS-112,1312-43-2,indium (III) oxide,0.0121,% (w/w),N,N,N,N,N,N,N,N 少量,,
IMS-112,7697-37-2,NITRIC ACID,1.98,% (w/w),N,N,N 2目少量,N,N,N,N,N 少量,,
IMS-112,7732-18-5,water,98.0079,% (w/w),N,N,N,N,N,N,N,N 少量,,
IMS-115,1314-36-9,yttrium oxide,0.0127,% (w/w),N,N,N,N,N,N,N,N 少量,,
IMS-115,7697-37-2,NITRIC ACID,1.98,% (w/w),N,N,N 2目少量,N,N,N,N,N 少量,,
IMS-115,7732-18-5,water,98.0073,% (w/w),N,N,N,N,N,N,N,N 少量,,
12256014,1343-88-0,"Silicic acid, magnesium salt",100,% (w/w),N,N,N,N,N,N,N,N 少量,,
12256022,1343-88-0,"Silicic acid, magnesium salt",100,% (w/w),N,N,N,N,N,N,N,N 少量,,
G1969-85026,110-82-7,Cyclohexane,10月15日,%,Y 4類，限值1%,N,N 2目少量,N,N,N,N,N 少量,毒化物,毒化物+包裝
G1969-85026,67-63-0,Isopropanol,46.7981,%,N,N,N 2目少量,N,N,N,N,N 少量,,
G1969-85026,1975/5/8,Acetonitrile,20-25,%,Y 4類，限值1%,N,N,N,N,N,N,N 少量,毒化物,毒化物+包裝
G1969-85026,1975/9/2,Methylene chloride,15.8052,%,N 4類，限值25%,N,N 2目少量,N,N,N,N,N 少量,,
5190-8356,7440-38-2,Arsenic,1,%,N,N,N 附錄一限值>1%,N,N,N,N,N 少量,,
5190-8356,7697-37-2,Nitric acid,5,%,N,N,N 2目少量,N,N,N,N,N 少量,,
5190-8356,7732-18-5,Water,94,%,N,N,N,N,N,N,N,N 少量,,
6610030000,7697-37-2,Nitric acid,4.5,% (w/w),N,N,N 2目少量,N,N,N,N,N 少量,,
6610030000,7757-79-1,Potassium nitrate,0.05,% (w/w),N,N,N 2目少量,N,N,N,N,N 年用量無超過,,
6610030000,10022-31-8,Barium nitrate,0.005,% (w/w),N,N,N,N,N,N,N,N 少量,,
6610030000,7440-43-9,Cadmium 鎘,0.005,% (w/w),"N 第2,3類，限值95%",N,N 2目少量,N,N,N,N,N 少量,,
6610030000,7440-48-4,Cobalt,0.005,% (w/w),N,N,N 2目少量,N,N,N,N,N 少量,,
6610030000,7789/2/8,"Chromium(III) nitrate, nonahydrate (1:3:9)",0.005,% (w/w),N,N,N,N,N,N,N,N 少量,,
6610030000,7440-50-8,Copper,0.005,% (w/w),N,N,N,N,N,N,N,N 少量,,
6610030000,17141-63-8,Manganese(II) nitrate hexahydrate,0.005,% (w/w),N,N,N,N,N,N,N,N 少量,,
6610030000,13106-76-8,Ammonium molybdate(VI),0.005,% (w/w),N,N,N,N,N,N,N,N 少量,,
6610030000,7440-02-0,Nickel,0.005,% (w/w),N,N,N 2目少量,N,N,N,N,N 少量,,
6610030000,7439-92-1,Lead 鉛,0.005,% (w/w),N,N,N 附錄一限值>1%,N,N,N,N,N 少量,,
6610030000,7783-00-8,Selenious acid,0.005,% (w/w),N,N,N,N,N,N,N,N 少量,,
6610030000,10042-76-9,Strontium nitrate,0.005,% (w/w),N,N,N 2目少量,N,N,N,N,N 少量,,
6610030000,7440-66-6,Zinc,0.005,% (w/w),N,N,N 2目少量,N,N,N,N,N 少量,,
6610030000,7440-38-2,Arsenic,0.005,% (w/w),N,N,N 附錄一限值>1%,N,N,N,N,N 少量,,
6610030000,7784-27-2,"Aluminum(III) nitrate, nonahydrate (1:3:9)",0.005,% (w/w),N,N,N,N,N,N,N,N 少量,,
6610030000,7732-18-5,Water,95.38,% (w/w),N,N,N,N,N,N,N,N 少量,,
D-5442-R1,124-18-5,n-Decane,0.01,%,N,N,N,N,N,N,N,N 少量,,
D-5442-R1,112-40-3,n-Dodecane,0.01,%,N,N,N,N,N,N,N,N 少量,,
D-5442-R1,629-59-4,n-Tetradecane,0.01,%,N,N,N,N,N,N,N,N 少量,,
D-5442-R1,544-76-3,n-Hexadecane,0.01,%,N,N,N,N,N,N,N,N 少量,,
D-5442-R1,593-45-3,n-Octadecane,0.01,%,N,N,N,N,N,N,N,N 少量,,
D-5442-R1,112-95-8,n-Eicosane,0.01,%,N,N,N,N,N,N,N,N 少量,,
D-5442-R1,629-97-0,n-Docosane,0.01,%,N,N,N,N,N,N,N,N 少量,,
D-5442-R1,646-31-1,n-Tetracosane,0.01,%,N,N,N,N,N,N,N,N 少量,,
D-5442-R1,630-01-3,n-Hexacosane,0.01,%,N,N,N,N,N,N,N,N 少量,,
D-5442-R1,630-02-4,n-Octacosane,0.01,%,N,N,N,N,N,N,N,N 少量,,
D-5442-R1,638-68-6,n-Triacontane,0.01,%,N,N,N,N,N,N,N,N 少量,,
D-5442-R1,544-85-4,n-Dotriacontane,0.01,%,N,N,N,N,N,N,N,N 少量,,
D-5442-R1,14167-59-0,n-Tetratriacontane,0.01,%,N,N,N,N,N,N,N,N 少量,,
D-5442-R1,630-06-8,n-Hexatriacontane,0.01,%,N,N,N,N,N,N,N,N 少量,,
D-5442-R1,7194-85-6,n-Octatriacontane,0.01,%,N,N,N,N,N,N,N,N 少量,,
D-5442-R1,4181-95-7,n-Tetracontane,0.01,%,N,N,N,N,N,N,N,N 少量,,
D-5442-R1,7098-22-8,n-Tetratetracontane,0.01,%,N,N,N,N,N,N,N,N 少量,,
D-5442-R1,6596-40-3,n-Pentacontane,0.01,%,N,N,N,N,N,N,N,N 少量,,
D-5442-R1,110-82-7,cyclohexane,95-100,%,Y 4類，限值1%,N,N 2目少量,N,N,N,N,N 少量,毒化物,毒化物+包裝
AS-D-4815-VT-PAK,637-92-3,tert-Butyl ethyl ether,9.409,%,N,N,N,N,N,N,N,N 少量,,
AS-D-4815-VT-PAK,108-20-3,Isopropyl ether,9.98001,%,N,N,N,N,N,N,N,N 少量,,
AS-D-4815-VT-PAK,110-54-3,n-hexane,60,%,N,N,N 2目少量,N,N,N,N,N 年用量無超過,,
AS-D-4815-VT-PAK,96-37-7,methylcyclopentane,9.92016,%,N,N,N,N,N,N,N,N 少量,,
AS-D-4815-VT-PAK,1634-04-4,tert-butylmethyl ether (MTBE),10,%,N 4類，限值20%,N,N,N,N,N,N,N 少量,,
A802190,2804/5/9,AZAPEROL,0.98,,N,N,N,N,N,N,N,N 少量,,
DVE-118112,64-17-5,ETHANOL,7.9773,,N,N,N,N,N,N,N,N 少量,,
DVE-118112,109-66-0,N-PENTANE,1.9965,,N,N,N 2目少量,N,N,N,N,N 少量,,
DVE-118112,75-65-0,T-BuTANOL ,0.5002,,N,N,N,N,N,N,N,N 少量,,
DVE-118112,513-35-9,2-METHYLBUTENE-2 ,2.4932,,N,N,N,N,N,N,N,N 少量,,
DVE-118112,79-29-8,"2,3-DIMETHYLBUTANE",0.5077,,N,N,N,N,N,N,N,N 少量,,
DVE-118112,1634-04-4,MTBE ,9.9696,,N 4類，限值20%,N,N,N,N,N,N,N 少量,,
DVE-118112,110-54-3,N-HEXANE,2.0016,,N,N,N 2目少量,N,N,N,N,N 年用量無超過,,
DVE-118112,693-89-0,1-METHYLCYCLOPENTENE ,0.4975,,N,N,N,N,N,N,N,N 少量,,
DVE-118112,71-43-2,BENZENE,0.9981,,"N 1,2類，限值70%",N,N 1目，限值1%,N,N,N,N,N 少量,,
DVE-118112,110-82-7,cyclohexane,25-30,,Y 4類，限值1%,N,N 2目少量,N,N,N,N,N 少量,毒化物,毒化物+包裝
DVE-118112,617-78-7,3-ETHYLPENTANE ,0.2026,,N,N,N,N,N,N,N,N 少量,,
DVE-118112,822-50-4,"1,2 t-DIMETHYLCYCLOPENTANE",0.4995,,N,N,N,N,N,Y,N,N 少量,新化學物質,
DVE-118112,142-82-5,N-HEPTANE ,2.0026,,N,N,N,N,N,N,N,N 少量,,
DVE-118112,560-21-4,"2,3,3-TRIMETHYLPENTANE",0.4965,,N,N,N,N,N,N,N,N 少量,,
DVE-118112,108-88-3,TOLUENE ,6.9755,,N,N,N 2目少量,N,N 乙類，限值100%,N,N,N 年用量無超過,,
DVE-118112,111-65-9,N-OCTANE ,1.9965,,N,N,N,N,N,N,N,N 少量,,
DVE-118112,100-41-4,ETHYLBENZENE ,24.9068,,N 4類，限值70%,N,N,N,N,N,N,N 少量,,
DVE-118112,106-42-3,P-XYLENE ,0.9977,,N,N,N 2目少量,N,N,N,N,N 少量,,
DVE-118112,3074-71-3,"2,3-DIMETHYLHEPTANE",0.2001,,N,N,N,N,N,N,N,N 少量,,
DVE-118112,111-84-2,N-NONANE ,1.9997,,N,N,N,N,N,N,N,N 少量,,
DVE-118112,15869-85-9,5-METHYLNONANE ,0.1988,,N,N,N,N,N,N,N,N 少量,,
DVE-118112,611-14-3,1-METHYL— 2-ETHYLBENZENE ,0.5006,,N,N,N,N,N,N,N,N 少量,,
DVE-118112,124-18-5,N-DECANE,0.9979,,N,N,N,N,N,N,N,N 少量,,
DVE-118112,1120-21-4,N-UNDECANE ,0.4985,,N,N,N,N,N,N,N,N 少量,,
DVE-118112,527-53-7,"1 ,2,3,5-TETRAMETHYLBENZENE ",0.2541,,N,N,N,N,N,N,N,N 少量,,
DVE-118112,91-20-3,NAPHTHALENE ,0.5128,,N,N,N 2目少量,N,N,N,N,N 年用量無超過,,
DVE-118112,112-40-3,N-DODECANE,0.2488,,N,N,N,N,N,N,N,N 少量,,
DVE-118112,90-12-0,1-METHYLNAPHTHALENE,0.2568,,N,N,N,N,N,N,N,N 少量,,
DVE-118112,629-50-5,N-TRIDECANE ,0.2487,,N,N,N,N,N,N,N,N 少量,,
DVE-108355(已確認),109-66-0,N-PENTANE ,9.4016,,N,N,N 2目少量,N,N,N,N,N 少量,,
DVE-108355(已確認),110-54-3,N-HEXANE ,9.5293,,N,N,N 2目少量,N,N,N,N,N 年用量無超過,,
DVE-108355(已確認),142-82-5,N-HEPTANE ,9.833,,N,N,N,N,N,N,N,N 少量,,
DVE-108355(已確認),112-40-3 ,N-OCTANE ,9.5602,,N,N,N,N,N,N,N,N 少量,,
DVE-108355(已確認),111-65-9,N-NONANE ,9.0525,,N,N,N,N,N,N,N,N 少量,,
DVE-108355(已確認),111-84-2,N-DECANE ,9.2594,,N,N,N,N,N,N,N,N 少量,,
DVE-108355(已確認),124-18-5,N-UNDECANE ,9.3183,,N,N,N,N,N,N,N,N 少量,,
DVE-108355(已確認),1120-21-4,N-DODECANE ,9.193,,N,N,N,N,N,N,N,N 少量,,
DVE-108355(已確認),629-59-4,N-TRIDECANE ,8.9365,,N,N,N,N,N,N,N,N 少量,,
DVE-108355(已確認),629-50-5 ,N-TETRADECANE,8.8164,,N,N,N,N,N,N,N,N 少量,,
DVE-108355(已確認),629-62-9 ,N-PENTADECANE ,7.0999,,N,N,N,N,N,N,N,N 少量,,
DVE-122324,109-66-0,N-Pentane,5.232,,N,N,N 2目少量,N,N,N,N,N 少量,,
DVE-122324,110-54-3 ,N-Hexane,5.216,,N,N,N 2目少量,N,N,N,N,N 年用量無超過,,
DVE-122324,142-82-5 ,N-Heptane,5.216,,N,N,N,N,N,N,N,N 少量,,
DVE-122324,111-65-9,N-Octane ,5.22,,N,N,N,N,N,N,N,N 少量,,
DVE-122324,111-84-2 ,N-Nonane,5.249,,N,N,N,N,N,N,N,N 少量,,
DVE-122324,124-18-5,N-Decane ,5.225,,N,N,N,N,N,N,N,N 少量,,
DVE-122324,1120-21-4 ,N-Undecane,5.227,,N,N,N,N,N,N,N,N 少量,,
DVE-122324,112-40-3,N-Dodecane,5.237,,N,N,N,N,N,N,N,N 少量,,
DVE-122324,629-50-5,N-Tridecane,5.257,,N,N,N,N,N,N,N,N 少量,,
DVE-122324,629-59-4,N-Tetradecane,5.219,,N,N,N,N,N,N,N,N 少量,,
DVE-122324,629-62-9 ,N-Pentadecane ,5.224,,N,N,N,N,N,N,N,N 少量,,
DVE-122324,544-76-3,N-Hexadecane ,5.229,,N,N,N,N,N,N,N,N 少量,,
DVE-122324,629-78-7 ,N-Heptadecane ,5.23,,N,N,N,N,N,N,N,N 少量,,
DVE-122324,593-45-3,Octadecane ,5.221,,N,N,N,N,N,N,N,N 少量,,
DVE-122324,112-95-8,Eicosane ,5.236,,N,N,N,N,N,N,N,N 少量,,
DVE-122324,629-97-0 ,Docosane ,5.214,,N,N,N,N,N,N,N,N 少量,,
DVE-122324,646-31-1,Tetracosane ,5.209,,N,N,N,N,N,N,N,N 少量,,
DVE-122324,630-01-3,Hexacosane ,5.218,,N,N,N,N,N,N,N,N 少量,,
DVE-122324,630-02-4,Octacosane,5.215,,N,N,N,N,N,N,N,N 少量,,
DVE-108343,25377-72-4,Pentene,2.176,,N,N,N,N,N,Y,N,N,新化學物質,
DVE-108343,109-67-1,1-Pentene,1~2%,,N,N,N 2目少量,N,N,N,N,N 少量,,
DVE-108343,592-41-6,1-Hexene,2.336,,N,N,N,N,N,N,N,N 少量,,
DVE-108343,25339-56-4,Heptene,2.325,,N,N,N,N,N,N,N,N 少量,,
DVE-108343,111-66-0,1-Octene,2.372,,N,N,N,N,N,N,N,N 少量,,
DVE-108343,27215-95-8,Nonene,2.364,,N,N,N,N,N,N,N,N 少量,,
DVE-108343,872-05-9,1-Decene,2.315,,N,N,N,N,N,N,N,N 少量,,
DVE-108343,28761-27-5,Undecene,2.312,,N,N,N,N,N,N,N,N 少量,,
DVE-108343,821-95-4,1-UNDECENE,1~2%,,N,N,N,N,N,N,N,N 少量,,
DVE-108343,112-41-4,1-Dodecene,2.377,,N,N,N,N,N,N,N,N 少量,,
DVE-108343,71-43-2,Benzene,2.342,,"N 1,2類，限值70%",N,Y 1目，限值1%,N,N,N,N,N 少量,優先化學品報備,
DVE-108343,108-88-3,Toluene,2.446,,N,N,N 2目少量,N,N 乙類，限值100%,N,N,N 年用量無超過,,
DVE-108343,100-41-4,Ethyl benzene (Ethylbenzene),2.39,,N 4類，限值70%,N,N,N,N,N,N,N 少量,,
DVE-108343,103-65-1,Propylbenzene,2.335,,N,N,N,N,N,N,N,N 少量,,
DVE-108343,104-51-8,n-Butylbenzene,2.423,,N,N,N,N,N,N,N,N 少量,,
DVE-108343,538-68-1,Pentylbenzene,2.336,,N,N,N,N,N,N,N,N 少量,,
DVE-108343,109-66-0,Pentane,2.321,,N,N,N 2目少量,N,N,N,N,N 少量,,
DVE-108343,110-54-3,Hexane,2.334,,N,N,N 2目少量,N,N,N,N,N 年用量無超過,,
DVE-108343,142-82-5,n-Heptane,2.318,,N,N,N,N,N,N,N,N 少量,,
DVE-108343,111-65-9,Octane,2.31,,N,N,N,N,N,N,N,N 少量,,
DVE-108343,111-84-2,n-Nonane,2.325,,N,N,N,N,N,N,N,N 少量,,
DVE-108343,124-18-5,n-Decane,2.32,,N,N,N,N,N,N,N,N 少量,,
DVE-108343,1120-21-4,n-Undecane,2.314,,N,N,N,N,N,N,N,N 少量,,
DVE-108343,112-40-3,n-Dodecane,2.33,,N,N,N,N,N,N,N,N 少量,,
DVE-108343,110-82-7,cyclohexane,1月5日,,Y 4類，限值1%,N,N 2目少量,N,N,N,N,N 少量,毒化物,毒化物+包裝
DVE-108343,108-87-2,Methylcyclohexane,2.345,,N,N,N,N,N,N,N,N 少量,,
DVE-108343,1678-91-7,Ethylcyclohexane,2.384,,N,N,N,N,N,N,N,N 少量,,
DVE-108343,1678-92-8,Propylcyclohexane,2.348,,N,N,N,N,N,N,N,N 少量,,
DVE-108343,1678-93-9,Butylcyclohexane,2.302,,N,N,N,N,N,N,N,N 少量,,
DVE-108343,4292-92-6,Pentylcyclohexane,2.319,,N,N,N,N,N,N,N,N 少量,,
DVE-108343,98-82-8,Cumene,1.808,,N 4類，限值1%,N,N,N,N,N,N,N 少量,,
DVE-108343,563-79-1,"2,3-Dimethyl-2-Butene",2.014,,N,N,N,N,N,N,N,N 少量,,
DVE-108343,95-93-2,"1,2,4,5-Tetramethylbenzene",1.248,,N,N,N,N,N,N,N,N 少量,,
DVE-108343,106-42-3,p-Xylene,3.27,,N,N,N 2目少量,N,N,N,N,N 少量,,
DVE-108343,95-63-6,"1,2,4-Trimethylbenzene",1.711,,N,N,N,N,N,N,N,N 年用量無超過,,
DVE-108343,108-67-8,"1,3,5-Trimethylbenzene",1.466,,N,N,N,N,N,N,N,N 少量,,
DVE-108343,78-78-4,Isopentane,1.876,,N,N,N 2目少量,N,N,N,N,N 少量,,
DVE-108343,108-08-7,"2,4-Dimethylpentane",1~2%,,N,N,N,N,N,N,N,N 少量,,
DVE-108343,107-83-5,2-Methylpentane,1~2%,,N,N,N,N,N,N,N,N 少量,,
DVE-108343,96-14-0,3-Methylpentane,1~2%,,N,N,N,N,N,N,N,N 少量,,
DVE-108343,620-14-4,3-Ethyl Toluene,1~2%,,N,N,N,N,N,N,N,N 少量,,
DVE-108343,565-59-3,"2,3-Dimethylpentane",1~2%,,N,N,N,N,N,N,N,N 少量,,
DVE-108343,75-83-2,"2,2-Dimethylbuntane",1~2%,,N,N,N,N,N,N,N,N 少量,,
DVE-108343,538-93-2,Isobutylbenzene,1~2%,,N,N,N,N,N,N,N,N 少量,,
DVE-108343,15870-10-7,2-Methyl-1-Heptene,1~2%,,N,N,N,N,N,N,N,N 少量,,
DVE-108343,594-56-9,"2,3,3-Trimethyl-1-Butene",1~2%,,N,N,N,N,N,N,N,N 少量,,
DVE-108343,540-84-1,"2,2,4-Trimethylpentane",1~2%,,N,N,N,N,N,N,N,N 少量,,
DVE-108343,91-17-8,Decalin,1~2%,,N,N,N 2目少量,N,N,N,N,N 少量,,
PL2014-3001,9003-53-6,"Styrene, oligomers (Beads, expandable)",100,%,N,N,N,N,N,N,N,N 少量,,
PSS-PS5.6K,9003-53-6,"Styrene, oligomers (Beads, expandable)",100,%,N,N,N,N,N,N,N,N 少量,,
0005214,9003-53-6,Polystyrene,100,% (w/w),N,N,N,N,N,N,N,N 少量,,
CRM47885,1975/9/2,Dichloromethane(Methylenechloride),95-100,%,Y 4類，限值25%,N,N 2目少量,N,N,N,N,N 少量,毒化物,毒化物+包裝
PFS-537-APDS,67-56-1,Methanol,99.993,%,N,N,N 2目少量,N,N,N,N,N 少量,,
PFS-537-APDS,1310-73-2,Sodium hydroxide,0.0016,%,N,N,N 2目少量,N,N,N,N,N 少量,,
PFS-537-APDS,13252-13-6,Tetrafluoro-2-(heptafluoropropoxy)propanoic acid (HFPO-DA),0.0003,%,N,N,N,N,N,N,N,N 少量,,
PFS-537-APDS,2991-50-6,N-ethyl perfluorooctanesulfonamidoacetic acid - mixed isomers (N-EtFOSAA),0.0003,%,N,N,N,N,N,Y,N,N,新化學物質,
PFS-537-APDS,2355-31-9,N-methylperfluorooctanesulfonamidoacetic acid - mixed isomers (N-MeFOSAA),0.0003,%,N,N,N,N,N,Y,N,N,新化學物質,
PFS-537-APDS,29420-49-3,Perfluorobutanesulfonate - K salt (PFBS),0.0003,%,N,N,N,N,N,N,N,N 少量,,
PFS-537-APDS,3830-45-3,Perfluorodecanoic acid - Na salt (PFDA),0.0003,%,N,N,N,N,N,Y,N,N,新化學物質,
PFS-537-APDS,307-67-5,Perfluorododecanoic acid - Na salt (PFDoA),0.0003,%,N,N,N,N,N,Y,N,N,新化學物質,
PFS-537-APDS,375-85-9,Perfluoroheptanoic acid (PFHPA),0.0003,%,N,N,N,N,N,N,N,N 少量,,
PFS-537-APDS,3871-99-6,Perfluorohexane sulfonic acid (PFHxS) potassium salt,0.0003,%,N,N,N,N,N,N,N,N 少量,,
PFS-537-APDS,2923-26-4,Perfluorohexanoic acid - Na salt (PFHxA),0.0003,%,N,N,N,N,N,Y,N,N,新化學物質,
PFS-537-APDS,375-95-1,Perfluorononanoic acid (PFNA),0.0003,%,N,N,N,N,N,N,N,N 少量,,
PFS-537-APDS,1763-23-1,Perfluorooctane sulfonic acid (PFOS),0.0001-0.5,%,"Y 1,2,4類，現改為全濃度，原限值0.01%",N,N,N,N,N,N,N 少量,毒化物,毒化物+包裝
PFS-537-APDS,335-67-1,Perfluorooctanoic acid (PFOA),0.0001-0.5,%,"Y 1,2,4類，現改為全濃度，原限值0.01%",N,N,N,N,N,N,N 少量,毒化物,毒化物+包裝
PFS-537-APDS,376-06-7,Perfluorotetradecanoic acid (PFTA),0.0003,%,N,N,N,N,N,N,N,N 少量,,
PFS-537-APDS,72629-94-8,Perfluorotridecanoic acid (PFTrDA),0.0003,%,N,N,N,N,N,N,N,N 少量,,
PFS-537-APDS,60871-96-7,Perfluoroundecanoic acid - Na salt (PFUnA),0.0003,%,N,N,N,N,N,Y,N,N,新化學物質,
PFS-537-APDS,11-chloroeicosafluoro-3-oxaundecane-1-sulfonic acid - K salt (11Cl-PF3OUDS),83329-89-9,0.0003,%,N,N,N,N,N,Y,N,N,新化學物質,
PFS-537-APDS,73606-19-6,9-chlorohexadecafluoro-3-oxanone-1-sulfonic acid - K salt (9Cl-PF3ONS),0.0003,%,N,N,N,N,N,Y,N,N,新化學物質,
PFS-537-APDS,2250081-67-3,"Dodecafluoro-3H-4,8-dioxanonanoic acid - Na salt (NaDONA)",0.0003,%,N,N,N,N,N,Y,N,N,新化學物質,
PSS-DXTKIT,9004-54-0,Dextran,1,%,N,N,N,N,N,N,N,N 少量,,
PSS-PDM311,63148-62-9,"Siloxanes and Silicones, di-Me",1,%,N,N,N,N,N,N,N,N 少量,,
PSS-PDM1.5K,63148-62-9,"Siloxanes and Silicones, di-Me",1,%,N,N,N,N,N,N,N,N 少量,,
AS-D-6379-SRS,110-82-7,Cyclohexane,1月5日,%,Y 4類，限值1%,N,N 2目少量,N,N,N,N,N 少量,毒化物,毒化物+包裝
AS-D-6379-SRS,95-47-6,"1,2-Dimethylbenzene",0.05,%,N,N,N 2目少量,N,N,N,N,N 少量,,
AS-D-6379-SRS,1-Methylnaphthalene                                                                                                                 ,90-12-0,0.005,%,N,N,N,N,N,N,N,N 少量,,
AS-D-6379-SRS,142-82-5,n-Heptane,98.945,%,N,N,N,N,N,N,N,N 少量,,
AS-D-6379-SRS-PAK,110-82-7,Cyclohexane,1月5日,%,Y 4類，限值1%,N,N 2目少量,N,N,N,N,N 少量,毒化物,毒化物+包裝
AS-D-6379-SRS-PAK,95-47-6,"1,2-Dimethylbenzene",0.05,%,N,N,N 2目少量,N,N,N,N,N 少量,,
AS-D-6379-SRS-PAK,1-Methylnaphthalene                                                                                                                 ,90-12-0,0.005,%,N,N,N,N,N,N,N,N 少量,,
AS-D-6379-SRS-PAK,142-82-5,n-Heptane,98.945,%,N,N,N,N,N,N,N,N 少量,,
JT-9177-03,142-82-5                                                                                                                  ,heptane,100,%,N,N,N,N,N,N,N,N 年用量無超過,,
AS-ASTM-P-0135,110-82-7,Cyclohexane,1月5日,%,Y 4類，限值1%,N,N 2目少量,N,N,N,N,N 少量,毒化物,毒化物+包裝
AS-ASTM-P-0135,95-47-6,"1,2-Dimethylbenzene",0.5,%,N,N,N 2目少量,N,N,N,N,N 少量,,
AS-ASTM-P-0135,132-65-0,Dibenzothiophene,0.05,%,N,N,N,N,N,N,N,N 少量,,
AS-ASTM-P-0135,779-02-2,9-Methylanthracene,0.05,%,N,N,N,N,N,N,N,N 少量,,
AS-ASTM-P-0135,142-82-5                                                                                                                  ,heptane,<98.4,%,N,N,N,N,N,N,N,N 年用量無超過,,
AS-ASTM-P-0135-PAK,110-82-7,Cyclohexane,1月5日,%,Y 4類，限值1%,N,N 2目少量,N,N,N,N,N 少量,毒化物,毒化物+包裝
AS-ASTM-P-0135-PAK,95-47-6,"1,2-Dimethylbenzene",0.5,%,N,N,N 2目少量,N,N,N,N,N 少量,,
AS-ASTM-P-0135-PAK,132-65-0,Dibenzothiophene,0.05,%,N,N,N,N,N,N,N,N 少量,,
AS-ASTM-P-0135-PAK,779-02-2,9-Methylanthracene,0.05,%,N,N,N,N,N,N,N,N 少量,,
AS-ASTM-P-0135-PAK,142-82-5                                                                                                                  ,heptane,<98.4,%,N,N,N,N,N,N,N,N 年用量無超過,,
AS-ASTM-P-0136-SET,110-82-7,Cyclohexane,1月5日,%,Y 4類，限值1%,N,N 2目少量,N,N,N,N,N 少量,毒化物,毒化物+包裝
AS-ASTM-P-0136-SET,95-47-6,"1,2-Dimethylbenzene",4,%,N,N,N 2目少量,N,N,N,N,N 少量,,
AS-ASTM-P-0136-SET,1-Methylnaphthalene                                                                                                                 ,90-12-0,4,%,N,N,N,N,N,N,N,N 少量,,
AS-ASTM-P-0136-SET,1985/1/8,phenanthrene,0.4,%  ,N,N,N,N,N,N,N,N 少量,,
AS-ASTM-P-0136-SET,142-82-5                                                                                                                  ,heptane,86.6,%,N,N,N,N,N,N,N,N 年用量無超過,,
8.14119,57-09-0,Hexadecyl trimethyl ammonium bromide,<100,%,N,N,N,N,N,N,N,N 少量,,
8.22187,9005-65-6,Tween 80,45~55,%,N,N,N,N,N,N,N,N 少量,,
8.22187,3352-57-6,Hydroxyl,65~80,%,N,N,N,N,N,N,N,N 少量,,
PSS-PSKITR1L,9003-53-6,"Styrene, oligomers (Beads, expandable)",100,%,N,N,N,N,N,N,N,N 少量,,
GKK-404,88-68-6,anthranilamide,100,%,N,N,N,N,N,N,N,N 少量,,
GKK-404,67-68-5,dimethyl sulfoxide,100,%,N,N,N,N,N,N,N,N 少量,,
GKK-404,64-19-7,acetic acid,100,%,N,N,N 2目少量,N,N,N,N,N 少量,,
GKK-404,25895-60-7,sodium cyanborohydride,100,%,N,N,N,N,N,N,N,N 少量,,
5061-3332,147-85-3,L-Proline,0.0012,%,N,N,N,N,N,N,N,N 少量,,
5061-3332,56-89-3,L-Cystine,0.0012,%,N,N,N,N,N,N,N,N 少量,,
5061-3332,56-40-6,Glycine,0.0008,%,N,N,N,N,N,N,N,N 少量,,
5061-3332,56-41-7,L-Alanine,0.0009,%,N,N,N,N,N,N,N,N 少量,,
5061-3332,56-45-1,L-Serine,0.0015,%,N,N,N,N,N,N,N,N 少量,,
5061-3332,56-84-8,Aspartic acid,0.0013,%,N,N,N,N,N,N,N,N 少量,,
5061-3332,56-86-0,Glutamic acid,0.0015,%,N,N,N,N,N,N,N,N 少量,,
5061-3332,657-27-2,Lysine hydrochloride,0.0015,%,N,N,N,N,N,N,N,N 少量,,
5061-3332,60-18-4,Tyrosine,0.0018,%,N,N,N,N,N,N,N,N 少量,,
5061-3332,61-90-5,L-Leucine,0.0013,%,N,N,N,N,N,N,N,N 少量,,
5061-3332,63-68-3,L-Methionine,0.0015,%,N,N,N,N,N,N,N,N 少量,,
5061-3332,3-Phenyl-L-alanine,63-91-2,0.0017,%,N,N,N,N,N,N,N,N 少量,,
5061-3332,5934-29-2,"Histidine, monohydrochloride, monohydrate, L-",0.0016,%,N,N,N,N,N,N,N,N 少量,,
5061-3332,72-18-4,L-Valine,0.0012,%,N,N,N,N,N,N,N,N 少量,,
5061-3332,72-19-5,L-Threonine,0.0012,%,N,N,N,N,N,N,N,N 少量,,
5061-3332,73-32-5,L-Isoleucine,0.0013,%,N,N,N,N,N,N,N,N 少量,,
5061-3332,74-79-3,Arginine,0.0017,%,N,N,N,N,N,N,N,N 少量,,
5061-3332,7647-01-0,Hydrochloric acid,0.4,%,N,N,N 2目少量,N,N 乙類，限值100%,N,N,N 少量,,
5061-3332,7732-18-5,Water,99.5768,%,N,N,N,N,N,N,N,N 少量,,
PSS-PDM311-2G,63148-62-9,Poly(dimethyl siloxane),100,%,N,N,N,N,N,N,N,N 少量,,
PSS-PDM1.5K-2G,63148-62-9,Poly(dimethyl siloxane),100,%,N,N,N,N,N,N,N,N 少量,,
PSS-PS56K,9003-53-6,"Styrene, oligomers (Beads, expandable)",100,%,N,N,N,N,N,N,N,N 少量,,
PSS-PS9K,9003-53-6,"Styrene, oligomers (Beads, expandable)",100,%,N,N,N,N,N,N,N,N 少量,,
PSS-ps3.2m,9003-53-6,"Styrene, oligomers (Beads, expandable)",100,%,N,N,N,N,N,N,N,N 少量,,
PSS-PS890,9003-53-6,"Styrene, oligomers (Beads, expandable)",100,%,N,N,N,N,N,N,N,N 少量,,
PSS-PS180K,9003-53-6,"Styrene, oligomers (Beads, expandable)",100,%,N,N,N,N,N,N,N,N 少量,,
PSS-PS33K,9003-53-6,"Styrene, oligomers (Beads, expandable)",100,%,N,N,N,N,N,N,N,N 少量,,
T-175,26536-14-1,TRIHENEICOSANOIN,100,%,N,N,N,N,N,N,N,N 少量,,
5982-4360,1343-88-0,"Silicic acid, magnesium salt",100,% (w/w),N,N,N,N,N,N,N,N 少量,,
5190-8568,13548-38-4,chromium trinitrate,0.001,%,N,N,N 1目，限值1%,N,N,N,N,N 少量,,
5190-8568,7697-37-2,Nitric acid,1.34,%,N,N,N 2目少量,N,N,N,N,N 少量,,
5190-8568,7732-18-5,Water,98.659,%,N,N,N,N,N,N,N,N 少量,,
PSS-PS1.2K,9003-53-6,Poly(styrene),100,%,N,N,N,N,N,N,N,N 少量,,
PSS-PS1.8K,9003-53-6,Poly(styrene),100,%,N,N,N,N,N,N,N,N 少量,,
PSS-PS10K,9003-53-6,Poly(styrene),100,%,N,N,N,N,N,N,N,N 少量,,
PSS-PS1K,9003-53-6,Poly(styrene),100,%,N,N,N,N,N,N,N,N 少量,,
PSS-PS200K,9003-53-6,Poly(styrene),100,%,N,N,N,N,N,N,N,N 少量,,
PSS-PS3.2K,9003-53-6,Poly(styrene),100,%,N,N,N,N,N,N,N,N 少量,,
PSS-PS370,9003-53-6,Poly(styrene),100,%,N,N,N,N,N,N,N,N 少量,,
PSS-PS4.5K,9003-53-6,Poly(styrene),100,%,N,N,N,N,N,N,N,N 少量,,
PSS-PS4K,9003-53-6,Poly(styrene),100,%,N,N,N,N,N,N,N,N 少量,,
PSS-PS7K,9003-53-6,Poly(styrene),100,%,N,N,N,N,N,N,N,N 少量,,
PSS-PEG106,111-46-6,Diethylene glycol - PEG 106,100,%,N,N,N,N,N,N,N,N 年用量無超過,,
PSS-PEG400,25322-68-3,Poly(ethylene glycol),100,%,N,N,N,N,N,N,N,N 少量,,
PSS-PEG12K,25322-68-3,Poly(ethylene glycol),100,%,N,N,N,N,N,N,N,N 少量,,
PSS-PEG1K,25322-68-3,Poly(ethylene glycol),100,%,N,N,N,N,N,N,N,N 少量,,
PSS-PEG3K,25322-68-3,Poly(ethylene glycol),100,%,N,N,N,N,N,N,N,N 少量,,
PSS-PEG42K,25322-68-3,Poly(ethylene glycol),100,%,N,N,N,N,N,N,N,N 少量,,
PSS-PEO220K,25322-68-3,Poly(ethylene glycol),100,%,N,N,N,N,N,N,N,N 少量,,
PSS-PAAKIT,9003/4/7,Poly(acrylic acid) sodium salt,100,%,N,N,N,N,N,N,N,N 少量,,
PSS-PSKITR4,9003-53-6,Poly(styrene),100,%,N,N,N,N,N,N,N,N 少量,,
AS-R-047S,98-95-3,Nitrobenzene,0.01,%,N 1類，限值10%,N,N,N,N,N,N,N 少量,,
AS-R-047S,108-88-3,Toluene,99.99,%,N,N,N 2目少量,N,N 乙類，限值100%,N,N,N 年用量無超過,,
AS-R-073S,92-87-5,benzidine,0.01,%,N 2類，限值1%,N,N,N 限值1%(沒有超過1%),N,N,N,N 少量,,
AS-R-073S,108-88-3,Toluene,99.99,%,N,N,N 2目少量,N,N 乙類，限值100%,N,N,N 年用量無超過,,
AS-R-075S,"3,3'-dichlorobenzidine",91-94-1,0.01,% (w/w),"N 1,2類，限值1%",N,N,N 限值1%(沒有超過1%),N,N,N,N 少量,,
AS-R-075S,108-88-3,Toluene,99.99,%,N,N,N 2目少量,N,N 乙類，限值100%,N,N,N 年用量無超過,,
PSS-PEOKITR1,4792-15-8,Pentaethylene glycol - PEG 238,≥25 - ≤50,%,N,N,N,N,N,N,N,N 少量,,
PSS-PEOKITR1,25322-68-3,Poly(ethylene glycol),100,%,N,N,N,N,N,N,N,N 少量,,
PSS-PULKIT,9057/2/7,Pullulan,100,%,N,N,N,N,N,N,N,N 少量,,
PSS-PUL1.3K,9057/2/7,Pullulan,100,,N,N,N,N,N,N,N,N 少量,,
PSS-PUL10K,9057/2/7,Pullulan,100,,N,N,N,N,N,N,N,N 少量,,
PSS-PUL22K,9057/2/7,Pullulan,100,,N,N,N,N,N,N,N,N 少量,,
PSS-PUL342,6363-53-7,Pullulan; maltose monohydrate,100,,N,N,N,N,N,N,N,N 少量,,
PSS-PUL6K,9057/2/7,Pullulan,100,,N,N,N,N,N,N,N,N 少量,,
PSS-PEOKITR4,4792-15-8,Pentaethylene glycol - PEG 238,100,%,N,N,N,N,N,N,N,N 少量,,
PSS-PEOKITR4,25322-68-3,Poly(ethylene glycol),100,%,N,N,N,N,N,N,N,N 少量,,
PL2010-0501,9003-53-6,Poly(styrene),100,%,N,N,N,N,N,N,N,N 少量,,
5190-8402,7782-61-8,Iron(III) nitrate nonahydrate,1,%,N,N,N 2目少量,N,N,N,N,N 少量,,
5190-8402,7697-37-2,Nitric acid,5,%,N,N,N 2目少量,N,N,N,N,N 少量,,
5190-8402,7732-18-5,Water,94,%,N,N,N,N,N,N,N,N 少量,,
PSS-PSKITR4L,9003-53-6,Poly(styrene),100,%,N,N,N,N,N,N,N,N 少量,,
PSS-PSKITH,9003-53-6,Poly(styrene),100,%,N,N,N,N,N,N,N,N 少量,,
PSS-PSKITR10HT,9003-53-6,Poly(styrene),100,%,N,N,N,N,N,N,N,N 少量,,
PSS-PSKITR1,9003-53-6,Poly(styrene),100,%,N,N,N,N,N,N,N,N 少量,,
PSS-PSKITR1H,9003-53-6,Poly(styrene),100,%,N,N,N,N,N,N,N,N 少量,,
PSS-PSKITR4,9003-53-6,Poly(styrene),100,%,N,N,N,N,N,N,N,N 少量,,
PSS-PSKITR4H,9003-53-6,Poly(styrene),100,%,N,N,N,N,N,N,N,N 少量,,
PSS-PSSKIT,9080-79-9,Poly(styrene sulfonate) sodium salt,100,%,N,N,N,N,N,N,N,N 少量,,
ICUS-0002617,7732-18-5,Water,86.0602,,N,N,N,N,N,N,N,N 少量,,
ICUS-0002617,7697-37-2,Nitric acid,4.95,,N,N,N 2目少量,N,N,N,N,N 少量,,
ICUS-0002617,7664-39-3,hydrofluoric acid,0.0564,,N,N 限值0.1-10%,N 2目少量,N,N,N,N,N 少量,,關注+包裝
ICUS-0002617,7761-88-8,silver nitrate (ICP grade) (as silver),0.1575,,N,N,N 2目少量,N,N,N,N,N 少量,,
ICUS-0002617,7784-27-2,aluminum nitrate nonahydrate (ICP grade) (as aluminum),1.4045,,N,N,N,N,N,N,N,N 少量,,
ICUS-0002617,471-34-1,calcium carbonate (ICP grade) (as calcium),0.2525,,N,N,N,N,N,N,N,N 少量,,
ICUS-0002617,10026-22-9,cobalt nitrate hexahydrate (ICP grade) (as cobalt),0.4762,,N,N,N 1目，限值1%,N,N,N,N,N 少量,,
ICUS-0002617,7789/2/8,chromium (III) nitrate nonahydrate (ICP grade) (as chromium),0.7752,,N,N,N,N,N,N,N,N 少量,,
ICUS-0002617,10031-43-3,copper (II) nitrate hydrate (ICP grade) (as copper),0.4049,,N,N,N 2目少量,N,N,N,N,N 少量,,
ICUS-0002617,7782-61-8,"iron (III) nitrate, ferric nitrate (ICP grade) (as iron)",0.7634,,N,N,N 2目少量,N,N,N,N,N 少量,,
ICUS-0002617,554-13-2,lithium carbonate (ICP grade) (as lithium),0.5348,,N,N,N,N,N,N,N,N 少量,,
ICUS-0002617,13446-18-9,magnesium nitrate hexahydrate (ICP grade) (as magnesium),1.0638,,N,N,N,N,N,N,N,N 少量,,
ICUS-0002617,10377-66-9,manganese (II) nitrate (ICP grade) (as manganese),0.4545,,N,N,N,N,N,N,N,N 少量,,
ICUS-0002617,7631-99-4,sodium nitrate (ICP grade) (as sodium),0.3697,,N,N 限值65%,N 2目少量,N,N,N,N,N 少量,,
ICUS-0002617,13478-00-7,nickel (II) nitrate hexahydrate (ICP grade) (as nickel),0.4902,,N,N,N 1目，限值1%,N,N,N,N,N 少量,,
ICUS-0002617,10099-74-8,lead (II) nitrate (ICP grade) (as lead),0.16,,N,N,N 附錄一限值>1%,N,N,N,N,N 少量,,
ICUS-0002617,16962-40-6,ammonium hexafluorotitanate (IV) (ICP grade) (as titanium),0.4274,,N,N,N,N,N,N,N,N 少量,,
ICUS-0002617,10196-18-6,zinc nitrate hexahydrate (ICP grade) (as zinc),0.4132,,N,N,N,N,N,N,N,N 少量,,
ICUS-0002617,7440-67-7,zirconyl nitrate hydrate (ICP grade) (as zirconium),0.297,,N,N,N,N,N,N,N,N 少量,,
ICUS-0002617,16919-24-7,ammonium hexafluorostannate (IV) (ICP grade) (as tin),0.2262,,N,N,N,N,N,Y,N,N,新化學物質,
ICUS-0002617,7757-79-1,potassium nitrate (ICP grade) (as potassium),0.2625,,N,N,N 2目少量,N,N,N,N,N 年用量無超過,,
PSS-PSKITV,9003-53-6,Poly(styrene),100,%,N,N,N,N,N,N,N,N 少量,,
PSS-PSKITM,9003-53-6,Poly(styrene),100,%,N,N,N,N,N,N,N,N 少量,,
5190-9070,1975/5/8,Acetonitrile,60-65,%,Y 4類，限值1%,N,N,N,N,N,N,N 少量,毒化物,毒化物+包裝
5190-9070,7732-18-5,Deionized water,35.17,%,N,N,N,N,N,N,N,N 少量,,
5190-9070,120-12-7,Anthracene,0.01PPM,,N 1類，限值10%,N,N,N,N,N,N,N 少量,,
5190-9070,1975/5/8,Acetonitrile,60-65,%,Y 4類，限值1%,N,N,N,N,N,N,N 少量,毒化物,毒化物+包裝
5190-9070,7732-18-5,Deionized water,35.17,%,N,N,N,N,N,N,N,N 少量,,
8500-6941,7439-97-6,Mercury,0.001,%,N 1類，限值95%,N,N 附錄一限值>1%,N,N,N,N,N 少量,,
8500-6941,7697-37-2,Nitric acid,5,%,N,N,N 2目少量,N,N,N,N,N 少量,,
8500-6941,7732-18-5,Water,94.999,%,N,N,N,N,N,N,N,N 少量,,
PB40,7732-18-5,"water, distilled, conductivity or of similar purity",97.1,%,N,N,N,N,N,N,N,N 少量,,
PB40,33281-81-1,Peridinin-chlorophyll-complex-protein (PerCP),2,%,N,N,N,N,N,Y,N,N,新化學物質,
PB40,77-86-1,trometamol,0.8,%,N,N,N,N,N,N,N,N 少量,,
PB40,26628-22-8,sodium azide,0.09,%,N,N 限值95%,N,N,N,N,N,N 少量,,
PB40-10,7732-18-5,"water, distilled, conductivity or of similar purity",97.1,%,N,N,N,N,N,N,N,N 少量,,
PB40-10,33281-81-1,Peridinin-chlorophyll-complex-protein (PerCP),2,%,N,N,N,N,N,Y,N,N,新化學物質,
PB40-10,77-86-1,trometamol,0.8,%,N,N,N,N,N,N,N,N 少量,,
PB40-10,26628-22-8,sodium azide,0.09,%,N,N 限值95%,N,N,N,N,N,N 少量,,
PB40-100,7732-18-5,"water, distilled, conductivity or of similar purity",97.1,%,N,N,N,N,N,N,N,N 少量,,
PB40-100,33281-81-1,Peridinin-chlorophyll-complex-protein (PerCP),2,%,N,N,N,N,N,Y,N,N,新化學物質,
PB40-100,77-86-1,trometamol,0.8,%,N,N,N,N,N,N,N,N 少量,,
PB40-100,26628-22-8,sodium azide,0.09,%,N,N 限值95%,N,N,N,N,N,N 少量,,
ICC-001,7732-18-5,water,99.8511,% (w/w),N,N,N,N,N,N,N,N 少量,,
ICC-001,7758/2/3,potassium bromide,0.1489,% (w/w),N,N,N,N,N,N,N,N 少量,,
ICC-005,7732-18-5,water,99.8789,% (w/w),N,N,N,N,N,N,N,N 少量,,
ICC-005,7722-76-1,AMMONIUM BIPHOSPHATE,0.1211,% (w/w),N,N,N,N,N,N,N,N 少量,,
ICC-008,7732-18-5,water,99.3,% (w/w),N,N,N,N,N,N,N,N 少量,,
ICC-008,1310-73-2,sodium hydroxide,0.5,% (w/w),N,N,N 2目少量,N,N,N,N,N 少量,,
ICC-008,151-50-8,potassium cyanide (as cyanide),0.1,% (w/w),N 3類，氰離子限值1 %以上,N,N 2目少量,N,N,N,N,N 少量,,
ICC-008,151-50-8,potassium cyanide (as cyanide),0.1,% (w/w),N 3類，氰離子限值1 %以上,N,N 2目少量,N,N,N,N,N 少量,,
IQC-106-5,7732-18-5,water,99.7875,% (w/w),N,N,N,N,N,N,N,N 少量,,
IQC-106-5,877-24-7,potassium hydrogen phthalate,0.2125,% (w/w),N,N,N,N,N,N,N,N 少量,,
400505,111-11-5,methyl octanoate                                                                                                                    ,0.0738,%  ,N,N,N,N,N,N,N,N 少量,,
400505,111-82-0,methyl laurate                                                                                                                      ,0.0738,%  ,N,N,N,N,N,N,N,N 少量,,
400505,112-61-8,methyl stearate                                                                                                                     ,0.0369,%  ,N,N,N,N,N,N,N,N 少量,,
400505,1120-28-1,methyl icosanoate                                                                                                                   ,0.0369,%  ,N,N,N,N,N,N,N,N 少量,,
400505,110-54-3,n-hexane                                                                                                                            ,99.1882,%  ,N,N,N 2目少量,N,N,N,N,N 年用量無超過,,
400505,112-39-0,methyl palmitate                                                                                                                    ,0.0738,%  ,N,N,N,N,N,N,N,N 少量,,
400505,929-77-1,methyl docosanoate                                                                                                                  ,0.0369,%  ,N,N,N,N,N,N,N,N 少量,,
400505,5802-82-4,methyl hexacosanoate                                                                                                                ,0.0369,%  ,N,N,N,N,N,N,N,N 少量,,
400505,629-83-4,methyl triacontanate                                                                                                                ,0.0369,%  ,N,N,N,N,N,N,N,N 少量,,
400505,60658-41-5,Myristic-D27 Acid                                                                                                                   ,0.1107,%  ,N,N,N,N,N,N,N,N 少量,,
400505,110-42-9,methyl decanoate                                                                                                                    ,0.0738,%  ,N,N,N,N,N,N,N,N 少量,,
400505,55682-92-3,methyl octacosanoate                                                                                                                ,0.0369,%  ,N,N,N,N,N,Y,N,N,新化學物質,
400505,1731-84-6,methyl nonanoate                                                                                                                    ,0.0738,%  ,N,N,N,N,N,N,N,N 少量,,
400505,2442-49-1,methyl tetracosanoate                                                                                                               ,0.0369,%  ,N,N,N,N,N,N,N,N 少量,,
400505,124-10-7,methyl myristate                                                                                                                    ,0.0738,%  ,N,N,N,N,N,N,N,N 少量,,
400505,75-77-4,chlorotrimethylsilane                                                                                                               ,1,%  ,N,N,N 2目少量,N,N,N,N,N 少量,,
400505,24589-78-4,N-methyl-N-(trimethylsilyl)trifluoroacetamide                                                                                       ,99,%  ,N,N,N,N,N,N,N,N 少量,,
400505,110-54-3,n-hexane                                                                                                                            ,99.8885,%  ,N,N,N 2目少量,N,N,N,N,N 年用量無超過,,
400505,60658-41-5,Myristic-D27 Acid                                                                                                                   ,0.1115,%  ,N,N,N,N,N,N,N,N 少量,,
PSS-MM47K,9011-14-7,Poly(methyl methacrylate),100,%  ,N,N,N,N,N,N,N,N 少量,,
PSS-MM21K,9011-14-7,Poly(methyl methacrylate),100,%  ,N,N,N,N,N,N,N,N 少量,,
PSS-MM10K,9011-14-7,Poly(methyl methacrylate),100,%  ,N,N,N,N,N,N,N,N 少量,,
MISC,89-78-1,DL-Menthol,0.99,,N,N,N,N,N,N,N,N 少量,,
MISC,89-78-1,DL-Menthol,0.99,,N,N,N,N,N,N,N,N 少量,,
ICP-057,7732-18-5,water,98.8827,% (w/w),N,N,N,N,N,N,N,N 少量,,
ICP-057,7697-37-2,NITRIC ACID,1,% (w/w),N,N,N 2目少量,N,N,N,N,N 少量,,
ICP-057,1312-81-8,lanthanum oxide,0.1173,% (w/w),N,N,N,N,N,N,N,N 少量,,
PL2020-0201,9011-14-7,"2-Propenoic acid, 2-methyl-, methyl ester, homopolymer",100,%  ,N,N,N,N,N,N,N,N 少量,,
PSS-PROKIT,65-46-3,Cytidine (synthetic),100,,N,N,N,N,N,N,N,N 少量,,
PSS-PROKIT,68-19-9,Vitamin B12; cyanocobalamin (synthetic),100,,N,N,N,N,N,N,N,N 少量,,
PSS-PROKIT,9048-46-8,Bovine Serum Albumin,100,,N,N,N,N,N,N,N,N 少量,,
PSS-PROKIT,9006-70-1,Albumin (chicken egg white),100,,N,N,N,N,N,Y,N,N,新化學物質,
PSS-PROKIT,9087-70-1,Aprotinin (synthetic),100,,N,N,N,N,N,N,N,N 少量,,
PSS-PROKIT,9007-43-6,Cytochrome C (bovine heart),100,,N,N,N,N,N,N,N,N 少量,,
PSS-PROKIT,9007-83-4,gamma-Globulins (bovine blood),100,,N,N,N,N,N,N,N,N 少量,,
PSS-PROKIT,9045-23-2,beta-Lactoglobulin (bovine milk),100,,N,N,N,N,N,N,N,N 少量,,
PSS-PROKIT,100684-32-0,Myoglobin (equine muscle),100,,N,N,N,N,N,N,N,N 少量,,
PSS-PROKIT,9010-34-8,Thyroglobulin (bovine thyroid),100,,N,N,N,N,N,N,N,N 少量,,
RHH-020,75-35-4,"1,1-dichloroethene",100,% (w/w),Y 4類，限值25%,N,N,N,N,N,N,N 少量,毒化物,毒化物+包裝
EPA-1055-1,67-56-1,methanol,99.8736,% (w/w),N,N,N 2目少量,N,N,N,N,N 少量,,
EPA-1055-1,1979/1/6,trichloroethylene,0.1264,% (w/w),"N 1,2類，限值10%",N,N 附錄一限值>1%,N,N,N,N,N 少量,,
HC-270-1,67-56-1,methanol,99.9874,% (w/w),N,N,N 2目少量,N,N,N,N,N 少量,,
HC-270-1,1979/1/6,trichloroethylene,0.0126,% (w/w),"N 1,2類，限值10%",N,N 附錄一限值>1%,N,N,N,N,N 少量,,
PL2013-5001,9003-53-6,Poly(styrene),100,%,N,N,N,N,N,N,N,N 少量,,
392035300,311-89-7,Tris(Perfluorobutyl)amine,100,%,N,N,N,N,N,N,N,N 少量,,
5190-8583,7440-31-5,Tin,0.001,%,N,N,N,N,N,N,N,N 少量,,
5190-8583,7647-01-0,Hydrochloric acid,1.85,%,N,N,N 2目少量,N,N 乙類，限值100%,N,N,N 少量,,
5190-8583,7732-18-5,Water,98.149,%,N,N,N,N,N,N,N,N 少量,,
PSS-PSS15K,9080-79-9,Poly(styrene sulfonate) sodium salt,100,%,N,N,N,N,N,N,N,N 少量,,
PSS-PSS1K,9080-79-9,Poly(styrene sulfonate) sodium salt,100,%,N,N,N,N,N,N,N,N 少量,,
PSS-PSS246,17625-03-5,Poly(styrene sulfonate) sodium salt; 3-sulfobenzoic acid sodium salt,100,%,N,N,N,N,N,N,N,N 少量,,
PSS-PSS3.4K,9080-79-9,Poly(styrene sulfonate) sodium salt,100,%,N,N,N,N,N,N,N,N 少量,,
PSS-PSS30K,9080-79-9,Poly(styrene sulfonate) sodium salt,100,%,N,N,N,N,N,N,N,N 少量,,
PSS-PSS6K,9080-79-9,Poly(styrene sulfonate) sodium salt,100,%,N,N,N,N,N,N,N,N 少量,,
CLP-100N-1,67-56-1,methanol,99.368,% (w/w),N,N,N 2目少量,N,N,N,N,N 少量,,
CLP-100N-1,71-43-2,benzene,0.1264,% (w/w),"N 1,2類，限值70%",N,N 1目，限值1%,N,N,N,N,N 少量,,
CLP-100N-1,108-88-3,toluene,0.1264,% (w/w),N,N,N 2目少量,N,N 乙類，限值100%,N,N,N 年用量無超過,,
CLP-100N-1,1979/1/6,trichloroethylene,0.1264,% (w/w),"N 1,2類，限值10%",N,N 附錄一限值>1%,N,N,N,N,N 少量,,
CLP-100N-1,108-90-7,chlorobenzene,0.1264,% (w/w),N 1類，限值1%,N,N 2目少量,N,N,N,N,N 少量,,
CLP-100N-1,75-35-4,"1,1-dichloroethene",0.1264,% (w/w),N 4類，限值25%,N,N,N,N,N,N,N 少量,,
5188-5359,7732-18-5,Water,70,% (w/w),N,N,N,N,N,N,N,N 少量,,
5188-5359,77-92-9,Citric acid,20,% (w/w),N,N,N,N,N,N,N,N 少量,,
5188-5359,79-14-1,Glycolic Acid,10,% (w/w),N,N,N 2目少量,N,N,N,N,N 少量,,
5190-8561,7784-27-2,"Aluminum(III) nitrate, nonahydrate (1:3:9)",0.001,% (w/w),N,N,N,N,N,N,N,N 少量,,
5190-8561,7697-37-2,Nitric acid,1.34,% (w/w),N,N,N 2目少量,N,N,N,N,N 少量,,
5190-8561,7732-18-5,Water,98.659,% (w/w),N,N,N,N,N,N,N,N 少量,,
5190-8566,10043-35-3,Boric acid,0.001,% (w/w),N,N,N 1目，限值1%,N,N,N,N,N 少量,,
5190-8566,7732-18-5,Water,99.999,% (w/w),N,N,N,N,N,N,N,N 少量,,
GKSB-103,66091-47-2,Oligomannose 5,91,%,N,N,N,N,N,Y,N,N,新化學物質,
GKSB-103,88-68-6,anthranilamide,9,%,N,N,N,N,N,N,N,N 少量,,
GKSB-303,79726-49-1,"Asialo-, agalacto-, biantennary, core-substituted with fucose and with bisecting GlcNAc",93,%,N,N,N,N,N,Y,N,N,新化學物質,
GKSB-303,88-68-6,anthranilamide,7,%,N,N,N,N,N,N,N,N 少量,,
GKSB-311,145211-79-6,"Mono-sialylated-, galactosylated biantennary",94,%,N,N,N,N,N,Y,N,N,新化學物質,
GKSB-311,88-68-6,anthranilamide,6,%,N,N,N,N,N,N,N,N 少量,,
GKSB-312,71496-55-4,"Di-sialylated-, galactosylated biantennary",95,%,N,N,N,N,N,Y,N,N,新化學物質,
GKSB-312,88-68-6,anthranilamide,5,%,N,N,N,N,N,N,N,N 少量,,
GKSB-301,84808-02-6,"Asialo-, agalacto-, biantennary",92,%,N,N,N,N,N,N,N,N 少量,,
GKSB-301,88-68-6,anthranilamide,8,%,N,N,N,N,N,N,N,N 少量,,
SDA083003LIS,109-99-9,tetrahydrofuran,≥75 - ≤90,,N,N,N 2目少量,N,N,N,N,N 少量,,
G9864-80009,7681-82-5,sodium iodide                                                                                                                       ,1,%  ,N,N,N,N,N,N,N,N 少量,,
G9864-80009,7732-18-5,water    ,99,%  ,N,N,N,N,N,N,N,N 少量,,
G9864-80009,7447-40-7,potassium chloride                                                                                                                  ,1.2,%  ,N,N,N,N,N,N,N,N 少量,,
G9864-80009,7732-18-5,water    ,98.8,%  ,N,N,N,N,N,N,N,N 少量,,
G9864-80009,7601-90-3,"perchloric acid (With not more than 50% acid, by mass)                                                                              ",0.004,%  ,N,N,N 2目少量,N,N,N,N,N 少量,,
G9864-80009,7732-18-5,water    ,99.936,%  ,N,N,N,N,N,N,N,N 少量,,
G9864-80009,7778-50-9,potassium dichromate                                                                                                                ,0.06,%  ,N 2類，六價鉻含量1%以上,N,N 1目，限值1%,N,N,N,N,N 少量,,
G9864-80009,108-88-3,toluene  ,0.02,%  ,N,N,N 2目少量,N,N 乙類，限值100%,N,N,N 年用量無超過,,
G9864-80009,110-54-3,n-hexane ,99.98,%  ,N,N,N 2目少量,N,N,N,N,N 年用量無超過,,
G9864-80009,12055-62-8,holmium oxide                                                                                                                       ,3.6186,%  ,N,N,N,N,N,N,N,N 少量,,
G9864-80009,7732-18-5,water    ,81.2736,%  ,N,N,N,N,N,N,N,N 少量,,
G9864-80009,7601-90-3,"perchloric acid (With not more than 50% acid, by mass)                                                                              ",15.1078,%  ,N,N,N 2目少量,N,N,N,N,N 少量,,
G9864-80009,7778-50-9,potassium dichromate                                                                                                                ,0.004,%  ,N 2類，六價鉻含量1%以上,N,N 1目，限值1%,N,N,N,N,N 少量,,
G9864-80009,7732-18-5,water    ,99.992,%  ,N,N,N,N,N,N,N,N 少量,,
G9864-80009,7601-90-3,"perchloric acid (With not more than 50% acid, by mass)                                                                              ",0.004,%  ,N,N,N 2目少量,N,N,N,N,N 少量,,
G9864-80009,7778-50-9,potassium dichromate                                                                                                                ,0.012,%  ,N 2類，六價鉻含量1%以上,N,N 1目，限值1%,N,N,N,N,N 少量,,
G9864-80009,7732-18-5,water    ,99.984,%  ,N,N,N,N,N,N,N,N 少量,,
G9864-80009,7601-90-3,"perchloric acid (With not more than 50% acid, by mass)                                                                              ",0.004,%  ,N,N,N 2目少量,N,N,N,N,N 少量,,
G9864-80009,7632-00-0,sodium nitrite                                                                                                                      ,5,%  ,N,N,N 2目少量,N,N,N,N,N 少量,,
G9864-80009,7732-18-5,water    ,95,%  ,N,N,N,N,N,N,N,N 少量,,
G9864-80009,110-54-3,n-hexane ,100,%  ,N,N,N 2目少量,N,N,N,N,N 年用量無超過,,
G9864-80009,7601-90-3,"perchloric acid (With not more than 50% acid, by mass)                                                                              ",0.004,%  ,N,N,N 2目少量,N,N,N,N,N 少量,,
G9864-80009,7732-18-5,water    ,99.99,%  ,N,N,N,N,N,N,N,N 少量,,
G9864-80009,7778-50-9,potassium dichromate                                                                                                                ,0.006,%  ,N 2類，六價鉻含量1%以上,N,N 1目，限值1%,N,N,N,N,N 少量,,
G9864-80009,7601-90-3,"perchloric acid (With not more than 50% acid, by mass)                                                                              ",0.004,%  ,N,N,N 2目少量,N,N,N,N,N 少量,,
G9864-80009,7732-18-5,water    ,99.996,%  ,N,N,N,N,N,N,N,N 少量,,
G9864-80009,7732-18-5,water    ,100,%  ,N,N,N,N,N,N,N,N 少量,,
G9864-80009,67-64-1,Acetone,100,%  ,N,N,N 2目少量,N,N 乙類，限值100%,N,N,N 少量,,
G9864-80009,67-64-1,Acetone,100,%  ,N,N,N 2目少量,N,N 乙類，限值100%,N,N,N 少量,,
G9864-80009,7732-18-5,Water,99.92,%  ,N,N,N,N,N,N,N,N 少量,,
G9864-80009,7664-93-9,Sulfuric acid,0.03,%  ,N,N,N 2目少量,N,N 乙類，限值100%,N,N,N 少量,,
G9864-80009,13454-94-9,Cerium sulfate,0.05,%  ,N,N,N,N,N,N,N,N 少量,,
ITA-70,1975/5/8,acetonitrile,85-90,% (w/w),Y 4類，限值1%,N,N,N,N,N,N,N 少量,毒化物,毒化物+包裝
ITA-70,7732-18-5,water,12.3425,% (w/w),N,N,N,N,N,N,N,N 少量,,
ITA-70,375-85-9,perfluoroheptanoic acid (PFHpA),0.0248,% (w/w),N,N,N,N,N,N,N,N 少量,,
ITA-70,375-95-1,perfluorononanoic acid (PFNA),0.0248,% (w/w),N,N,N,N,N,N,N,N 少量,,
ITA-70,335-76-2,perfluorodecanoic acid (PFDA),0.0248,% (w/w),N,N,N,N,N,N,N,N 少量,,
ITA-70,2058-94-8,perfluoroundecanoic acid (PFUnDA),0.0248,% (w/w),N,N,N,N,N,N,N,N 少量,,
ITA-70,307-55-1,perfluorododecanoic acid (PFDoDA),0.0248,% (w/w),N,N,N,N,N,N,N,N 少量,,
ITA-70,375-73-5,perfluorobutane sulfonic acid (PFBS),0.0248,% (w/w),N,N,N,N,N,N,N,N 少量,,
ITA-70,1763-23-1,perfluorooctane sulfonic acid (PFOS),1月5日,% (w/w),"Y 1,2,4類，現改為全濃度，原限值0.01%",N,N,N,N,N,N,N 少量,毒化物,毒化物+包裝
ITA-70,376-06-7,perfluorotetradecanoic acid (PFTA),0.0248,% (w/w),N,N,N,N,N,N,N,N 少量,,
ITA-70,335-67-1,perfluorooctanoic acid (PFOA),1月5日,% (w/w),"Y 1,2,4類，現改為全濃度，原限值0.01%",N,N,N,N,N,N,N 少量,毒化物,毒化物+包裝
ITA-70,72629-94-8,perfluorotridecanoic acid (PFTrDA),0.0248,% (w/w),N,N,N,N,N,N,N,N 少量,,
ITA-70,3871-99-6,perfluorohexane sulfonic acid (PFHxS) potassium salt,1月5日,% (w/w),Y 1類，全濃度,N,N,N,N,N,N,N 少量,毒化物,毒化物+包裝
ITA-70,375-22-4,perfluorobutanoic acid (PFBA),0.0248,% (w/w),N,N,N,N,N,N,N,N 少量,,
ITA-70,2706-90-3,perfluoropentanoic acid (PFPeA),0.0248,% (w/w),N,N,N,N,N,N,N,N 少量,,
ITA-70,307-24-4,perfluorohexanoic acid (PFHxA),0.0248,% (w/w),N,N,N,N,N,N,N,N 少量,,
05970-60045,540-84-1,Isooctane                                                                                                                           ,99.9942,%  ,N,N,N,N,N,N,N,N 少量,,
05970-60045,112-40-3,dodecane                                                                                                                            ,0.0014,%  ,N,N,N,N,N,N,N,N 少量,,
05970-60045,2051-62-9,4-chlorobiphenyl                                                                                                                    ,0.0014,%  ,"N (多氯聯苯1-10氯管制:聯苯) 1,2類，限值0.1%",N,N,N,N,N,N,N 少量,,
05970-60045,112-39-0,methyl palmitate                                                                                                                    ,0.0014,%  ,N,N,N,N,N,N,N,N 少量,,
05970-60045,92-52-4,biphenyl                                                                                                                            ,0.0014,%  ,"N (多氯聯苯1-10氯管制:聯苯) 1,2類，限值0.1%",N,N,N,N,N,N,N 少量,,
05970-60045,92-52-4,biphenyl                                                                                                                            ,0.145,PPM,"N (多氯聯苯1-10氯管制:聯苯) 1,2類，限值0.1%",N,N,N,N,N,N,N 少量,,
05970-60045,2051-62-9,4-chlorobiphenyl                                                                                                                    ,0.145,PPM,"N (多氯聯苯1-10氯管制:聯苯) 1,2類，限值0.1%",N,N,N,N,N,N,N 少量,,
05970-60045,540-84-1,Isooctane                                                                                                                           ,99.9999,%  ,N,N,N,N,N,N,N,N 少量,,
05970-60045,112-40-3,dodecane                                                                                                                            ,0.145,PPM,N,N,N,N,N,N,N,N 少量,,
05970-60045,112-39-0,methyl palmitate                                                                                                                    ,0.145,PPM,N,N,N,N,N,N,N,N 少量,,
05970-60045,112-40-3,dodecane                                                                                                                            ,0.0145,%  ,N,N,N,N,N,N,N,N 少量,,
05970-60045,112-39-0,methyl palmitate                                                                                                                    ,0.0145,%  ,N,N,N,N,N,N,N,N 少量,,
05970-60045,540-84-1,Isooctane                                                                                                                           ,99.942,%  ,N,N,N,N,N,N,N,N 少量,,
05970-60045,92-52-4,biphenyl                                                                                                                            ,0.0145,%  ,"N (多氯聯苯1-10氯管制:聯苯) 1,2類，限值0.1%",N,N,N,N,N,N,N 少量,,
05970-60045,2051-62-9,4-chlorobiphenyl                                                                                                                    ,0.0145,%  ,"N (多氯聯苯1-10氯管制:聯苯) 1,2類，限值0.1%",N,N,N,N,N,N,N 少量,,
PB20-10,7783-20-2,ammonium sulphate,60,%,N,N,N,N,N,N,N,N 少量,,
PB20-10,7732-18-5,"water, distilled, conductivity or of similar purity",31.778,%,N,N,N,N,N,N,N,N 少量,,
PB20-10,7758/11/4,dipotassium hydrogenorthophosphate,5.35,%,N,N,N,N,N,N,N,N 少量,,
PB20-10,7778-77-0,potassium dihydrogenorthophosphate,2.62,%,N,N,N,N,N,N,N,N 少量,,
PB20-10,775,Allophycocyanin,0.22,%,N,N,N,N,N,Y,N,N,新化學物質,
PB20-10,26628-22-8,sodium azide,0.032,%,N,N 限值95%,N,N,N,N,N,N 少量,,
PSS-PSS140K,9080-79-9,Poly(styrene sulfonate) sodium salt,100,%,N,N,N,N,N,N,N,N 少量,,
PSS-PSS1M,9080-79-9,Poly(styrene sulfonate) sodium salt,100,%,N,N,N,N,N,N,N,N 少量,,
PSS-PSS280K,9080-79-9,Poly(styrene sulfonate) sodium salt,100,%,N,N,N,N,N,N,N,N 少量,,
PSS-PSS2K,9080-79-9,Poly(styrene sulfonate) sodium salt,100,%,N,N,N,N,N,N,N,N 少量,,
PSS-PSS600K,9080-79-9,Poly(styrene sulfonate) sodium salt,100,%,N,N,N,N,N,N,N,N 少量,,
PSS-PSS67K,9080-79-9,Poly(styrene sulfonate) sodium salt,100,%,N,N,N,N,N,N,N,N 少量,,
PL2070-3005,25322-68-3,Poly(ethylene glycol),100,%,N,N,N,N,N,N,N,N 少量,,
PL2070-3001,25322-68-3,Poly(ethylene glycol),100,%,N,N,N,N,N,N,N,N 少量,,
PS2032-000000-72TE,67-63-0,Isopropanol,99.8,%,N,N,N 2目少量,N,N,N,N,N 少量,,
IAA-233,7732-18-5,water,97.889,% (w/w),N,N,N,N,N,N,N,N 少量,,
IAA-233,7697-37-2,NITRIC ACID,1.979,% (w/w),N,N,N 2目少量,N,N,N,N,N 少量,,
IAA-233,1327-53-3,arsenic (III) oxide,0.132,% (w/w),"N 1,2,3類，限值1%",N,N 1目，限值1%,N,N,N,N,N 少量,,
A10924-000000-69AF,127-19-5,"N,N-dimethylacetamide",100,% (w/w),N,N,N 2目少量,N,N,N,N,N 少量,,
DH3848-000000-70TE,127-19-5,"N,N-dimethylacetamide",100,% (w/w),N,N,N 2目少量,N,N,N,N,N 少量,,
DH2002-000000-72EC,127-19-5,"N,N-dimethylacetamide",100,% (w/w),N,N,N 2目少量,N,N,N,N,N 少量,,
5190-8270,7440-43-9,Cadmium,0.1,%,"N 2,3類，限值95%",N,N 2目少量,N,N,N,N,N 少量,,
5190-8270,7697-37-2,Nitric acid,4,%,N,N,N 2目少量,N,N,N,N,N 少量,,
5190-8270,7732-18-5,Water,95.9,%,N,N,N,N,N,N,N,N 少量,,
AS-DRH-008S-R2-PAK,67-66-3,Chloroform,95-100,%,Y 1類，限值50%,N,N 2目少量,N,N,N,N,N 少量,毒化物,毒化物+包裝
AS-DRH-002S-R2-PAK,67-66-3,Chloroform,95-100,%,Y 1類，限值50%,N,N 2目少量,N,N,N,N,N 少量,毒化物,毒化物+包裝
5062-2478        ,6600-40-4,norvaline                                                                                                                           ,1,,N,N,N,N,N,N,N,N 少量,,
5062-2478        ,107-97-1,sarcosine                                                                                                                           ,100,%,N,N,N,N,N,N,N,N 少量,,
5062-2478        ,70-47-3,asparagine                                                                                                                          ,100,%,N,N,N,N,N,N,N,N 少量,,
5062-2478        ,73-22-3,L-Tryptophan                                                                                                                        ,100,%,N,N,N,N,N,N,N,N 少量,,
5062-2478        ,51-35-4,L-Hydroxyproline                                                                                                                    ,100,%,N,N,N,N,N,N,N,N 少量,,
5062-2478        ,56-85-9,L-Glutamine                                                                                                                         ,100,%,N,N,N,N,N,N,N,N 少量,,
N/2272/PB17-0-71FC,7697-37-2,Nitric acid,100,,N,N,N 2目少量,N,N,N,N,N 少量,,
1301-8150-000-23SW,7791-18-6,magnesium chloride hexahydrate,2,% (w/w),N,N,N,N,N,N,N,N 少量,,
PL2010-0301,9003-53-6,Poly(styrene),100,%,N,N,N,N,N,N,N,N 少量,,
PL2013-8001,9003-53-6,"Styrene, oligomers (Beads, expandable)",100,%,N,N,N,N,N,N,N,N 少量,,
5190-0583,20845-02-7,Renin Substrate Tetradecapeptide porcine,7,%,N,N,N,N,N,N,N,N 少量,,
5190-0583,23815-87-4,Bradykinin fragment 1-7,7,%,N,N,N,N,N,N,N,N 少量,,
5190-0583,20449-79-0,Mellitin (NAM;ZBAS),10,%,N,N,N,N,N,N,N,N 少量,,
5190-0583,4474-91-3,Angiotensin II,17,%,N,N,N,N,N,N,N,N 少量,,
5190-0583,58889-67-1,Neurotensin,7,%,N,N,N,N,N,N,N,N 少量,,
5190-0583,6846/3/3,Bradykinin acetate salt,7,%,N,N,N,N,N,N,N,N 少量,,
5190-0583,70937-97-2,Angiotensin I,7,%,N,N,N,N,N,N,N,N 少量,,
5190-0583,9041-90-1,"[Ace-F-3,-2 H-1] Angiotensinogen (1-14)",10,%,N,N,N,N,N,Y,N,N,新化學物質,
NV-245-1,67-56-1,methanol,99.8736,% (w/w),N,N,N 2目少量,N,N,N,N,N 少量,,
NV-245-1,75-21-8,ethylene oxide,0.1264,% (w/w),"N 1,2類，限值1%",N,N 附錄一限值>1%,N,N,N,N,N 少量,,
PSS-PS120K,9003-53-6,Poly(styrene),100,%,N,N,N,N,N,N,N,N 少量,,
PSS-PS320K,9003-53-6,Poly(styrene),100,%,N,N,N,N,N,N,N,N 少量,,
5190-8206,497-19-8,Sodium carbonate,1,%,N,N,N,N,N,N,N,N 少量,,
5190-8206,7697-37-2,Nitric acid,5,%,N,N,N 2目少量,N,N,N,N,N 少量,,
5190-8206,7732-18-5,Water,94,%,N,N,N,N,N,N,N,N 少量,,
CUS-00005924,67-56-1,methanol,99.8736,%,N,N,N 2目少量,N,N,N,N,N 少量,,
CUS-00005924,75-21-8,ethylene oxide,0.1264,%,"N 1,2類，限值1%",N,N 附錄一限值>1%,N,N,N,N,N 少量,,
PL2012-8001,9003-53-6,"Styrene, oligomers (Beads, expandable)",1,,N,N,N,N,N,N,N,N 少量,,
PL2012-9001,9003-53-6,"Styrene, oligomers (Beads, expandable)",1,,N,N,N,N,N,N,N,N 少量,,
5190-8518,256652-08-1,Scandium oxide,0.0997,%,N,N,N,N,N,Y,N,N,新化學物質,
5190-8518,7697-37-2,Nitric acid,3.35,%,N,N,N 2目少量,N,N,N,N,N 少量,,
5190-8518,7732-18-5,Deionized water,96.5503,%,N,N,N,N,N,N,N,N 少量,,
PSS-PS100K,9003-53-6,Poly(styrene),100,%,N,N,N,N,N,N,N,N 少量,,
PSS-PS12K,9003-53-6,Poly(styrene),100,%,N,N,N,N,N,N,N,N 少量,,
PL2010-0401,9003-53-6,Poly(styrene),100,%,N,N,N,N,N,N,N,N 少量,,
IQC-001,7732-18-5,water,99.9107,% (w/w),N,N,N,N,N,N,N,N 少量,,
IQC-001,7664-93-9,SULPHURIC ACID,0.0667,% (w/w),N,N,N 2目少量,N,N 乙類，限值100%,N,N,N 少量,,
IQC-001,877-24-7,potassium hydrogen phthalate,0.0226,% (w/w),N,N,N,N,N,N,N,N 少量,,
IQC-101,7732-18-5,water,99.9947,% (w/w),N,N,N,N,N,N,N,N 少量,,
IQC-101,877-24-7,potassium hydrogen phthalate,0.0053,% (w/w),N,N,N,N,N,N,N,N 少量,,
6610022100,12055-62-8,Holmium oxide,4,%,N,N,N,N,N,N,N,N 少量,,
6610022100,7601-90-3,Perchloric acid,10,%,N,N,N 2目少量,N,N,N,N,N 少量,,
6610022100,7732-18-5,Water,86,%,N,N,N,N,N,N,N,N 少量,,
5190-0522,6119-70-6,"Quinine, sulfate (2:1), dihydrate","1,0000 PPM",,N,N,N,N,N,N,N,N 少量,,
5190-0522,7732-18-5,Water,99.9999,%,N,N,N,N,N,N,N,N 少量,,
5063-6521        ,7601-90-3                                                                                                                           ,perchloric acid (Solution)                                                                                                          ,15.1078,%,N,N,N 2目少量,N,N,N,N,N 少量,,
5063-6521        ,12055-62-8                                                                                                                          ,holmium oxide                                                                                                                       ,3.6186,%,N,N,N,N,N,N,N,N 少量,,
5063-6521        ,7732-18-5                                                                                                                           ,water (Drinking water)                                                                                                              ,81.2736,%,N,N,N,N,N,N,N,N 少量,,
5063-6521        ,7601-90-3                                                                                                                           ,perchloric acid (Solution)                                                                                                          ,15.675,%,N,N,N 2目少量,N,N,N,N,N 少量,,
5063-6521        ,7732-18-5                                                                                                                           ,water (Drinking water)                                                                                                              ,84.325,%,N,N,N,N,N,N,N,N 少量,,
8500-4328,110-06-5,Di-tert-butyl disulphide,0.242,%,N,N,N,N,N,N,N,N 少量,,
8500-4328,111-84-2,Nonane,9.59,%,N,N,N,N,N,N,N,N 少量,,
8500-4328,112-40-3,Dodecane,89.497,%,N,N,N,N,N,N,N,N 少量,,
8500-4328,95-50-1,"1,2-Dichlorobenzene",0.349,%,N 1類，限值1%,N,N 2目少量,N,N,N,N,N 少量,,
8500-4328,98-95-3,Nitrobenzene,0.322,%,N 1類，限值10%,N,N,N,N,N,N,N 少量,,
5190-9416,9006-59-1,"Albumin, from chicken egg white (NAM;ZBAS)",15.87,%,N,N,N,N,N,N,N,N 少量,,
5190-9416,100684-32-0,Myoglobin (NAM;ZBAS),15.87,%,N,N,N,N,N,N,N,N 少量,,
5190-9416,9087-70-1,"Trypsin inhibitor, pancreatic basic",15.87,%,N,N,N,N,N,N,N,N 少量,,
5190-9416,58889-67-1,Neurotensin,7.9,%,N,N,N,N,N,N,N,N 少量,,
5190-9416,4474-91-3,Angiotensin II,7.9,%,N,N,N,N,N,N,N,N 少量,,
5190-9416,13472-35-0,"Sodium dihydrogen phosphate, dihydrate",23.89,%,N,N,N,N,N,N,N,N 少量,,
5190-9416,7558-79-4,Disodium hydrogenorthophosphate,12.7,%,N,N,N,N,N,N,N,N 少量,,
5188-5953,298-00-0,Parathion - methyl (ISO),"3,6232 PPM",,N,N,N,N,N,N,N,N 少量,,
5188-5953,540-84-1,"2,2,4-trimethylpentane",9999.96,,N,N,N,N,N,N,N,N 少量,,
ICP-031,7732-18-5,water,97.92,% (w/w),N,N,N,N,N,N,N,N 少量,,
ICP-031,7697-37-2,NITRIC ACID,1.98,% (w/w),N,N,N 2目少量,N,N,N,N,N 少量,,
ICP-031,7440-55-3,gallium,0.1,% (w/w),N,N,N,N,N,N,N,N 少量,,
PSS-DXT320K,9004-54-0,Dextran,100,%,N,N,N,N,N,N,N,N 少量,,
GKPC-020,540-69-2,ammonium formate,96.154,%,N,N,N,N,N,N,N,N 少量,,
GKPC-020,84825-26-3,"Asialo-, agalacto-, biantennary, core-substituted with fucose",3.2636,%,N,N,N,N,N,Y,N,N,新化學物質,
GKPC-020,2050902-45-7,"2-(diethylamino)ethyl 4-((((2,5-dioxopyrrolidin-1-yl)oxy)carbonyl)amino)benzoate",0.5824,%,N,N,N,N,N,Y,N,N,新化學物質,
UST-400-1,110-54-3,n-hexane,97.6471,% (w/w),N,N,N 2目少量,N,N,N,N,N 年用量無超過,,
UST-400-1,629-78-7,Heptadecane,0.0759,% (w/w),N,N,N,N,N,N,N,N 少量,,
UST-400-1,593-45-3,octadecane,0.0759,% (w/w),N,N,N,N,N,N,N,N 少量,,
UST-400-1,629-92-5,nonadecane,0.0759,% (w/w),N,N,N,N,N,N,N,N 少量,,
UST-400-1,112-95-8,eicosane,0.0759,% (w/w),N,N,N,N,N,N,N,N 少量,,
UST-400-1,629-97-0,docosane,0.0759,% (w/w),N,N,N,N,N,N,N,N 少量,,
UST-400-1,646-31-1,tetracosane,0.0759,% (w/w),N,N,N,N,N,N,N,N 少量,,
UST-400-1,630-02-4,octacosane,0.0759,% (w/w),N,N,N,N,N,N,N,N 少量,,
UST-400-1,544-85-4,dotriacontane,0.0759,% (w/w),N,N,N,N,N,N,N,N 少量,,
UST-400-1,14167-59-0,tetratriacontane,0.0759,% (w/w),N,N,N,N,N,N,N,N 少量,,
UST-400-1,630-06-8,hexatriacontane,0.0759,% (w/w),N,N,N,N,N,N,N,N 少量,,
UST-400-1,629-94-7,heneicosane,0.0759,% (w/w),N,N,N,N,N,N,N,N 少量,,
UST-400-1,638-67-5,tricosane,0.0759,% (w/w),N,N,N,N,N,N,N,N 少量,,
UST-400-1,629-99-2,pentacosane,0.0759,% (w/w),N,N,N,N,N,N,N,N 少量,,
UST-400-1,630-01-3,hexacosane,0.0759,% (w/w),N,N,N,N,N,N,N,N 少量,,
UST-400-1,593-49-7,n-heptacosane,0.0759,% (w/w),N,N,N,N,N,N,N,N 少量,,
UST-400-1,630-03-5,n-nonacosane,0.0759,% (w/w),N,N,N,N,N,N,N,N 少量,,
UST-400-1,638-68-6,triacontane,0.0759,% (w/w),N,N,N,N,N,N,N,N 少量,,
UST-400-1,630-04-6,n-hentriacontaine,0.0759,% (w/w),N,N,N,N,N,N,N,N 少量,,
UST-400-1,630-07-9,n-pentatriacontane,0.0759,% (w/w),N,N,N,N,N,N,N,N 少量,,
UST-400-1,7194-85-6,octatriacontane,0.0759,% (w/w),N,N,N,N,N,N,N,N 少量,,
UST-400-1,4181-95-7,tetracontane,0.0759,% (w/w),N,N,N,N,N,N,N,N 少量,,
UST-400-1,124-18-5,n-decane,0.0759,% (w/w),N,N,N,N,N,N,N,N 少量,,
UST-400-1,1120-21-4,n-undecane,0.0759,% (w/w),N,N,N,N,N,N,N,N 少量,,
UST-400-1,112-40-3,n-dodecane,0.0759,% (w/w),N,N,N,N,N,N,N,N 少量,,
UST-400-1,629-59-4,n-tetradecane,0.0759,% (w/w),N,N,N,N,N,N,N,N 少量,,
UST-400-1,629-62-9,n-pentadecane,0.0759,% (w/w),N,N,N,N,N,N,N,N 少量,,
UST-400-1,544-76-3,hexadecane,0.0759,% (w/w),N,N,N,N,N,N,N,N 少量,,
UST-400-1,630-05-7,n-tritriacontane,0.0759,% (w/w),N,N,N,N,N,N,N,N 少量,,
UST-400-1,7194-84-5,n-heptatriacontane,0.0759,% (w/w),N,N,N,N,N,N,N,N 少量,,
UST-400-1,7194-86-7,n-nonatriacontane,0.0759,% (w/w),N,N,N,N,N,N,N,N 少量,,
UST-400-1,629-50-5,n-tridecane,0.0759,% (w/w),N,N,N,N,N,N,N,N 少量,,
PSS-PS238K,9003-53-6,Poly(styrene),100,%,N,N,N,N,N,N,N,N 少量,,
PSS-PS500,9003-53-6,Poly(styrene),100,%,N,N,N,N,N,N,N,N 少量,,
PSS-PS700,9003-53-6,Poly(styrene),100,%,N,N,N,N,N,N,N,N 少量,,
PSS-MMKITH,9011-14-7,"2-Propenoic acid, 2-methyl-, methyl ester, homopolymer",100,%  ,N,N,N,N,N,N,N,N 少量,,
ICM-108,7732-18-5,water,92.0461,% (w/w),N,N,N,N,N,N,N,N 少量,,
ICM-108,7697-37-2,NITRIC ACID,4.95,% (w/w),N,N,N 2目少量,N,N,N,N,N 少量,,
ICM-108,87-69-4,TARTARIC ACID L(+),2,% (w/w),N,N,N,N,N,N,N,N 少量,,
ICM-108,543-81-7,beryllium acetate,0.141,% (w/w),N,N,N,N,N,Y,N,N,新化學物質,
ICM-108,13446-18-9,magnesium nitrate hexahydrate,0.1055,% (w/w),N,N,N,N,N,N,N,N 少量,,
ICM-108,7789/2/8,chromium (III) nitrate nonahydrate,0.1029,% (w/w),N,N,N,N,N,N,N,N 少量,,
ICM-108,7664-39-3,hydrofluoric acid,0.1,% (w/w),N,N 限值0.1-10%,N 2目少量,N,N,N,N,N 少量,,關注+包裝
ICM-108,7782-61-8,iron (III) nitrate nonahydrate,0.0724,% (w/w),N,N,N 2目少量,N,N,N,N,N 少量,,
ICM-108,554-13-2,lithium carbonate,0.0532,% (w/w),N,N,N,N,N,N,N,N 少量,,
ICM-108,13478-00-7,nickel (II) nitrate hexahydrate,0.0496,% (w/w),N,N,N 1目，限值1%,N,N,N,N,N 少量,,
ICM-108,10026-22-9,cobalt nitrate hexahydrate,0.0494,% (w/w),N,N,N 1目，限值1%,N,N,N,N,N 少量,,
ICM-108,10196-18-6,zinc nitrate hexahydrate,0.0455,% (w/w),N,N,N,N,N,N,N,N 少量,,
ICM-108,16962-40-6,ammonium hexafluorotitanate,0.0414,% (w/w),N,N,N,N,N,N,N,N 少量,,
ICM-108,10377-66-9,manganese (II) nitrate,0.0326,% (w/w),N,N,N,N,N,N,N,N 少量,,
ICM-108,3251-23-8,copper (II) nitrate,0.0295,% (w/w),N,N,N 2目少量,N,N,N,N,N 少量,,
ICM-108,10022-68-1,cadmium nitrate tetrahydrate,0.0274,% (w/w),N,N,N,N,N,N,N,N 少量,,
ICM-108,471-34-1,calcium carbonate,0.025,% (w/w),N,N,N,N,N,N,N,N 少量,,
ICM-108,10042-76-9,strontium nitrate,0.0242,% (w/w),N,N,N 2目少量,N,N,N,N,N 少量,,
ICM-108,7803-55-6,ammonium metavanadate,0.023,% (w/w),N,N,N 2目少量,N,N,N,N,N 少量,,
ICM-108,10099-74-8,lead (II) nitrate,0.016,% (w/w),N,N,N 附錄一限值>1%,N,N,N,N,N 少量,,
ICM-108,1313-27-5,molybdenum (VI) oxide,0.015,% (w/w),N,N,N,N,N,N,N,N 少量,,
ICM-108,7446/8/4,selenium (IV) oxide,0.0141,% (w/w),N,N,N,N,N,N,N,N 少量,,
ICM-108,1327-53-3,arsenic (III) oxide,0.0132,% (w/w),"N 1,2,3類，限值1%",N,N 1目，限值1%,N,N,N,N,N 少量,,
ICM-108,10102-45-1,thallium (I) nitrate,0.013,% (w/w),N,N,N,N,N,N,N,N 少量,,
ICM-108,7440-36-0,"antimony, soluble compounds as Sb",0.01,% (w/w),N,N,N,N,N,N,N,N 少量,,
PSS-PS20K,9003-53-6,Poly(styrene),100,%,N,N,N,N,N,N,N,N 少量,,
PSS-PS25K,9003-53-6,Poly(styrene),100,%,N,N,N,N,N,N,N,N 少量,,
PSS-PS62K,9003-53-6,Poly(styrene),100,%,N,N,N,N,N,N,N,N 少量,,
PSS-MMKITL,9011-14-7,Poly(methyl methacrylate),100,%  ,N,N,N,N,N,N,N,N 少量,,
RGO-600-1,67-56-1,methanol,99.9368,% (w/w),N,N,N 2目少量,N,N,N,N,N 少量,,
RGO-600-1,8006-61-9,Petroleum refinery heavy straight run naptha,0.0632,% (w/w),N,N,N,N,N,N,N,N 少量,,
PL2010-0201,9003-53-6,Poly(styrene),100,%,N,N,N,N,N,N,N,N 少量,,
PSS-MMKITR1L,9011-14-7,Poly(methyl methacrylate),100,%  ,N,N,N,N,N,N,N,N 少量,,
MSM-105-1,67-66-3,chloroform,95-100,% (w/w),Y 1類，限值50%,N,N 2目少量,N,N,N,N,N 少量,毒化物,毒化物+包裝
MSM-105-1,629-50-5,n-tridecane,0.0335,% (w/w),N,N,N,N,N,N,N,N 少量,,
MSM-105-1,629-78-7,Heptadecane,0.0335,% (w/w),N,N,N,N,N,N,N,N 少量,,
MSM-105-1,593-45-3,octadecane,0.0335,% (w/w),N,N,N,N,N,N,N,N 少量,,
MSM-105-1,629-92-5,nonadecane,0.0335,% (w/w),N,N,N,N,N,N,N,N 少量,,
MSM-105-1,112-95-8,eicosane,0.0335,% (w/w),N,N,N,N,N,N,N,N 少量,,
MSM-105-1,629-97-0,docosane,0.0335,% (w/w),N,N,N,N,N,N,N,N 少量,,
MSM-105-1,646-31-1,tetracosane,0.0335,% (w/w),N,N,N,N,N,N,N,N 少量,,
MSM-105-1,630-02-4,octacosane,0.0335,% (w/w),N,N,N,N,N,N,N,N 少量,,
MSM-105-1,544-85-4,dotriacontane,0.0335,% (w/w),N,N,N,N,N,N,N,N 少量,,
MSM-105-1,14167-59-0,tetratriacontane,0.0335,% (w/w),N,N,N,N,N,N,N,N 少量,,
MSM-105-1,630-06-8,hexatriacontane,0.0335,% (w/w),N,N,N,N,N,N,N,N 少量,,
MSM-105-1,629-94-7,heneicosane,0.0335,% (w/w),N,N,N,N,N,N,N,N 少量,,
MSM-105-1,638-67-5,tricosane,0.0335,% (w/w),N,N,N,N,N,N,N,N 少量,,
MSM-105-1,629-99-2,pentacosane,0.0335,% (w/w),N,N,N,N,N,N,N,N 少量,,
MSM-105-1,630-01-3,hexacosane,0.0335,% (w/w),N,N,N,N,N,N,N,N 少量,,
MSM-105-1,593-49-7,n-heptacosane,0.0335,% (w/w),N,N,N,N,N,N,N,N 少量,,
MSM-105-1,630-03-5,n-nonacosane,0.0335,% (w/w),N,N,N,N,N,N,N,N 少量,,
MSM-105-1,638-68-6,triacontane,0.0335,% (w/w),N,N,N,N,N,N,N,N 少量,,
MSM-105-1,630-04-6,n-hentriacontaine,0.0335,% (w/w),N,N,N,N,N,N,N,N 少量,,
MSM-105-1,630-07-9,n-pentatriacontane,0.0335,% (w/w),N,N,N,N,N,N,N,N 少量,,
MSM-105-1,7194-85-6,octatriacontane,0.0335,% (w/w),N,N,N,N,N,N,N,N 少量,,
MSM-105-1,4181-95-7,tetracontane,0.0335,% (w/w),N,N,N,N,N,N,N,N 少量,,
MSM-105-1,1921-70-6,Pristane,0.0335,% (w/w),N,N,N,N,N,N,N,N 少量,,
MSM-105-1,91-57-6,2-methylnaphthalene,0.0335,% (w/w),N,N,N,N,N,N,N,N 少量,,
MSM-105-1,638-36-8,"phytane (2,6,10,14-tetramethylhexadecane)",0.0335,% (w/w),N,N,N,N,N,N,N,N 少量,,
MSM-105-1,91-20-3,naphthalene,0.0335,% (w/w),N,N,N 2目少量,N,N,N,N,N 年用量無超過,,
MSM-105-1,111-84-2,nonane,0.0335,% (w/w),N,N,N,N,N,N,N,N 少量,,
MSM-105-1,124-18-5,n-decane,0.0335,% (w/w),N,N,N,N,N,N,N,N 少量,,
MSM-105-1,1120-21-4,n-undecane,0.0335,% (w/w),N,N,N,N,N,N,N,N 少量,,
MSM-105-1,112-40-3,n-dodecane,0.0335,% (w/w),N,N,N,N,N,N,N,N 少量,,
MSM-105-1,629-59-4,n-tetradecane,0.0335,% (w/w),N,N,N,N,N,N,N,N 少量,,
MSM-105-1,629-62-9,n-pentadecane,0.0335,% (w/w),N,N,N,N,N,N,N,N 少量,,
MSM-105-1,544-76-3,hexadecane,0.0335,% (w/w),N,N,N,N,N,N,N,N 少量,,
MSM-105-1,630-05-7,n-tritriacontane,0.0335,% (w/w),N,N,N,N,N,N,N,N 少量,,
MSM-105-1,7194-84-5,n-heptatriacontane,0.0335,% (w/w),N,N,N,N,N,N,N,N 少量,,
MSM-105-1,7194-86-7,n-nonatriacontane,0.0335,% (w/w),N,N,N,N,N,N,N,N 少量,,
MSM-105-1,111-65-9,n-octane,0.0335,% (w/w),N,N,N,N,N,N,N,N 少量,,
PSS-PEO500K,25322-68-3,Poly(ethylene oxide),100,%,N,N,N,N,N,N,N,N 少量,,
1.00030.4000,1975/5/8,acetonitrile,95-100,% (w/w),Y 4類，限值1%,N,N,N,N,N,N,N 少量,毒化物,毒化物+包裝
5191-6449,1975/5/8,Acetonitrile,90-95,%,Y 4類，限值1%,N,N,N,N,N,N,N 少量,毒化物,毒化物+包裝
5191-6449,7732-18-5,Water,6.2756,%,N,N,N,N,N,N,N,N 少量,,
5191-6449,3336-58-1,Ammonium trifluoroacetate,0.0016,%,N,N,N,N,N,N,N,N 少量,,
5191-6449,186043-67-4,"Hexakis(1h,1h,9h-perfluorononyloxy)phosphazine",0.0008,%,N,N,N,N,N,N,N,N 少量,,
5191-6449,186406-49-5,"Hexakis(1h,1h,8h-tetradecafluorooctyloxy)phosphazine",0.0005,%,N,N,N,N,N,Y,N,N,新化學物質,
5191-6449,3830-74-8,"Hexakis(1h,1h,7h-dodecafluoroheptoxy)phosphazine",0.0004,%,N,N,N,N,N,N,N,N 少量,,
5191-6449,16059-16-8,"Hexakis(1h,1h,5h-octafluoropentoxy)phosphazine",0.0003,%,N,N,N,N,N,N,N,N 少量,,
5191-6449,186406-48-4,"Hexakis(1h,1h,6h-decafluorohexyloxy)phosphazine",0.0002,%,N,N,N,N,N,Y,N,N,新化學物質,
5191-6449,186406-47-3,"Hexakis(1h,1h,4h-hexafluorobutyloxy)phosphazine",0.0002,%,N,N,N,N,N,Y,N,N,新化學物質,
5191-6449,58943-98-9,"Hexakis(1h,1h,3h-tetrafluoropropoxy)phosphazine",0.0001,%,N,N,N,N,N,N,N,N 少量,,
5191-6449,915-76-4,"2,4,6-tris(Heptafluoropropyl)-1,3,5-triazine",0.0001,%,N,N,N,N,N,N,N,N 少量,,
5191-6449,368-66-1,"2,4,6-tris(Trifluoromethyl)-1,3,5-triazine",0.0001,%,N,N,N,N,N,N,N,N 少量,,
5191-6449,186817-57-2,"Hexakis(2,2-difluoroethoxy)phosphazine",0.0001,%,N,N,N,N,N,N,N,N 少量,,
5191-6449,107-43-7,Betaine,0.0001,%,N,N,N,N,N,N,N,N 少量,,
5191-6449,957-13-1,Hexamethoxyphosphine,0.0001,%,N,N,N,N,N,N,N,N 少量,,
PB20-100,7783-20-2,ammonium sulphate,60,%,N,N,N,N,N,N,N,N 少量,,
PB20-100,7732-18-5,"water, distilled, conductivity or of similar purity",31.778,%,N,N,N,N,N,N,N,N 少量,,
PB20-100,7758/11/4,dipotassium hydrogenorthophosphate,5.35,%,N,N,N,N,N,N,N,N 少量,,
PB20-100,7778-77-0,potassium dihydrogenorthophosphate,2.62,%,N,N,N,N,N,N,N,N 少量,,
PB20-100,775,Allophycocyanin,0.22,%,N,N,N,N,N,Y,N,N,新化學物質,
PB20-100,26628-22-8,sodium azide,0.032,%,N,N 限值95%,N,N,N,N,N,N 少量,,
12256008,112926-00-8,"Silica, amorphous, precipitated and gel",100,%,N,N,N,N,N,N,N,N 少量,,
12102159,1343-88-0,"Silicic acid, magnesium salt",100,% (w/w),N,N,N,N,N,N,N,N 少量,,
5190-8323,1314-62-1,Divanadium pentaoxide,0.1,%,N,N,N 2目少量,N,N,N,N,N 少量,,
5190-8323,7697-37-2,Nitric acid,4,%,N,N,N 2目少量,N,N,N,N,N 少量,,
5190-8323,7732-18-5,Water,95.9,%,N,N,N,N,N,N,N,N 少量,,
PSS-PEG2K,25322-68-3,Poly(ethylene glycol),100,% (w/w),N,N,N,N,N,N,N,N 少量,,
5190-8232,1314-36-9,Yttrium oxide,1,%,N,N,N,N,N,N,N,N 少量,,
5190-8232,7697-37-2,Nitric acid,5,%,N,N,N 2目少量,N,N,N,N,N 少量,,
5190-8232,7732-18-5,Water,94,%,N,N,N,N,N,N,N,N 少量,,
5190-8374,13548-38-4,chromium trinitrate,0.96,%,N,N,N 1目，限值1%,N,N,N,N,N 少量,,
5190-8374,7697-37-2,Nitric acid,3.35,%,N,N,N 2目少量,N,N,N,N,N 少量,,
5190-8374,7732-18-5,Water,95.69,%,N,N,N,N,N,N,N,N 少量,,
5063-6520,7732-18-5,water (Drinking water),99.1325,%,N,N,N,N,N,N,N,N 少量,,
5063-6520,1330-43-4,"disodium tetraborate, anhydrous",0.7995,%,N,N,N 1目，限值1%,N,N,N,N,N 少量,,
5063-6520,99-93-4,4'-hydroxyacetophenone,0.068,%,N,N,N,N,N,N,N,N 少量,,
5063-6520,1310-73-2,sodium hydroxide (Liquid),4,%,N,N,N 2目少量,N,N,N,N,N 少量,,
5063-6520,7732-18-5,water (Drinking water),96,%,N,N,N,N,N,N,N,N 少量,,
5063-6520,1330-43-4,"disodium tetraborate, anhydrous",0.8,%,N,N,N 1目，限值1%,N,N,N,N,N 少量,,
5063-6520,7732-18-5,water (Drinking water),99.2,%,N,N,N,N,N,N,N,N 少量,,
5063-6520,7732-18-5,water (Drinking water),99.1865,%,N,N,N,N,N,N,N,N 少量,,
5063-6520,1330-43-4,"disodium tetraborate, anhydrous",0.7999,%,N,N,N 1目，限值1%,N,N,N,N,N 少量,,
5063-6520,99-93-4,4'-hydroxyacetophenone,0.0136,%,N,N,N,N,N,N,N,N 少量,,
5063-6520,7732-18-5,water (Drinking water),99.1986,%,N,N,N,N,N,N,N,N 少量,,
5063-6520,1330-43-4,"disodium tetraborate, anhydrous",0.8,%,N,N,N 1目，限值1%,N,N,N,N,N 少量,,
5063-6520,99-93-4,4'-hydroxyacetophenone,0.0014,%,N,N,N,N,N,N,N,N 少量,,
5063-6520,7732-18-5,water (Drinking water),99.1933,%,N,N,N,N,N,N,N,N 少量,,
5063-6520,1330-43-4,"disodium tetraborate, anhydrous",0.7999,%,N,N,N 1目，限值1%,N,N,N,N,N 少量,,
5063-6520,99-93-4,4'-hydroxyacetophenone,0.0068,%,N,N,N,N,N,N,N,N 少量,,
ICP-021,7732-18-5,water,94.8966,% (w/w),N,N,N,N,N,N,N,N 少量,,
ICP-021,7697-37-2,NITRIC ACID,4.95,% (w/w),N,N,N 2目少量,N,N,N,N,N 少量,,
ICP-021,12060-08-1,scandium oxide,0.1534,% (w/w),N,N,N,N,N,N,N,N 少量,,
ICP-075,7732-18-5,water,99.9,% (w/w),N,N,N,N,N,N,N,N 少量,,
ICP-075,7440-15-5,"rhenium, soluble compounds as Re",0.1,% (w/w),N,N,N,N,N,N,N,N 少量,,
5190-8592,7440-56-4,Germanium,0.001,%,N,N,N,N,N,N,N,N 少量,,
5190-8592,7664-39-3,Hydrofluoric Acid,0.48,%,N,N 限值0.1-10%,N 2目少量,N,N,N,N,N 少量,,關注+包裝
5190-8592,7697-37-2,Nitric acid,1.34,%,N,N,N 2目少量,N,N,N,N,N 少量,,
5190-8592,7732-18-5,Water,98.179,%,N,N,N,N,N,N,N,N 少量,,
5191-4570,7732-18-5,Water,88.9567,%,N,N,N,N,N,N,N,N 少量,,
5191-4570,7697-37-2,Nitric acid,9.89,%,N,N,N 2目少量,N,N,N,N,N 少量,,
5191-4570,7647-01-0,Hydrochloric acid,0.876,%,N,N,N 2目少量,N,N 乙類，限值100%,N,N,N 少量,,
5191-4570,7440-69-9,Bismuth,0.01,%,N,N,N,N,N,N,N,N 少量,,
5191-4570,16962-47-3,Ammonium hexafluorogermanate(4),0.0307,%,N,N,N,N,N,N,N,N 少量,,
5191-4570,7440-74-6,Indium,0.01,%,N,N,N 2目少量,N,N,N,N,N 少量,,
5191-4570,100641-16-5,Lutetium(III) nitrate hydrate,0.0217,%,N,N,N,N,N,N,N,N 少量,,
5191-4570,20765-98-4,Rhodium(III) chloride hydrate,0.0221,%,N,N,N,N,N,N,N,N 少量,,
5191-4570,12060-08-1,Scandium Oxide,0.0307,%,N,N,N,N,N,N,N,N 少量,,
5191-4570,12738-76-0,Terbium oxide,0.0111,%,N,N,N,N,N,N,N,N 少量,,
5191-4570,543-81-7,Beryllium acetate,0.141,%,N,N,N,N,N,Y,N,N,新化學物質,
MISC(226020010),6600-40-4,L(+)-Norvaline                                                                                                              ,0.99,,N,N,N,N,N,N,N,N 少量,,
MISC(226020010),15307-79-6,Diclofenac sodium,0.01,,N,N,N 2目少量,N,N,N,N,N 少量,,
PL2010-0601,9003-53-6,Poly(styrene),100,%,N,N,N,N,N,N,N,N 少量,,
PL2010-0605,9003-53-6,Poly(styrene),100,%,N,N,N,N,N,N,N,N 少量,,
1.06007.4000,67-56-1,methanol,<100,% (w/w),N,N,N 2目少量,N,N,N,N,N 少量,,
PSS-PS266,9003-53-6,Poly(styrene),100,%,N,N,N,N,N,N,N,N 少量,,
PSS-PS25K,9003-53-6,Poly(styrene),100,%,N,N,N,N,N,N,N,N 少量,,
PSS-PS2.5M,9003-53-6,Poly(styrene),100,%,N,N,N,N,N,N,N,N 少量,,
PSS-PS162,1077-16-3,Poly(styrene); Hexylbenzene,100,%,N,N,N,N,N,N,N,N 少量,,
PSS-PS560K,9003-53-6,Poly(styrene),100,%,N,N,N,N,N,N,N,N 少量,,
C0416,107-93-7,trans-2-Butenoic acid,>98,%,N,N,N,N,N,N,N,N 少量,,
AL-402788-100ML,75-07-0,acetaldehyde,95-100,,Y 4類，限值1%,N,N,N,N,N,N,N 少量,毒化物,毒化物+包裝
AL-402788-1L,75-07-0,acetaldehyde,95-100,,Y 4類，限值1%,N,N,N,N,N,N,N 少量,毒化物,毒化物+包裝
AR-42721-100ML,123-38-6,propionaldehyde (propanal), 99+%,,N,N,N,N,N,N,N,N 少量,,
AL-W292312-100G,123-38-6,propionaldehyde (propanal),>=98%,,N,N,N,N,N,N,N,N 少量,,
PFS-537-IPDS,67-56-1,Methanol,99.9987,%,N,N,N 2目少量,N,N,N,N,N 少量,,
PFS-537-IPDS,1310-73-2,Sodium hydroxide,0.0003,%,N,N,N 2目少量,N,N,N,N,N 少量,,
PFS-537-IPDS,1350614-84-4,Perfluorooctanoic acid (13C8) (PFOA),0.0001,%,N,N,N,N,N,Y,N,N,新化學物質,
PFS-537-IPDS,2522762-16-7,Sodium Perfluoro-1-Octanesulfonate (13C8),0.0004,%,N,N,N,N,N,Y,N,N,新化學物質,
PFS-537-IPDS,1400690-70-1,N-methylperfluorooctanesulfonamidoacetic acid (D3) (N-MeFOSAA),0.0005,%,N,N,N,N,N,Y,N,N,新化學物質,
5190-8303,7440/6/4,Platinum,0.097,%,N,N,N,N,N,N,N,N 少量,,
5190-8303,7647-01-0,Hydrochloric acid,7.4,%,N,N,N 2目少量,N,N 乙類，限值100%,N,N,N 少量,,
5190-8303,7732-18-5,Water,92.503,%,N,N,N,N,N,N,N,N 少量,,
5064-8209,1310-73-2,Sodium hydroxide,3.4445,%,N,N,N 2目少量,N,N,N,N,N 少量,,
5064-8209,505-86-2,Hexadecyltrimethylammonium hydroxide,0.31,%,N,N,N,N,N,N,N,N 少量,,
5064-8209,7732-18-5,Water,89.0455,%,N,N,N,N,N,N,N,N 少量,,
5064-8209,89-00-9,"Pyridine-2,3-dicarboxylic acid",7.2,%,N,N,N,N,N,N,N,N 少量,,
5064-8203,17455-13-9,"1,4,7,10,13,16-Hexaoxacyclooctadecane",0.079,%,N,N,N,N,N,N,N,N 少量,,
5064-8203,64-18-6,Formic acid,0.02,%,N,N,N 2目少量,N,N,N,N,N 少量,,
5064-8203,7732-18-5,Water,99.837,%,N,N,N,N,N,N,N,N 少量,,
5064-8203,7758-98-7,Copper sulphate,0.064,%,N,N,N 2目少量,N,N,N,N,N 少量,,
12103101,9003-70-7,"Benzene, diethenyl-, polymer with ethenylbenzene",100,%,N,N,N,N,N,N,N,N 少量,,
PSS-PEG4K,25322-68-3,Poly(ethylene glycol),100,% (w/w),N,N,N,N,N,N,N,N 少量,,
PSS-PEG6K,25322-68-3,Poly(ethylene glycol),100,% (w/w),N,N,N,N,N,N,N,N 少量,,
PSS-PEG18K,25322-68-3,Poly(ethylene glycol),100,% (w/w),N,N,N,N,N,N,N,N 少量,,
PSS-PEG26K,25322-68-3,Poly(ethylene glycol),100,% (w/w),N,N,N,N,N,N,N,N 少量,,
DVE-174137,109-66-0,N-Pentane,9.92,%,N,N,N 2目少量,N,N,N,N,N 少量,,
DVE-174137,110-54-3,n-hexane,9.93,%,N,N,N 2目少量,N,N,N,N,N 年用量無超過,,
DVE-174137,142-82-5,heptane                                                                                                                             ,9.91,%,N,N,N,N,N,N,N,N 年用量無超過,,
DVE-174137,111-65-9,Octane,9.92,%,N,N,N,N,N,N,N,N 少量,,
DVE-174137,111-84-2,Nonane,9.92,%,N,N,N,N,N,N,N,N 少量,,
DVE-174137,124-18-5,n-decane,9.93,%,N,N,N,N,N,N,N,N 少量,,
DVE-174137,1120-21-4,n-undecane,9.93,%,N,N,N,N,N,N,N,N 少量,,
DVE-174137,112-40-3,n-dodecane,9.93,%,N,N,N,N,N,N,N,N 少量,,
DVE-174137,629-50-5,n-tridecane,9.93,%,N,N,N,N,N,N,N,N 少量,,
DVE-174137,629-59-4,n-tetradecane,9.92,%,N,N,N,N,N,N,N,N 少量,,
PSS-PEO42K,25322-68-3,Poly(ethylene glycol),100,% (w/w),N,N,N,N,N,N,N,N 少量,,
PSS-PEO1M,25322-68-3,Poly(ethylene glycol),100,% (w/w),N,N,N,N,N,N,N,N 少量,,
PL2013-3001,9003-53-6,Poly(styrene),100,%,N,N,N,N,N,N,N,N 少量,,
PSS-PS1.8M,9003-53-6,Poly(styrene),100,%,N,N,N,N,N,N,N,N 少量,,
PSS-PS18K,9003-53-6,Poly(styrene),100,%,N,N,N,N,N,N,N,N 少量,,
DVE-200115(已確認),110-82-7,Cyclohexane,1月5日,%,Y 4類，限值1%,N,N 2目少量,N,N,N,N,N 少量,毒化物,毒化物+包裝
DVE-200115(已確認),71-43-2,Benzene,0.339,%,"N 1,2類，限值70%",N,N 1目，限值1%,N,N,N,N,N 少量,,
DVE-200115(已確認),100-41-4,Ethyl benzene (Ethylbenzene),1.831,%,N 4類，限值70%,N,N,N,N,N,N,N 少量,,
DVE-200115(已確認),98-82-8,Cumene (i-Propylbenzene),0.211,%,N 4類，限值1%,N,N,N,N,N,N,N 少量,,
DVE-234076,110-82-7,Cyclohexane,5月10日,%,Y 4類，限值1%,N,N 2目少量,N,N,N,N,N 少量,毒化物,毒化物+包裝
DVE-234076,71-43-2,Benzene,2.281,%,"N 1,2類，限值70%",N,N 1目，限值1%,N,N,N,N,N 少量,,
ICP-348,7732-18-5,water,97.7466,% (w/w),N,N,N,N,N,N,N,N 少量,,
ICP-348,7697-37-2,NITRIC ACID,1.979,% (w/w),N,N,N 2目少量,N,N,N,N,N 少量,,
ICP-348,10022-68-1,cadmium nitrate tetrahydrate,0.2744,% (w/w),N,N,N,N,N,N,N,N 少量,,
SD-053-001,110-82-7,Cyclohexane,0.217,%,N 4類，限值1%,N,N 2目少量,N,N,N,N,N 少量,,
SD-053-001,98-82-8,Cumene (i-Propylbenzene),0.061,%,N 4類，限值1%,N,N,N,N,N,N,N 少量,,
PSS-PS136K,9003-53-6,Poly(styrene),100,%,N,N,N,N,N,N,N,N 少量,,
PL2012-0001,9003-53-6,Poly(styrene),100,%,N,N,N,N,N,N,N,N 少量,,
PL2012-5001,9003-53-6,Poly(styrene),100,%,N,N,N,N,N,N,N,N 少量,,
PL2013-4001,9003-53-6,Poly(styrene),100,%,N,N,N,N,N,N,N,N 少量,,
PFA-100-1,67-56-1,Methanol,99.9874,,N,N,N 2目少量,N,N,N,N,N 少量,,
PFA-100-1,335-67-1,Perfluorooctanoic acid (PFOA),0.01-5,,"Y 1,2,4類，現改為全濃度，原限值0.01%",N,N,N,N,N,N,N 少量,毒化物,毒化物+包裝
PFA-101-1,67-56-1,Methanol,0.999874,,N,N,N 2目少量,N,N,N,N,N 少量,,
PFA-101-1,1763-23-1,Perfluorooctane sulfonic acid (PFOS),0.000001-5,,"Y 1,2,4類，現改為全濃度，原限值0.01%",N,N,N,N,N,N,N 少量,毒化物,毒化物+包裝
168700-50,7778-77-0,potassium dihydrogenorthophosphate,< 1% ,,N,N,N,N,N,N,N,N 少量,,
168700-50,7558-79-4,Disodium hydrogenorthophosphate,< 1% ,,N,N,N,N,N,N,N,N 少量,,
168700-50,7732-18-5,water,> 95% ,,N,N,N,N,N,N,N,N 少量,,
168400-50,877-24-7,potassium hydrogen phthalate,1% ~ 5% ,,N,N,N,N,N,N,N,N 少量,,
168100-50,497-19-8,Sodium carbonate,< 1%,,N,N,N,N,N,N,N,N 少量,,
168100-50,144-55-8,Sodium Bicarbonate,< 1%,,N,N,N,N,N,N,N,N 少量,,
168100-50,7732-18-5,water,> 99%,,N,N,N,N,N,N,N,N 少量,,
168103-50,7447-40-7,potassium chloride                                                                                                                  ,15 – 25%,,N,N,N,N,N,N,N,N 少量,,
168103-50,7732-18-5,water,75 – 85%,,N,N,N,N,N,N,N,N 少量,,
DVE-200011,110-82-7,Cyclohexane,0.178,%,N 4類，限值1%,N,N 2目少量,N,N,N,N,N 少量,,
DVE-200011,71-43-2,Benzene,1.711,%,"N 1,2類，限值70%",N,Y 1目，限值1%,N,N,N,N,N 少量,優先化學品報備,
DVE-200011,100-41-4,Ethyl benzene (Ethylbenzene),1.485,%,N 4類，限值70%,N,N,N,N,N,N,N 少量,,
DVE-200011,98-82-8,Cumene (i-Propylbenzene),0.141,%,N 4類，限值1%,N,N,N,N,N,N,N 少量,,
DVE-200011,1634-04-4,Methyl-tertiary butyl ether (MTBE) (Methyl-t-butyl ether),1.21,%,N 4類，限值20%,N,N,N,N,N,N,N 少量,,
DVE-200123,71-43-2,Benzene,2.883,%,"N 1,2類，限值70%",N,Y 1目，限值1%,N,N,N,N,N 少量,優先化學品報備,
DVE-200123,110-82-7,Cyclohexane,5月10日,%,Y 4類，限值1%,N,N 2目少量,N,N,N,N,N 少量,毒化物,毒化物+包裝
DVE-200123,78-78-4,Isopentane,0.037,%,N,N,N 2目少量,N,N,N,N,N 少量,,
DVE-200123,109-66-0,n-Pentane,0.304,%,N,N,N 2目少量,N,N,N,N,N 少量,,
DVE-200123,75-83-2,"2,2-Dimethylbutane",1.804,%,N,N,N,N,N,N,N,N 少量,,
DVE-200123,287-92-3,Cyclopentane,0.355,%,N,N,N,N,N,N,N,N 少量,,
DVE-200123,79-29-8,"2,3-Dimethylbutane",2.531,%,N,N,N,N,N,N,N,N 少量,,
DVE-200123,107-83-5,2-Methylpentane,10.296,%,N,N,N,N,N,N,N,N 少量,,
DVE-200123,96-14-0,3-Methylpentane,5.269,%,N,N,N,N,N,N,N,N 少量,,
DVE-200123,110-54-3,n-Hexane,2.226,%,N,N,N 2目少量,N,N,N,N,N 年用量無超過,,
DVE-200123,110-83-8,Cyclohexene,5.652,%,N,N,N,N,N,N,N,N 少量,,
DVE-200123,540-84-1,"2,2,4-Trimethylpentane (iso-octane): ",2.609,%,N,N,N,N,N,N,N,N 少量,,
DVE-200123,142-82-5,n-Heptane,2.653,%,N,N,N,N,N,N,N,N 年用量無超過,,
DVE-200123,108-88-3,Toluene,4.129,%,N,N,N 2目少量,N,N 乙類，限值100%,N,N,N 年用量無超過,,
DVE-200123,111-65-9,n-Octane,2.669,%,N,N,N,N,N,N,N,N 少量,,
DVE-200082,110-82-7,Cyclohexane,0.217,%,N 4類，限值1%,N,N 2目少量,N,N,N,N,N 少量,,
DVE-200082,71-43-2,Benzene,2.267,%,"N 1,2類，限值70%",N,Y 1目，限值1%,N,N,N,N,N 少量,優先化學品報備,
DVE-200082,100-41-4,Ethyl benzene (Ethylbenzene),1.934,%,N 4類，限值70%,N,N,N,N,N,N,N 少量,,
DVE-200082,98-82-8,Cumene (i-Propylbenzene),0.165,%,N 4類，限值1%,N,N,N,N,N,N,N 少量,,
DVE-200082,86290-81-5,Gasoline,0.01-99,,N,N,N,N,N,N,N,N 少量,,
DVE-200082,8030-30-6,Naphtha,0.01-99,,N,N,N 2目少量,N,N,N,N,N 少量,,
DVE-200082,106-97-8,Butane,0.01-10,%,N,N,N 2目少量,N,N,N,N,N 少量,,
DVE-200082,108-20-3,Diisopropyl ether (DIPE),0.01-15,%,N,N,N,N,N,N,N,N 少量,,
DVE-200082,64-17-5,Ethyl Alcohol (Ethanol),0.01-10,%,N,N,N,N,N,N,N,N 少量,,
DVE-200082,637-92-3,Ethyl tertiary butyl ether (ETBE),0.01-15,%,N,N,N,N,N,N,N,N 少量,,
DVE-200082,110-54-3,n-Hexane,0.01-8,%,N,N,N 2目少量,N,N,N,N,N 年用量無超過,,
DVE-200082,91-20-3,naphthalene,0.01-2,% (w/w),N,N,N 2目少量,N,N,N,N,N 年用量無超過,,
DVE-200082,100-42-5,Vinylbenzene,0.01-1,% (w/w),N,N,N 2目少量,N,N,N,N,N 年用量無超過,,
DVE-200082,919-94-8,Tertiary-amyl ethyl ether (TAEE),0.01-15,%,N,N,N,N,N,N,N,N 少量,,
DVE-200082,994-05-8,Tertiary-amyl methyl ether (TAME),0.01-17,%,N,N,N,N,N,N,N,N 少量,,
DVE-200082,108-88-3,Toluene,1月25日,%,N,N,N 2目少量,N,N 乙類，限值100%,N,N,N 年用量無超過,,
DVE-200082,95-63-6,"1,2,4-Trimethylbenzene",0.01-6,%,N,N,N,N,N,N,N,N 年用量無超過,,
DVE-200082,25551-13-7,"Trimethylbenzenes, all isomers",0.01-5,%,N,N,N,N,N,N,N,N 少量,,
DVE-200082,1330-20-7,"Xylene, mixed isomers",1月18日,%,N,N,N 2目少量,N,N,N,N,N 少量,,
PL2010-0200,9003-53-6,Poly(styrene),100,%,N,N,N,N,N,N,N,N 少量,,
PL2010-0300,9003-53-6,Poly(styrene),100,%,N,N,N,N,N,N,N,N 少量,,
PL2010-0400,9003-53-6,Poly(styrene),100,%,N,N,N,N,N,N,N,N 少量,,
DVE-283726,110-82-7,Cyclohexane,0.178,%,N 4類，限值1%,N,N 2目少量,N,N,N,N,N 少量,,
DVE-283726,71-43-2,Benzene,1.711,%,"N 1,2類，限值70%",N,Y 1目，限值1%,N,N,N,N,N 少量,優先化學品報備,
DVE-283726,100-41-4,Ethyl benzene (Ethylbenzene),1.485,%,N 4類，限值70%,N,N,N,N,N,N,N 少量,,
DVE-283726,98-82-8,Cumene (i-Propylbenzene) (Isopropylbenzene),0.141,%,N 4類，限值1%,N,N,N,N,N,N,N 少量,,
DVE-283726,1634-04-4,Methyl-tertiary butyl ether (MTBE) (Methyl-t-butyl ether),1.21,%,N 4類，限值20%,N,N,N,N,N,N,N 少量,,
DVE-283726,110-54-3,n-Hexane,1.557,%,N,N,N 2目少量,N,N,N,N,N 年用量無超過,,
DVE-283726,91-20-3,naphthalene,0.783,% (w/w),N,N,N 2目少量,N,N,N,N,N 年用量無超過,,
DVE-283726,108-88-3,Toluene,5.473,%,N,N,N 2目少量,N,N 乙類，限值100%,N,N,N 年用量無超過,,
DVE-200116,110-82-7,Cyclohexane,5月10日,%,Y 4類，限值1%,N,N 2目少量,N,N,N,N,N 少量,毒化物,毒化物+包裝
DVE-200116,71-43-2,Benzene,2.883,%,"N 1,2類，限值70%",N,Y 1目，限值1%,N,N,N,N,N 少量,優先化學品報備,
DVE-200116,100-41-4,Ethyl benzene (Ethylbenzene),4.288,%,N 4類，限值70%,N,N,N,N,N,N,N 少量,,
DVE-200116,98-82-8,Cumene (i-Propylbenzene) (Isopropylbenzene),0.051,%,N 4類，限值1%,N,N,N,N,N,N,N 少量,,
ICC-014,7732-18-5,water,99.8611,% (w/w),N,N,N,N,N,N,N,N 少量,,
ICC-014,127-09-3,sodium acetate,0.1389,% (w/w),N,N,N,N,N,N,N,N 少量,,
ICC-026,7732-18-5,water,99.8478,% (w/w),N,N,N,N,N,N,N,N 少量,,
ICC-026,62-76-0,sodium oxalate,0.1522,% (w/w),N,N,N,N,N,N,N,N 少量,,
PSS-PE118K,9002-88-4,"Ethene, homopolymer",100,%,N,N,N,N,N,N,N,N 少量,,
PSS-PE47K,9002-88-4,"Ethene, homopolymer",100,%,N,N,N,N,N,N,N,N 少量,,
CRM868095,75-07-0,acetaldehyde,5月10日,,Y 4類，限值1%,N,N,N,N,N,N,N 少量,毒化物,毒化物+包裝
DVE-294474,86290-81-5,Gasoline,0.01-99,,N,N,N,N,N,N,N,N 少量,,
DVE-294474,71-43-2,Benzene,2.267,%,"N 1,2類，限值70%",N,Y 1目，限值1%,N,N,N,N,N 少量,優先化學品報備,
DVE-294474,98-82-8,Cumene (i-Propylbenzene),0.165,%,N 4類，限值1%,N,N,N,N,N,N,N 少量,,
DVE-294474,110-82-7,Cyclohexane,0.217,%,N 4類，限值1%,N,N 2目少量,N,N,N,N,N 少量,,
DVE-294474,108-20-3,Diisopropyl ether (DIPE),0.01-15,%,N,N,N,N,N,N,N,N 少量,,
DVE-294474,64-17-5,Ethyl Alcohol (Ethanol),0.01-10,%,N,N,N,N,N,N,N,N 少量,,
DVE-294474,100-41-4,Ethyl benzene (Ethylbenzene),1.934,%,N 4類，限值70%,N,N,N,N,N,N,N 少量,,
DVE-294474,637-92-3,Ethyl tertiary butyl ether (ETBE),0.01-15,%,N,N,N,N,N,N,N,N 少量,,
DVE-294474,110-54-3,n-Hexane,0.01-8,%,N,N,N 2目少量,N,N,N,N,N 年用量無超過,,
DVE-294474,91-20-3,naphthalene,0.01-2,% (w/w),N,N,N 2目少量,N,N,N,N,N 年用量無超過,,
DVE-294474,919-94-8,Tertiary-amyl ethyl ether (TAEE),0.01-15,%,N,N,N,N,N,N,N,N 少量,,
DVE-294474,994-05-8,Tertiary-amyl methyl ether (TAME),0.01-17,%,N,N,N,N,N,N,N,N 少量,,
DVE-294474,108-88-3,Toluene,1月25日,%,N,N,N 2目少量,N,N 乙類，限值100%,N,N,N 年用量無超過,,
DVE-294474,95-63-6,"1,2,4-Trimethylbenzene",0.01-6,%,N,N,N,N,N,N,N,N 年用量無超過,,
DVE-294474,25551-13-7,"Trimethylbenzenes, all isomers",0.01-5,%,N,N,N,N,N,N,N,N 少量,,
J/7620/15-000-70FC,1310-73-2,Sodium hydroxide,1.5 - 2,%,N,N,N 2目少量,N,N,N,N,N 少量,,
J/7620/15-000-70FC,7732-18-5,Water,98 - 98.5,%,N,N,N,N,N,N,N,N 少量,,
G1969-85000,3336-58-1,Ammonium trifluoroacetate,0.0017,%,N,N,N,N,N,N,N,N 少量,,
G1969-85000,107-43-7,Betaine,0.0001,%,N,N,N,N,N,N,N,N 少量,,
G1969-85000,16059-16-8,"Hexakis(1H,1H,5H-octafluoropentoxy)phospazine",0.0003,%,N,N,N,N,N,N,N,N 少量,,
G1969-85000,186043-67-4,"Hexakis(1H,1H,9H-perfluorononyloxy)phosphazene",0.0008,%,N,N,N,N,N,N,N,N 少量,,
G1969-85000,186406-47-3,"Hexakis (1H,1H,4H-hexafluorobutyloxy) phosphazine",0.0002,%,N,N,N,N,N,Y,N,N,新化學物質,
G1969-85000,186406-48-4,"Hexakis (1H,1H,6H-Decafluorohexyloxy) phosphazine",0.0002,%,N,N,N,N,N,Y,N,N,新化學物質,
G1969-85000,186406-49-5,"Hexakis (1H,1H,8H-tetradecafluorooctyloxy) phosphazine",0.0005,%,N,N,N,N,N,Y,N,N,新化學物質,
G1969-85000,186817-57-2,"Hexakis(2,2-difluoroethoxy)phosphazine",0.0001,%,N,N,N,N,N,N,N,N 少量,,
G1969-85000,368-66-1,"2,4,6-tris(Trifluoromethyl)-1,3,5-triazine",0.0001,%,N,N,N,N,N,N,N,N 少量,,
G1969-85000,3830-74-8,"Hexakis(1H,1H,7H-dodecafluoroheptoxy)phosphazene",0.0004,%,N,N,N,N,N,N,N,N 少量,,
G1969-85000,58943-98-9,"Hexakis(1H,1H,3H,-tetrafluoropropoxy)phosphazine",0.0001,%,N,N,N,N,N,N,N,N 少量,,
G1969-85000,1975/5/8,Acetonitrile,90-95,%,Y 4類，限值1%,N,N,N,N,N,N,N 少量,毒化物,毒化物+包裝
G1969-85000,7732-18-5,Deionized water,6.6011,%,N,N,N,N,N,N,N,N 少量,,
G1969-85000,915-76-4,Tris(heptafluoropropyl)-s-triazine,0.0001,%,N,N,N,N,N,N,N,N 少量,,
G1969-85000,957-13-1,Hexamethoxyphosphine,0.0001,%,N,N,N,N,N,N,N,N 少量,,
5190-8450,16919-19-0,Ammonium hexafluorosilicate,0.96,%,N,N,N,N,N,N,N,N 少量,,
5190-8450,7732-18-5,Water,99.04,%,N,N,N,N,N,N,N,N 少量,,
AS-D-5441,994-05-8,tert-Amyl methyl ether,0.1,,N,N,N,N,N,N,N,N 少量,,
AS-D-5441,75-65-0,t-Butanol,0.1,,N,N,N,N,N,N,N,N 少量,,
AS-D-5441,637-92-3,EtBE,0.1,,N,N,N,N,N,N,N,N 少量,,
AS-D-5441,7756-94-7,"4,4-Dimethyl-2-neopentyl-1-pentene",0.1,,N,N,N,N,N,N,N,N 少量,,
AS-D-5441,67-56-1,Methanol,0.1,,N,N,N 2目少量,N,N,N,N,N 少量,,
AS-D-5441,78-78-4,2-Methylbutane,0.1,,N,N,N 2目少量,N,N,N,N,N 少量,,
AS-D-5441,513-35-9,2-Methyl-2-butene,0.1,,N,N,N,N,N,N,N,N 少量,,
AS-D-5441,123-48-8,"2,2,4,6,6-Pentamethyl-3-heptene",0.1,,N,N,N,N,N,N,N,N 少量,,
AS-D-5441,109-66-0,Pentane,0.1,,N,N,N 2目少量,N,N,N,N,N 少量,,
AS-D-5441,627-20-3,cis-2-Pentene,0.1,,N,N,N,N,N,N,N,N 少量,,
AS-D-5441,646-04-8,trans-2-Pentene,0.1,,N,N,N,N,N,N,N,N 少量,,
AS-D-5441,107-39-1,"2,4,4-Trimethyl-1-pentene",0.1,,N,N,N,N,N,N,N,N 少量,,
AS-D-5441,1634-04-4,Methyl tert-butyl ether (MtBE),95-100,,Y 4類，限值20%,N,N,N,N,N,N,N 少量,毒化物,毒化物+包裝
ICP-073,7732-18-5,water,99.618,% (w/w),N,N,N,N,N,N,N,N 少量,,
ICP-073,7664-39-3,hydrofluoric acid,0.282,% (w/w),N,N 限值0.1-10%,N 2目少量,N,N,N,N,N 少量,,關注+包裝
ICP-073,7440-25-7,"tantalum, soluble compounds as Ta",0.1,% (w/w),N,N,N,N,N,N,N,N 少量,,
49451-U,110-54-3,n-Hexane,>= 90 - <=100 %,,N,N,N 2目少量,N,N,N,N,N 年用量無超過,,
49451-U,111-84-2,N-NONANE,>= 0.1 - < 1%,,N,N,N,N,N,N,N,N 少量,,
49451-U,111-65-9,n-octane,>= 0.1 - < 1%,,N,N,N,N,N,N,N,N 少量,,
49451-U,142-82-5,n-heptane,>= 0.1 - < 1%,,N,N,N,N,N,N,N,N 年用量無超過,,
49451-U,124-18-5,n-Decane,>= 0.1 - < 1%,,N,N,N,N,N,N,N,N 少量,,
49451-U,1120-21-4,n-Hendecane,>= 0.1 - < 1%,,N,N,N,N,N,N,N,N 少量,,
49451-U,112-40-3,Dodecane,>= 0.1 - < 1%,,N,N,N,N,N,N,N,N 少量,,
49451-U,629-50-5,n-Tridecane,>= 0.1 - < 1%,,N,N,N,N,N,N,N,N 少量,,
49451-U,629-59-4,"	Tetradecane",>= 0.1 - < 1%,,N,N,N,N,N,N,N,N 少量,,
49451-U,629-62-9,N-PENTADECANE,>= 0.1 - < 1%,,N,N,N,N,N,N,N,N 少量,,
49451-U,544-76-3,N-Hexadecane,>= 0.1 - < 1%,,N,N,N,N,N,N,N,N 少量,,
49451-U,629-78-7,"	n-Heptadecane",>= 0.1 - < 1%,,N,N,N,N,N,N,N,N 少量,,
49451-U,593-45-3,Octadecane,>= 0.1 - < 1%,,N,N,N,N,N,N,N,N 少量,,
49451-U,629-92-5,N-NONADECANE,>= 0.1 - < 1%,,N,N,N,N,N,N,N,N 少量,,
49451-U,112-95-8,N-EICOSANE,>= 0.1 - < 1%,,N,N,N,N,N,N,N,N 少量,,
49451-U,629-94-7,N-HENEICOSANE,>= 0.1 - < 1%,,N,N,N,N,N,N,N,N 少量,,
49451-U,629-97-0,N-DOCOSANE,>= 0.1 - < 1%,,N,N,N,N,N,N,N,N 少量,,
49451-U,638-67-5,N-TRICOSANE,>= 0.1 - < 1%,,N,N,N,N,N,N,N,N 少量,,
49451-U,646-31-1,N-TETRACOSANE,>= 0.1 - < 1%,,N,N,N,N,N,N,N,N 少量,,
49451-U,629-99-2,N-PENTACOSANE,>= 0.1 - < 1%,,N,N,N,N,N,N,N,N 少量,,
49451-U,630-01-3,N-HEXACOSANE,>= 0.1 - < 1%,,N,N,N,N,N,N,N,N 少量,,
49451-U,593-49-7,"	N-HEPTACOSANE",>= 0.1 - < 1%,,N,N,N,N,N,N,N,N 少量,,
49451-U,630-02-4,n-Octacosane,>= 0.1 - < 1%,,N,N,N,N,N,N,N,N 少量,,
49451-U,630-03-5,N-NONACOSANE,>= 0.1 - < 1%,,N,N,N,N,N,N,N,N 少量,,
49451-U,638-68-6,N-TRIACONTANE,>= 0.1 - < 1%,,N,N,N,N,N,N,N,N 少量,,
NH-290-1,67-56-1,methanol,99.9874,% (w/w),N,N,N 2目少量,N,N,N,N,N 少量,,
NH-290-1,110-86-1,pyridine,0.0126,% (w/w),N 1類，限值1%,N,N,N,N,N,N,N 少量,,
PSS-PS1M,9003-53-6,Poly(styrene),100,%,N,N,N,N,N,N,N,N 少量,,
5211,9003-53-6,Poly(styrene),99.9,%,N,N,N,N,N,N,N,N 少量,,
5080-8858,106-48-9,4-Chlorophenol,"911,0000 PPM",,N,N,N 2目少量,N,N 乙類，限值100%,N,N,N 年用量無超過,,
5080-8858,108-88-3,Toluene,99.1837,%,N,N,N 2目少量,N,N 乙類，限值100%,N,N,N 年用量無超過,,
5080-8858,109-66-0,Pentane,"717,4000 PPM",,N,N,N 2目少量,N,N,N,N,N 少量,,
5080-8858,110-42-9,Methyl decanoate,"364,4000 PPM",,N,N,N,N,N,N,N,N 少量,,
5080-8858,1120-21-4,Undecane,"364,4000 PPM",,N,N,N,N,N,N,N,N 少量,,
5080-8858,112-53-8,Dodecan-1-ol,"1.070,4000 PPM",,N,N,N,N,N,N,N,N 少量,,
5080-8858,2016-57-1,Decylamine,"911,0000 PPM",,N,N,N,N,N,N,N,N 少量,,
5080-8858,208-96-8,Acenaphthylene,"1.002,1000 PPM",,N,N,N,N,N,N,N,N 少量,,
5080-8858,629-50-5,Tridecane,"592,1000 PPM",,N,N,N,N,N,N,N,N 少量,,
5080-8858,629-59-4,Tetradecane,"1.070,4000 PPM",,N,N,N,N,N,N,N,N 少量,,
5080-8858,629-62-9,Pentadecane,"1.161,5000 PPM",,N,N,N,N,N,N,N,N 少量,,
5188-5357,21674-38-4,"2,4,6-tris(Pentadecafluoroheptyl)-1,3,5-triazine",0.0015,%,N,N,N,N,N,N,N,N 少量,,
5188-5357,110-54-3,n-Hexane,99.9985,%,N,N,N 2目少量,N,N,N,N,N 年用量無超過,,
5190-8257,7429-90-5,Aluminium,0.0993,%,N,N,N,N,N,N,N,N 少量,,
5190-8257,7647-01-0,Hydrochloric acid,1.85,%,N,N,N 2目少量,N,N 乙類，限值100%,N,N,N 少量,,
5190-8257,7732-18-5,Water,98.0507,%,N,N,N,N,N,N,N,N 少量,,
5190-8308,16919-19-0,Ammonium hexafluorosilicate,0.0996,%,N,N,N,N,N,N,N,N 少量,,
5190-8308,7732-18-5,Water,99.9004,%,N,N,N,N,N,N,N,N 少量,,
5190-8603,534-16-7,Silver(I) carbonate,0.01,%,N,N,N,N,N,N,N,N 少量,,
5190-8603,555-31-7,Aluminum isopropoxide,0.01,%,N,N,N,N,N,N,N,N 少量,,
5190-8603,10043-35-3,Boric acid,0.01,%,N,N,N 1目，限值1%,N,N,N,N,N 少量,,
5190-8603,1304-28-5,"Barium oxide, obtained by calcining witherite",0.01,%,N,N,N,N,N,N,N,N 少量,,
5190-8603,471-34-1,Calcium carbonate,0.01,%,N,N,N,N,N,N,N,N 少量,,
5190-8603,543-90-8,Cadmium acetate dihydrate,0.01,%,N,N,N,N,N,N,N,N 少量,,
5190-8603,39430-51-8,Chromium(III) acetate hydroxide,0.01,%,N,N,N,N,N,N,N,N 少量,,
5190-8603,142-71-2,Copper(II) Acetate,0.01,%,N,N,N,N,N,N,N,N 少量,,
5190-8603,7705-08-0,Iron(III) chloride,0.01,%,N,N,N 2目少量,N,N,N,N,N 少量,,
5190-8603,584-08-7,Potassium carbonate,0.01,%,N,N,N,N,N,N,N,N 少量,,
5190-8603,1309-48-4,Magnesium oxide,0.01,%,N,N,N,N,N,N,N,N 少量,,
5190-8603,638-38-0,Manganese(II) acetate,0.01,%,N,N,N,N,N,N,N,N 少量,,
5190-8603,1313-27-5,Molybdenum(VI) oxide,0.01,%,N,N,N,N,N,N,N,N 少量,,
5190-8603,497-19-8,Sodium carbonate,0.01,%,N,N,N,N,N,N,N,N 少量,,
5190-8603,373-02-4,Nickel(II) acetate,0.01,%,N,N,N 1目，限值1%,N,N,N,N,N 少量,,
5190-8603,1314-56-3,Phosphorus pentoxide,0.01,%,N,N,N 2目少量,N,N,N,N,N 少量,,
5190-8603,301-04-2,Lead(II) acetate,0.01,%,N,N,N 附錄一限值>1%,N,N,N,N,N 少量,,
5190-8603,7631-86-9,Silicon dioxide,0.01,%,N,N,N,N,N,N,N,N 少量,,
5190-8603,18282-10-5,Tin(IV) oxide,0.01,%,N,N,N,N,N,N,N,N 少量,,
5190-8603,546-68-9,Titanium(IV) isoperoxide,0.01,%,N,N,N,N,N,N,N,N 少量,,
5190-8603,1314-62-1,Divanadium pentaoxide,0.01,%,N,N,N 2目少量,N,N,N,N,N 少量,,
5190-8603,1314-13-2,Zinc oxide,0.01,%,N,N,N,N,N,N,N,N 少量,,
5190-8603,8042-47-5,White mineral oil (petroleum),99.78,%,N,N,N,N,N,N,N,N 少量,,
5190-8754,7705-08-0,Iron(III) chloride,0.1,%,N,N,N 2目少量,N,N,N,N,N 少量,,
5190-8754,8042-47-5,White mineral oil (petroleum),99.9,%,N,N,N,N,N,N,N,N 少量,,
5190-8755,7705-08-0,Iron(III) chloride,0.5,%,N,N,N 2目少量,N,N,N,N,N 少量,,
5190-8755,8042-47-5,White mineral oil (petroleum),99.5,%,N,N,N,N,N,N,N,N 少量,,
GX96-100,7732-18-5,"water, distilled, conductivity or of similar purity",99.3,%,N,N,N,N,N,N,N,N 少量,,
GX96-100,77-86-1,trometamol,0.31,%,N,N,N,N,N,N,N,N 少量,,
GX96-100,7647-14-5,sodium chloride,0.29,%,N,N,N,N,N,N,N,N 少量,,
GX96-100,83534-39-8,Glycopeptidase,0.1,%,N,N,N,N,N,N,N,N 少量,,
GX96-100,7732-18-5,"water, distilled, conductivity or of similar purity",90.814,%,N,N,N,N,N,N,N,N 少量,,
GX96-100,7365-45-9,4-(2-hydroxyethyl)piperazine-1-ethanesulfonic acid,8.936,%,N,N,N,N,N,N,N,N 少量,,
GX96-100,75-59-2,tetramethylammonium hydroxide,0.2,%,N,N,N 2目少量,N,N,N,N,N 年用量無超過,,
GX96-100,26628-22-8,sodium azide,0.05,%,N,N 限值95%,N,N,N,N,N,N 少量,,
GX96-100,7732-18-5,"water, distilled, conductivity or of similar purity",98.08,%,N,N,N,N,N,N,N,N 少量,,
GX96-100,2044-56-6,Lithium dodecyl sulfate,<5.0000,%,N,N,N,N,N,N,N,N 少量,,
GX96-100,10581-12-1,tetramethylammonium acetate,0.67,%,N,N,N,N,N,N,N,N 少量,,
GX96-401,64-19-7,acetic acid ,55,%,N,N,N 2目少量,N,N,N,N,N 少量,,
GX96-401,67-68-5,dimethyl sulfoxide,35,%,N,N,N,N,N,N,N,N 少量,,
GX96-401,88-68-6,anthranilamide,10,%,N,N,N,N,N,N,N,N 少量,,
GX96-401,67-68-5,dimethyl sulfoxide,86,%,N,N,N,N,N,N,N,N 少量,,
GX96-401,25895-60-7,sodium cyanborohydride,14,%,N,N,N,N,N,N,N,N 少量,,
GX96-401,67-68-5,dimethyl sulfoxide,75,%,N,N,N,N,N,N,N,N 少量,,
GX96-401,381-73-7,difluoroacetic acid,25,%,N,N,N,N,N,N,N,N 少量,,
GX96-401,7732-18-5,"water, distilled, conductivity or of similar purity",90,%,N,N,N,N,N,N,N,N 少量,,
GX96-401,64-19-7,acetic acid,10,%,N,N,N 2目少量,N,N,N,N,N 少量,,
GKI-4726,9004-34-6,Cellulose,100,%,N,N,N,N,N,N,N,N 少量,,
5061-3339,7732-18-5,Water,98.63,%,N,N,N,N,N,N,N,N 少量,,
5061-3339,1310-73-2,Sodium hydroxide,0.5,%,N,N,N 2目少量,N,N,N,N,N 少量,,
5061-3339,10043-35-3,Boric acid,0.87,%,N,N,N 1目，限值1%,N,N,N,N,N 少量,,
8500-6945,7440-16-6,Rhodium,0.001,%,N,N,N,N,N,N,N,N 少量,,
8500-6945,7647-01-0,Hydrochloric acid,2.2,%,N,N,N 2目少量,N,N 乙類，限值100%,N,N,N 少量,,
8500-6945,7732-18-5,Water,97.999,%,N,N,N,N,N,N,N,N 少量,,
5190-8562,7440-36-0,Antimony,0.001,%,N,N,N,N,N,N,N,N 少量,,
5190-8562,87-69-4,l-Tartaric acid,0.1,%,N,N,N,N,N,N,N,N 少量,,
5190-8562,7697-37-2,Nitric acid,1,%,N,N,N 2目少量,N,N,N,N,N 少量,,
5190-8562,7732-18-5,Water,98.899,%,N,N,N,N,N,N,N,N 少量,,
5190-8578,256652-08-1,Scandium oxide,0.001,%,N,N,N,N,N,Y,N,N,新化學物質,
5190-8578,7697-37-2,Nitric acid,1.34,%,N,N,N 2目少量,N,N,N,N,N 少量,,
5190-8578,7732-18-5,Water,98.659,%,N,N,N,N,N,N,N,N 少量,,
5191-4557,7732-18-5,Water,94.8357,%,N,N,N,N,N,N,N,N 少量,,
5191-4557,7697-37-2,Nitric acid,4.5,%,N,N,N 2目少量,N,N,N,N,N 少量,,
5191-4557,7664-39-3,Hydrofluoric Acid,0.2,%,N,N 限值0.1-10%,N 2目少量,N,N,N,N,N 少量,,關注+包裝
5191-4557,7439-98-7,Molybdenum,0.15,%,N,N,N,N,N,N,N,N 少量,,
5191-4557,7789/2/8,"Chromium(III) nitrate, nonahydrate (1:3:9)",0.11,%,N,N,N,N,N,N,N,N 少量,,
5191-4557,10022-31-8,Barium nitrate,0.07,%,N,N,N,N,N,N,N,N 少量,,
5191-4557,7440-31-5,Tin,0.06,%,N,N,N,N,N,N,N,N 少量,,
5191-4557,7440-50-8,Copper,0.03,%,N,N,N,N,N,N,N,N 少量,,
5191-4557,554-13-2,Lithium carbonate,0.025,%,N,N,N,N,N,N,N,N 少量,,
5191-4557,7440-36-0,Antimony,0.009,%,N,N,N,N,N,N,N,N 少量,,
5191-4557,7782-49-2,Selenium,0.008,%,N,N,N,N,N,N,N,N 少量,,
5191-4557,7440-22-4,Silver,0.0015,%,N,N,N,N,N,N,N,N 少量,,
5191-4557,7440-28-0,Thallium,0.0008,%,N,N,N,N,N,N,N,N 少量,,
PSS-PEO1.2M,25322-68-3,Poly(ethylene oxide),100,%,N,N,N,N,N,N,N,N 少量,,
PSS-PEO700K,25322-68-3,Poly(ethylene oxide),100,%,N,N,N,N,N,N,N,N 少量,,
PSS-PUL1.3M,9057/2/7,Pullulan,100,%,N,N,N,N,N,N,N,N 少量,,
PSS-PUL800K,9057/2/7,Pullulan,100,%,N,N,N,N,N,N,N,N 少量,,
PSS-PUL400K,9057/2/7,Pullulan,100,%,N,N,N,N,N,N,N,N 少量,,
PL2020-0200,9011-14-7,Poly(methyl methacrylate),100,%  ,N,N,N,N,N,N,N,N 少量,,
PSS-PUL50K,9057/2/7,Pullulan,100,%,N,N,N,N,N,N,N,N 少量,,
7504CK-BZ,106-42-3,P-XYLENE ,50.3,ppm,N,N,N 2目少量,N,N,N,N,N 少量,,
7504CK-BZ,108-38-3,"M-XYLENE (1,3-Dimethylbenzene)",50.3,ppm,N,N,N 2目少量,N,N,N,N,N 少量,,
7504CK-BZ,108-88-3,Toluene,102,ppm,N,N,N 2目少量,N,N 乙類，限值100%,N,N,N 年用量無超過,,
7504CK-BZ,110-54-3,n-Hexane,502,ppm,N,N,N 2目少量,N,N,N,N,N 年用量無超過,,
7504CK-BZ,123-91-1,"1,4-dioxane",10.1,ppm,N 1類，限值1%,N,N 2目少量,N,N,N,N,N 少量,,
7504CK-BZ,71-43-2,Benzene,10,ppm,"N 1,2類，限值70%",N,N 1目，限值1%,N,N,N,N,N 少量,,
7504CK-BZ,95-47-6,"o-Xylene (1,2-Dimethylbenzene)",30.2,ppm,N,N,N 2目少量,N,N,N,N,N 少量,,
7504CK-BZ,98-82-8,Cumene (i-Propylbenzene),10.1,ppm,N 4類，限值1%,N,N,N,N,N,N,N 少量,,
ICC-033,7732-18-5,water,98.7677,% (w/w),N,N,N,N,N,N,N,N 少量,,
ICC-033,497-19-8,sodium carbonate,0.8826,% (w/w),N,N,N,N,N,N,N,N 少量,,
ICC-033,144-55-8,Sodium Bicarbonate,0.3497,% (w/w),N,N,N,N,N,N,N,N 少量,,
5190-0521,10024-97-2,Dinitrogen oxide,"0,0001-5",%,N,Y 管制全濃度,N 2目少量,N,N,N,N,N 少量,關注化學物質,關注+包裝
5190-0521,124-38-9,Carbon dioxide,"0,0600 %",,N,N,N,N,N,N,N,N 少量,,
5190-0521,74-82-8,Methane,"0,0005 %",,N,N,N 2目少量,N,N,N,N,N 少量,,
5190-0521,7727-37-9,Nitrogen,9993.9,,N,N,N,N,N,N,N,N 少量,,
5190-8567,7440-43-9,Cadmium,0.001,%,"N 2,3類，限值95%",N,N 2目少量,N,N,N,N,N 少量,,
5190-8567,7697-37-2,Nitric acid,1.35,%,N,N,N 2目少量,N,N,N,N,N 少量,,
5190-8567,7732-18-5,Water,98.649,%,N,N,N,N,N,N,N,N 少量,,
5190-8576,7440-02-0,Nickel,0.001,%,N,N,N 2目少量,N,N,N,N,N 少量,,
5190-8576,7697-37-2,Nitric acid,1.34,%,N,N,N 2目少量,N,N,N,N,N 少量,,
5190-8576,7732-18-5,Water,98.659,%,N,N,N,N,N,N,N,N 少量,,
PSS-DXT25K,9004-54-0,Dextran,100,%,N,N,N,N,N,N,N,N 少量,,
PSS-DXT20K,9004-54-0,Dextran,100,%,N,N,N,N,N,N,N,N 少量,,
PSS-DXT10K,9004-54-0,Dextran,100,%,N,N,N,N,N,N,N,N 少量,,
PSS-DXT5K,9004-54-0,Dextran,100,%,N,N,N,N,N,N,N,N 少量,,
G1982-85001,186406-47-3,"Hexakis (1H,1H,4H-hexafluorobutyloxy) phosphazine",100,%,N,N,N,N,N,Y,N,N,新化學物質,
5190-8295,7439-97-6,Mercury,0.1,%,N 1類，限值95%,N,N 附錄一限值>1%,N,N,N,N,N 少量,,
5190-8295,7697-37-2,Nitric acid,4,%,N,N,N 2目少量,N,N,N,N,N 少量,,
5190-8295,7732-18-5,Water,95.9,%,N,N,N,N,N,N,N,N 少量,,
5190-8234,7440-66-6,Zinc,1,%,N,N,N 2目少量,N,N,N,N,N 少量,,
5190-8234,7697-37-2,Nitric acid,5,%,N,N,N 2目少量,N,N,N,N,N 少量,,
5190-8234,7732-18-5,Water,94,%,N,N,N,N,N,N,N,N 少量,,
PSS-PSSB100K,9080-79-9,Poly(styrene sulfonate) sodium salt,100,%,N,N,N,N,N,N,N,N 少量,,
PSS-PSS20K,9080-79-9,Poly(styrene sulfonate) sodium salt,100,%,N,N,N,N,N,N,N,N 少量,,
PSS-PSS10K,9080-79-9,Poly(styrene sulfonate) sodium salt,100,%,N,N,N,N,N,N,N,N 少量,,
PSS-PSS4.2K,9080-79-9,Poly(styrene sulfonate) sodium salt,100,%,N,N,N,N,N,N,N,N 少量,,
PL2020-0100,9011-14-7,Poly(methyl methacrylate),100,%  ,N,N,N,N,N,N,N,N 少量,,
A22905-0001,1336-21-6,Ammonium hydroxide,29,% (w/w),N,N,N 2目少量,N,N,N,N,N 年用量無超過,,
H27005-0001,7697-37-2,Nitric acid,70,%,N,N,N 2目少量,N,N,N,N,N 少量,,
H13605-0001,7647-01-0,Hydrochloric acid,36,%,N,N,N 2目少量,N,N 乙類，限值100%,N,N,N 少量,,
H24905-0001,7664-39-3,Hydrofluoric Acid,45-50,%,N,Y 限值0.1-10%,N 2目少量,N,N,N,N,N 少量,關注化學物質,關注+包裝
H24905-0001,7732-18-5,water,51,%,N,N,N,N,N,N,N,N 少量,,
H19605-0001,7664-93-9,Sulfuric acid,96,%  ,N,N,N 2目少量,N,N 乙類，限值100%,N,N,N 少量,,
H33105-0001,7722-84-1,Hydrogen peroxide,31,%  ,N,N,N 2目少量,N,N,N,N,N 少量,,
P31005-0001,67-63-0,Isopropanol,100,%,N,N,N 2目少量,N,N,N,N,N 少量,,
PSS-PDMKIT,63148-62-9,Poly(dimethyl siloxane),100,%,N,N,N,N,N,N,N,N 少量,,
G1969-85010,120-73-0,Purine,"10,0000 PPM",,N,N,N,N,N,N,N,N 少量,,
G1969-85010,16059-16-8,"Hexakis(1h,1h,5h-octafluoropentoxy)phosphazine","10,0000 PPM",,N,N,N,N,N,N,N,N 少量,,
G1969-85010,186406-47-3,"Hexakis(1h,1h,4h-hexafluorobutyloxy)phosphazine","10,0000 PPM",,N,N,N,N,N,Y,N,N,新化學物質,
G1969-85010,186406-48-4,"Hexakis(1h,1h,6h-decafluorohexyloxy)phosphazine","10,0000 PPM",,N,N,N,N,N,Y,N,N,新化學物質,
G1969-85010,186817-57-2,"Hexakis(2,2-difluoroethoxy)phosphazine","10,0000 PPM",,N,N,N,N,N,N,N,N 少量,,
G1969-85010,368-66-1,"2,4,6-tris(Trifluoromethyl)-1,3,5-triazine","10,0000 PPM",,N,N,N,N,N,N,N,N 少量,,
G1969-85010,3830-74-8,"Hexakis(1h,1h,7h-dodecafluoroheptoxy)phosphazine","10,0000 PPM",,N,N,N,N,N,N,N,N 少量,,
G1969-85010,58943-98-9,"Hexakis(1h,1h,3h-tetrafluoropropoxy)phosphazine","10,0000 PPM",,N,N,N,N,N,N,N,N 少量,,
G1969-85010,67-56-1,Methanol,14,%,N,N,N 2目少量,N,N,N,N,N 少量,,
G1969-85010,67-66-3,Chloroform,1,%,N 1類，限值50%,N,N 2目少量,N,N,N,N,N 少量,,
G1969-85010,1975/5/8,Acetonitrile,80-85,%,Y 4類，限值1%,N,N,N,N,N,N,N 少量,毒化物,毒化物+包裝
G1969-85010,957-13-1,Hexamethoxyphosphine,"10,0000 PPM",,N,N,N,N,N,N,N,N 少量,,
G1946-85004,67-63-0,Isopropanol                                                                                                                         ,44.0087,%  ,N,N,N 2目少量,N,N,N,N,N 少量,,
G1946-85004,7732-18-5,water (Drinking water)                                                                                                              ,55.9907,%  ,N,N,N,N,N,N,N,N 少量,,
G1946-85004,50-55-5,Reserpine                                                                                                                           ,0.0006,%  ,N,N,N,N,N,N,N,N 少量,,
G1947-60600      ,67-63-0,propan-2-ol                                                                                                                         ,44.0087,%  ,N,N,N 2目少量,N,N,N,N,N 少量,,
G1947-60600      ,7732-18-5,water                                                                                                                               ,55.9907,%  ,N,N,N,N,N,N,N,N 少量,,
G1947-60600      ,50-55-5,reserpine                                                                                                                           ,0.0006,%  ,N,N,N,N,N,N,N,N 少量,,
G1947-60600      ,67-64-1,acetone                                                                                                                             ,4,%  ,N,N,N 2目少量,N,N 乙類，限值100%,N,N,N 少量,,
G1947-60600      ,3830-74-8,"1,3,5,2,4,6-Triazatriphosphorine, 2,2,4,4,6,6-hexakis[(2,2,3,3,4,4,5,5,6,6,7,7-dodecafluoroheptyl)oxy]-2,2,4,4,6,6-hexahydro-       ",42,PPM,N,N,N,N,N,N,N,N 少量,,
G1947-60600      ,1975/5/8,acetonitrile                                                                                                                        ,70-75,%  ,Y 4類，限值1%,N,N,N,N,N,N,N 少量,毒化物,毒化物+包裝
G1947-60600      ,7732-18-5,water                                                                                                                               ,5.14,%  ,N,N,N,N,N,N,N,N 少量,,
G1947-60600      ,120-73-0,purine                                                                                                                              ,8,PPM,N,N,N,N,N,N,N,N 少量,,
G1947-60600      ,186817-57-2,"1,3,5,2,4,6-Triazatriphosphorine, 2,2,4,4,6,6-hexakis(2,2-difluoroethoxy)-2,2,4,4,6,6-hexahydro-                                    ",8,PPM,N,N,N,N,N,N,N,N 少量,,
G1947-60600      ,67-66-3,chloroform (Technical grade)                                                                                                        ,1.8,%  ,N 1類，限值50%,N,N 2目少量,N,N,N,N,N 少量,,
G1947-60600      ,58943-98-9,"2#5,4#5,6#5-1,3,5,2,4,6-Triazatriphosphorine, 2,2,4,4,6,6-hexakis(2,2,3,3-tetrafluoropropoxy)-                                      ",14,PPM,N,N,N,N,N,N,N,N 少量,,
G1947-60600      ,957-13-1,"2#5,4#5,6#5-1,3,5,2,4,6-Triazatriphosphorine 1,3,5,2,4,6-Triazatriphosphorine, 2,2,4,4,6,6-hexamethoxy-                             ",2,PPM,N,N,N,N,N,N,N,N 少量,,
G1947-60600      ,16059-16-8,"Hexakis(1H,1H,5H-octafluoropentoxy)phospazine                                                                                       ",20,PPM,N,N,N,N,N,N,N,N 少量,,
G1947-60600      ,67-56-1,methanol (Solution)                                                                                                                 ,15,%  ,N,N,N 2目少量,N,N,N,N,N 少量,,
PSS-PSS3.2M,9080-79-9,Poly(styrene sulfonate) sodium salt,100,%,N,N,N,N,N,N,N,N 少量,,
PSS-PS5M,9003-53-6,Poly(styrene),100,%,N,N,N,N,N,N,N,N 少量,,
PSS-PS10M,9003-53-6,Poly(styrene),100,%,N,N,N,N,N,N,N,N 少量,,
PSS-PS15M,9003-53-6,Poly(styrene),100,%,N,N,N,N,N,N,N,N 少量,,
5190-8446,12060-08-1,Scandium Oxide,1,%,N,N,N,N,N,N,N,N 少量,,
5190-8446,7697-37-2,Nitric acid,5,%,N,N,N 2目少量,N,N,N,N,N 少量,,
5190-8446,7732-18-5,Water,94,%,N,N,N,N,N,N,N,N 少量,,
AS-M-GRO-IS-5ML,110-71-4,ethylene glycol dimethyl ether,100,%,N,N,N 1目，限值1%,N,N,N,N,N 少量,,
PSS-PDM10K,63148-62-9,Poly(dimethyl siloxane),100,%,N,N,N,N,N,N,N,N 少量,,
PSS-PDM15.5K,63148-62-9,Poly(dimethyl siloxane),100,%,N,N,N,N,N,N,N,N 少量,,
PSS-PDM320K,63148-62-9,Poly(dimethyl siloxane),100,%,N,N,N,N,N,N,N,N 少量,,
PSS-DXT504,207511-08-8,"D-Glucose, O-α-D-glucopyranosyl-(1→4)-O-α-D-glucopyranosyl-(1→4)-, hydrate",100,%,N,N,N,N,N,N,N,N 少量,,
5191-4506,7732-18-5,Water,99.912,%,N,N,N,N,N,N,N,N 少量,,
5191-4506,1984-15-2,Methylene Diphosphonic Acid,0.088,%,N,N,N,N,N,N,N,N 少量,,
GS96-PC,1968/12/2,"N,N-dimethylformamide",90,%,Y 2類，限值30%,N,Y 1目，限值1%,N,N,N,N,N 少量,毒化物、優先化學品報備,毒化物+包裝
GS96-PC,17252-51-6,"1,3-Di(4-pyridyl)propane",10,%,N,N,N,N,N,N,N,N 少量,,
GS96-PC,2050902-45-7,Dioxo-pyrrolidin-yloxycarbonylamino-benzoic acid ester,100,%,N,N,N,N,N,Y,N,N,新化學物質,
GS96-PC,2050902-45-7,InstantPC Dye,100,% (w/w),N,N,N,N,N,Y,N,N,新化學物質,
PSS-MM4K,9011-14-7,Poly(methyl methacrylate),100,%  ,N,N,N,N,N,N,N,N 少量,,
PSS-MM210K,9011-14-7,Poly(methyl methacrylate),100,%  ,N,N,N,N,N,N,N,N 少量,,
PSS-MM340K,9011-14-7,Poly(methyl methacrylate),100,%  ,N,N,N,N,N,N,N,N 少量,,
PSS-MM470K,9011-14-7,Poly(methyl methacrylate),100,%  ,N,N,N,N,N,N,N,N 少量,,
PSS-MM615K,9011-14-7,Poly(methyl methacrylate),100,%  ,N,N,N,N,N,N,N,N 少量,,
PSS-MM850K,9011-14-7,Poly(methyl methacrylate),100,%  ,N,N,N,N,N,N,N,N 少量,,
PSS-MM1M,9011-14-7,Poly(methyl methacrylate),100,%  ,N,N,N,N,N,N,N,N 少量,,
PSS-PS360,9003-53-6,Poly(styrene),100,%,N,N,N,N,N,N,N,N 少量,,
5191-4496,1975/5/8,Acetonitrile,100,%,Y 4類，限值1%,N,N,N,N,N,N,N 少量,毒化物,毒化物+包裝
PFS-1633-NAM,67-56-1,Methanol,95.954,%,N,N,N 2目少量,N,N,N,N,N 少量,,
PFS-1633-NAM,7732-18-5,Water,3.998,%,N,N,N,N,N,N,N,N 少量,,
PFS-1633-NAM,73606-19-6,9-chlorohexadecafluoro-3-oxanone-1-sulfonic acid - K salt (9Cl-PF3ONS),0.0012,%,N,N,N,N,N,Y,N,N,新化學物質,
PFS-1633-NAM,4151-50-2,Sulfluramid,0.0012,%,N,N,N,N,N,N,N,N 少量,,
PFS-1633-NAM,377-73-1,Perfluoro-3-methoxypropanoic acid (PFMPA),0.0012,%,N,N,N,N,N,Y,N,N,新化學物質,
PFS-1633-NAM,356-02-5,"2H,2H,3H,3H-Perfluorohexanoic Acid",0.0012,%,N,N,N,N,N,Y,N,N,新化學物質,
PFS-1633-NAM,2706-90-3,Perfluoropentanoic acid (PFPeA),0.0012,%,N,N,N,N,N,N,N,N 少量,,
PFS-1633-NAM,375-73-5,Perfluorobutane sulfonic acid (PFBS),0.0012,%,N,N,N,N,N,N,N,N 少量,,
PFS-1633-NAM,863090-89-5,Perfluoro-4-methoxybutanoic acid (PFMBA),0.0012,%,N,N,N,N,N,Y,N,N,新化學物質,
PFS-1633-NAM,113507-82-7,Perfluoro(2-ethoxyethane) sulfonic acid (PFEESA),0.0012,%,N,N,N,N,N,Y,N,N,新化學物質,
PFS-1633-NAM,151772-58-6,"Perfluoro-3,6-dioxaheptanoic acid (PFDHA)",0.0012,%,N,N,N,N,N,Y,N,N,新化學物質,
PFS-1633-NAM,757124-72-4,"1H,1H,2H,2H-Perfluorohexanesulfonic Acid",0.0012,%,N,N,N,N,N,Y,N,N,新化學物質,
PFS-1633-NAM,307-24-4,Perfluorohexanoic acid (PFHxA),0.0012,%,N,N,N,N,N,N,N,N 少量,,
PFS-1633-NAM,2706-91-4,Perfluoropentanesulfonic Acid,0.0012,%,N,N,N,N,N,Y,N,N,新化學物質,
PFS-1633-NAM,13252-13-6,Tetrafluoro-2-(heptafluoropropoxy)propanoic acid (HFPO-DA),0.0012,%,N,N,N,N,N,N,N,N 少量,,
PFS-1633-NAM,375-85-9,Perfluoroheptanoic acid (PFHPA),0.0012,%,N,N,N,N,N,N,N,N 少量,,
PFS-1633-NAM,355-46-4,Perfluorohexanesulfonic Acid,0.0001-5,%,Y 1類，全濃度,N,N,N,N,N,N,N 少量,毒化物,毒化物+包裝
PFS-1633-NAM,914637-49-3,"2H,2H,3H,3H-Perfluorooctanoic Acid",0.0012,%,N,N,N,N,N,Y,N,N,新化學物質,
PFS-1633-NAM,919005-14-4,"Dodecafluoro-3H-4,8-dioxanonanoic acid (DONA)",0.0012,%,N,N,N,N,N,Y,N,N,新化學物質,
PFS-1633-NAM,27619-97-2,"1H,1H,2H,2H-Perfluorooctanesulfonic Acid",0.0012,%,N,N,N,N,N,N,N,N 少量,,
PFS-1633-NAM,335-67-1,Perfluorooctanoic acid (PFOA),0.0001-5,%,"Y 1,2,4類，現改為全濃度，原限值0.01%",N,N,N,N,N,N,N 少量,毒化物,毒化物+包裝
PFS-1633-NAM,375-92-8,Perfluoroheptanesulfonic Acid,0.0012,%,N,N,N,N,N,Y,N,N,新化學物質,
PFS-1633-NAM,1763-23-1,Perfluorooctane sulfonic acid (PFOS),0.0001-5,%,"Y 1,2,4類，現改為全濃度，原限值0.01%",N,N,N,N,N,N,N 少量,毒化物,毒化物+包裝
PFS-1633-NAM,375-95-1,Perfluorononanoic acid (PFNA),0.0012,%,N,N,N,N,N,N,N,N 少量,,
PFS-1633-NAM,812-70-4,"2H,2H,3H,3H-Perfluorodecanoic Acid",0.0012,%,N,N,N,N,N,Y,N,N,新化學物質,
PFS-1633-NAM,98789-57-2,Perfluorononanesulfonate - Na salt (PFNS),0.0012,%,N,N,N,N,N,Y,N,N,新化學物質,
PFS-1633-NAM,39108-34-4,"1H,1H,2H,2H-Perfluorodecanesulfonic Acid",0.0012,%,N,N,N,N,N,N,N,N 少量,,
PFS-1633-NAM,335-76-2,Perfluorodecanoic acid (PFDA),0.0012,%,N,N,N,N,N,N,N,N 少量,,
PFS-1633-NAM,2355-31-9,N-methylperfluorooctanesulfonamidoacetic acid - mixed isomers (N-MeFOSAA),0.0012,%,N,N,N,N,N,Y,N,N,新化學物質,
PFS-1633-NAM,335-77-3,Perfluorodecanesulfonic Acid,0.0012,%,N,N,N,N,N,Y,N,N,新化學物質,
PFS-1633-NAM,2058-94-8,Perfluoroundecanoic acid (PFUnDA),0.0012,%,N,N,N,N,N,N,N,N 少量,,
PFS-1633-NAM,2991-50-6,N-ethyl perfluorooctanesulfonamidoacetic acid - mixed isomers (N-EtFOSAA),0.0012,%,N,N,N,N,N,Y,N,N,新化學物質,
PFS-1633-NAM,754-91-6,Perfluorooctanesulfonamide (PFOSA),0.0012,%,N,N,N,N,N,N,N,N 少量,,
PFS-1633-NAM,83329-89-9,11-chloroeicosafluoro-3-oxaundecane-1-sulfonic acid - K salt (11Cl-PF3OUDS),0.0012,%,N,N,N,N,N,Y,N,N,新化學物質,
PFS-1633-NAM,307-55-1,Perfluorododecanoic acid (PFDoDA),0.0012,%,N,N,N,N,N,N,N,N 少量,,
PFS-1633-NAM,1260224-54-1,Perfluorododecanesulfonic Acid Sodium,0.0012,%,N,N,N,N,N,Y,N,N,新化學物質,
PFS-1633-NAM,72629-94-8,Perfluorotridecanoic acid (PFTrDA),0.0012,%,N,N,N,N,N,N,N,N 少量,,
PFS-1633-NAM,31506-32-8,N-Methylperfluorooctanesulfonamide,0.0012,%,N,N,N,N,N,Y,N,N,新化學物質,
PFS-1633-NAM,24448-09-7,N-(2-Hydroxyethyl)-N-Methylperfluorooctanesulfonamide,0.0012,%,N,N,N,N,N,N,N,N 少量,,
PFS-1633-NAM,376-06-7,Perfluorotetradecanoic acid (PFTA),0.0012,%,N,N,N,N,N,N,N,N 少量,,
PFS-1633-NAM,1691-99-2,N-Ethyl-N-(2-hydroxyethyl)perfluorooctane Sulfonamide,0.0012,%,N,N,N,N,N,N,N,N 少量,,
PFS-1633-NAM,375-22-4,Heptafluorobutyric acid,0.0012,%,N,N,N,N,N,N,N,N 少量,,
IAA-245,7732-18-5,water,97.2442,% (w/w),N,N,N,N,N,N,N,N 少量,,
IAA-245,7697-37-2,NITRIC ACID,2.475,% (w/w),N,N,N 2目少量,N,N,N,N,N 少量,,
IAA-245,10139-58-9,rhodium nitrate,0.2808,% (w/w),N,N,N,N,N,N,N,N 少量,,
5190-8352,7784-27-2,"Aluminum(III) nitrate, nonahydrate (1:3:9)",1,%,N,N,N,N,N,N,N,N 少量,,
5190-8352,7697-37-2,Nitric acid,5,%,N,N,N 2目少量,N,N,N,N,N 少量,,
5190-8352,7732-18-5,Water,94,%,N,N,N,N,N,N,N,N 少量,,
5190-8412,7439-95-4,Magnesium,0.96,%,N,N,N 2目少量,N,N,N,N,N 少量,,
5190-8412,7697-37-2,Nitric acid,3.35,%,N,N,N 2目少量,N,N,N,N,N 少量,,
5190-8412,7732-18-5,Water,95.69,%,N,N,N,N,N,N,N,N 少量,,
PSS-DXTB2M,9004-54-0,Dextran,100,%,N,N,N,N,N,N,N,N 少量,,
5190-8517,12060-08-1,Scandium Oxide,0.1,%,N,N,N,N,N,N,N,N 少量,,
5190-8517,7697-37-2,Nitric acid,4,%,N,N,N 2目少量,N,N,N,N,N 少量,,
5190-8517,7732-18-5,Water,95.9,%,N,N,N,N,N,N,N,N 少量,,
ICC-020,7732-18-5,water,99.8692,% (w/w),N,N,N,N,N,N,N,N 少量,,
ICC-020,7681-11-0,potassium iodide,0.1308,% (w/w),N,N,N,N,N,N,N,N 少量,,
PFM-100-1,67-56-1,Methanol,99.7472,%,N,N,N 2目少量,N,N,N,N,N 少量,,
PFM-100-1,335-67-1,Perfluorooctanoic acid (PFOA),0.0001-5,%,"Y 1,2,4類，現改為全濃度，原限值0.01%",N,N,N,N,N,N,N 少量,毒化物,毒化物+包裝
PFM-100-1,1763-23-1,Perfluorooctane sulfonic acid (PFOS),0.0001-5,%,"Y 1,2,4類，現改為全濃度，原限值0.01%",N,N,N,N,N,N,N 少量,毒化物,毒化物+包裝
PFS-8327-TAM,67-56-1,Methanol,99.9905,%,N,N,N 2目少量,N,N,N,N,N 少量,,
PFS-8327-TAM,1310-73-2,Sodium hydroxide,0.0023,%,N,N,N 2目少量,N,N,N,N,N 少量,,
PFS-8327-TAM,29420-49-3,Perfluorobutanesulfonate - K salt (PFBS),0.0003,%,N,N,N,N,N,N,N,N 少量,,
PFS-8327-TAM,3871-99-6,Perfluorohexane sulfonic acid (PFHxS) potassium salt,0.0001-5,%,Y 1類，全濃度,N,N,N,N,N,N,N 少量,毒化物,毒化物+包裝
PFS-8327-TAM,27619-93-8,"1H,1H,2H,2H-perfluorohexanesulfonate - Na salt (4:2 FTS)",0.0003,%,N,N,N,N,N,Y,N,N,新化學物質,
PFS-8327-TAM,27619-94-9,"1H,1H,2H,2H-perfluorooctanesulfonate - Na salt (6:2 FTS)",0.0003,%,N,N,N,N,N,Y,N,N,新化學物質,
PFS-8327-TAM,630402-22-1,Perfluoropentanesulfonate - Na salt (PFPeS),0.0003,%,N,N,N,N,N,Y,N,N,新化學物質,
PFS-8327-TAM,21934-50-9,Perfluoroheptanesulfonate - Na salt (PFHpS),0.0003,%,N,N,N,N,N,Y,N,N,新化學物質,
PFS-8327-TAM,2923-26-4,Perfluorohexanoic acid - Na salt (PFHxA),0.0003,%,N,N,N,N,N,Y,N,N,新化學物質,
PFS-8327-TAM,2706-89-0,Perfluoropentanoic acid - Na salt (PFPeA),0.0003,%,N,N,N,N,N,Y,N,N,新化學物質,
PFS-8327-TAM,27619-96-1,"1H,1H,2H,2H-perfluorodecanesulfonate - Na salt (8:2 FTS)",0.0003,%,N,N,N,N,N,Y,N,N,新化學物質,
PFS-8327-TAM,98789-57-2,Perfluorononanesulfonate - Na salt (PFNS),0.0003,%,N,N,N,N,N,Y,N,N,新化學物質,
PFS-8327-TAM,2806-15-7,Perfluorodecanesulfonate - Na salt  (PFDS),0.0003,%,N,N,N,N,N,Y,N,N,新化學物質,
PFS-8327-TAM,60871-96-7,Perfluoroundecanoic acid - Na salt (PFUnA),0.0003,%,N,N,N,N,N,Y,N,N,新化學物質,
PFS-8327-TAM,307-67-5,Perfluorododecanoic acid - Na salt (PFDoA),0.0003,%,N,N,N,N,N,Y,N,N,新化學物質,
PFS-8327-TAM,3830-45-3,Perfluorodecanoic acid - Na salt (PFDA),0.0003,%,N,N,N,N,N,Y,N,N,新化學物質,
PFS-8327-TAM,2991-50-6,N-ethyl perfluorooctanesulfonamidoacetic acid - mixed isomers (N-EtFOSAA),0.0003,%,N,N,N,N,N,Y,N,N,新化學物質,
PFS-8327-TAM,2355-31-9,N-methylperfluorooctanesulfonamidoacetic acid - mixed isomers (N-MeFOSAA),0.0003,%,N,N,N,N,N,Y,N,N,新化學物質,
PFS-8327-TAM,754-91-6,Perfluorooctanesulfonamide (PFOSA),0.0003,%,N,N,N,N,N,N,N,N 少量,,
PFS-8327-TAM,375-22-4,Heptafluorobutyric acid,0.0003,%,N,N,N,N,N,N,N,N 少量,,
PFS-8327-TAM,1763-23-1,Perfluorooctane sulfonic acid (PFOS),0.0001-5,%,"Y 1,2,4類，現改為全濃度，原限值0.01%",N,N,N,N,N,N,N 少量,毒化物,毒化物+包裝
PFS-8327-TAM,375-85-9,Perfluoroheptanoic acid (PFHPA),0.0003,%,N,N,N,N,N,N,N,N 少量,,
PFS-8327-TAM,335-67-1,Perfluorooctanoic acid (PFOA),0.0001-5,%,"Y 1,2,4類，現改為全濃度，原限值0.01%",N,N,N,N,N,N,N 少量,毒化物,毒化物+包裝
PFS-8327-TAM,375-95-1,Perfluorononanoic acid (PFNA),0.0003,%,N,N,N,N,N,N,N,N 少量,,
PFS-8327-TAM,376-06-7,Perfluorotetradecanoic acid (PFTA),0.0003,%,N,N,N,N,N,N,N,N 少量,,
PFS-8327-TAM,72629-94-8,Perfluorotridecanoic acid (PFTrDA),0.0003,%,N,N,N,N,N,N,N,N 少量,,
PFS-533-NAS,67-56-1,Methanol,99.9961,%,N,N,N 2目少量,N,N,N,N,N 少量,,
PFS-533-NAS,1310-73-2,Sodium hydroxide,0.0014,%,N,N,N 2目少量,N,N,N,N,N 少量,,
PFS-533-NAS,27619-93-8,"1H,1H,2H,2H-perfluorohexanesulfonate - Na salt (4:2 FTS)",0.0001,%,N,N,N,N,N,Y,N,N,新化學物質,
PFS-533-NAS,27619-94-9,"1H,1H,2H,2H-perfluorooctanesulfonate - Na salt (6:2 FTS)",0.0001,%,N,N,N,N,N,Y,N,N,新化學物質,
PFS-533-NAS,73606-19-6,9-chlorohexadecafluoro-3-oxanone-1-sulfonic acid - K salt (9Cl-PF3ONS),0.0001,%,N,N,N,N,N,Y,N,N,新化學物質,
PFS-533-NAS,29420-49-3,Perfluorobutanesulfonate - K salt (PFBS),0.0001,%,N,N,N,N,N,N,N,N 少量,,
PFS-533-NAS,3871-99-6,Perfluorohexane sulfonic acid (PFHxS) potassium salt,0.0001-5,%,Y 1類，全濃度,N,N,N,N,N,N,N 少量,毒化物,毒化物+包裝
PFS-533-NAS,2218-54-4,Perfluorobutyric acid - Na Salt (PFBA),0.0001,%,N,N,N,N,N,N,N,N 少量,,
PFS-533-NAS,2706-89-0,Perfluoropentanoic acid - Na salt (PFPeA),0.0001,%,N,N,N,N,N,Y,N,N,新化學物質,
PFS-533-NAS,2923-26-4,Perfluorohexanoic acid - Na salt (PFHxA),0.0001,%,N,N,N,N,N,Y,N,N,新化學物質,
PFS-533-NAS,27619-96-1,"1H,1H,2H,2H-perfluorodecanesulfonate - Na salt (8:2 FTS)",0.0001,%,N,N,N,N,N,Y,N,N,新化學物質,
PFS-533-NAS,919005-14-4,"Dodecafluoro-3H-4,8-dioxanonanoic acid (DONA)",0.0001,%,N,N,N,N,N,Y,N,N,新化學物質,
PFS-533-NAS,83329-89-9,11-chloroeicosafluoro-3-oxaundecane-1-sulfonic acid - K salt (11Cl-PF3OUDS),0.0001,%,N,N,N,N,N,Y,N,N,新化學物質,
PFS-533-NAS,13252-13-6,Tetrafluoro-2-(heptafluoropropoxy)propanoic acid (HFPO-DA),0.0001,%,N,N,N,N,N,N,N,N 少量,,
PFS-533-NAS,630402-22-1,Perfluoropentanesulfonate - Na salt (PFPeS),0.0001,%,N,N,N,N,N,Y,N,N,新化學物質,
PFS-533-NAS,1763-23-1,Perfluorooctane sulfonic acid (PFOS),0.0001-5,%,"Y 1,2,4類，現改為全濃度，原限值0.01%",N,N,N,N,N,N,N 少量,毒化物,毒化物+包裝
PFS-533-NAS,21934-50-9,Perfluoroheptanesulfonate - Na salt (PFHpS),0.0001,%,N,N,N,N,N,Y,N,N,新化學物質,
PFS-533-NAS,375-85-9,Perfluoroheptanoic acid (PFHPA),0.0001,%,N,N,N,N,N,N,N,N 少量,,
PFS-533-NAS,335-67-1,Perfluorooctanoic acid (PFOA),0.0001-5,%,"Y 1,2,4類，現改為全濃度，原限值0.01%",N,N,N,N,N,N,N 少量,毒化物,毒化物+包裝
PFS-533-NAS,375-95-1,Perfluorononanoic acid (PFNA),0.0001,%,N,N,N,N,N,N,N,N 少量,,
PFS-533-NAS,3830-45-3,Perfluorodecanoic acid - Na salt (PFDA),0.0001,%,N,N,N,N,N,Y,N,N,新化學物質,
PFS-533-NAS,60871-96-7,Perfluoroundecanoic acid - Na salt (PFUnA),0.0001,%,N,N,N,N,N,Y,N,N,新化學物質,
PFS-533-NAS,307-67-5,Perfluorododecanoic acid - Na salt (PFDoA),0.0001,%,N,N,N,N,N,Y,N,N,新化學物質,
PFS-533-NAS,377-73-1,Perfluoro-3-methoxypropanoic acid (PFMPA),0.0001,%,N,N,N,N,N,Y,N,N,新化學物質,
PFS-533-NAS,863090-89-5,Perfluoro-4-methoxybutanoic acid (PFMBA),0.0001,%,N,N,N,N,N,Y,N,N,新化學物質,
PFS-533-NAS,151772-58-6,"Perfluoro-3,6-dioxaheptanoic acid (PFDHA)",0.0001,%,N,N,N,N,N,Y,N,N,新化學物質,
PFS-533-NAS,113507-82-7,Perfluoro(2-ethoxyethane) sulfonic acid (PFEESA),0.0001,%,N,N,N,N,N,Y,N,N,新化學物質,
PSS-PS2.1K,9003-53-6,Poly(styrene),100,%,N,N,N,N,N,N,N,N 少量,,
PSS-PSKITR1HT,9003-53-6,Poly(styrene),100,%,N,N,N,N,N,N,N,N 少量,,
PI1621-000000-72EC,110-89-4,Piperidine,99,%,N,N,N 2目少量,N,Y 甲類，限值100%,N,N,N 少量,先驅化學品甲類報備,
A0998-0000000-89FS,1975/5/8,Acetonitrile,95-100,%,Y 4類，限值1%,N,N,N,N,N,N,N 少量,毒化物,毒化物+包裝
DS1432-000000-72TE,1975/9/2,Dichloromethane(Methylenechloride),95-100,%,Y 4類，限值25%,N,N 2目少量,N,N,N,N,N 少量,毒化物,毒化物+包裝
0101-3160-000-27SW,64-19-7,acetic acid,99.7,%,N,N,N 2目少量,N,N,N,N,N 少量,冰醋酸危險品須專車運送,
G2431A,915-76-4,"2,4,6-TRIS(HEPTAFLUOROPROPYL)-1,3,5-TRIAZINE",0.01,%,N,N,N,N,N,N,N,N 少量,,
G2431A,3336-58-1,AMMONIUM TRIFLUOROACETATE,0.01,%,N,N,N,N,N,N,N,N 少量,,
G2431A,186043-67-4,"HEXAKIS(1H,1H,9H-PERFLUORONONYLOXY)PHOSPHAZENE",0.01,%,N,N,N,N,N,N,N,N 少量,,
G2431A,3830-74-8,"HEXAKIS(1H,1H,7H-PERFLUOROHEPTOXY)PHOSPHAZINE",0.01,%,N,N,N,N,N,N,N,N 少量,,
G2431A,16059-16-8,"HEXAKIS(1H,1H,5H-OCTAFLUOROPENTOXY)PHOSPHAZINE",0.01,%,N,N,N,N,N,N,N,N 少量,,
G2431A,58943-98-9,"HEXAKIS(2,2,3,3-TETRAFLUOROPROPOXY)PHOSPHAZINE",0.01,%,N,N,N,N,N,N,N,N 少量,,
G2431A,186817-57-2,"HEXAKIS(2,2-DIFLUOROETHOXY)PHOSPHAZENE",0.01,%,N,N,N,N,N,N,N,N 少量,,
G2431A,957-13-1,HEXAMETHOXYPHOSPHAZINE,0.01,%,N,N,N,N,N,N,N,N 少量,,
G2431A,107-43-7,Betaine,0.01,%,N,N,N,N,N,N,N,N 少量,,
G2431A,1975/5/8,Acetonitrile,90-95,%,Y 4類，限值1%,N,N,N,N,N,N,N 少量,毒化物,毒化物+包裝
G2431A,7732-18-5,Water,4.91,%,N,N,N,N,N,N,N,N 少量,,
5191-4558,7732-18-5,Water,94.414,%,N,N,N,N,N,N,N,N 少量,,
5191-4558,7647-01-0,Hydrochloric acid,5.55,%,N,N,N 2目少量,N,N 乙類，限值100%,N,N,N 少量,,
5191-4558,7440-57-5,Gold,0.03,%,N,N,N,N,N,N,N,N 少量,,
5191-4558,7440/5/3,Palladium,0.001,%,N,N,N,N,N,N,N,N 少量,,
5191-4558,7440/6/4,Platinum,0.001,%,N,N,N,N,N,N,N,N 少量,,
5191-4558,12125-08-5,Ammonium osmium chloride,0.001,%,N,N,N,N,N,N,N,N 少量,,
5191-4558,14898-67-0,Ruthenium (III) chloride hydrate,0.001,%,N,N,N,N,N,N,N,N 少量,,
5191-4558,20765-98-4,Rhodium(III) chloride hydrate,0.001,%,N,N,N,N,N,N,N,N 少量,,
5191-4558,14996-61-3,Iridium trichloride hydrate,0.001,%,N,N,N,N,N,N,N,N 少量,,
5191-4553,7697-37-2,nitric acid (Except smoking)                                                                                                        ,1.9,%,N,N,N 2目少量,N,N,N,N,N 少量,,
5191-4553,7440-02-0,nickel (Powder)                                                                                                                     ,0.02,%,N,N,N 2目少量,N,N,N,N,N 少量,,
5191-4553,7440-22-4,silver (Excluding nanoparticles)                                                                                                    ,0.015,%,N,N,N,N,N,N,N,N 少量,,
5191-4553,7782-49-2,selenium ,0.015,%,N,N,N,N,N,N,N,N 少量,,
5191-4553,1314-62-1,divanadium pentaoxide                                                                                                               ,0.01,%,N,N,N 2目少量,N,N,N,N,N 少量,,
5191-4553,7732-18-5,water    ,98.0342,%,N,N,N,N,N,N,N,N 少量,,
5191-4553,7440-28-0,thallium ,0.0008,%,N,N,N,N,N,N,N,N 少量,,
5191-4553,7440-48-4,cobalt (Without tungsten carbide or other metal alloys)                                                                             ,0.005,%,N,N,N 2目少量,N,N,N,N,N 少量,,
5191-4553,7697-37-2,nitric acid (Except smoking)                                                                                                        ,1.9,%,N,N,N 2目少量,N,N,N,N,N 少量,,
5191-4553,7439-97-6,mercury  ,0.003,%,N 1類，限值95%,N,N 1目，限值1%,N,N,N,N,N 少量,,
5191-4553,7440-38-2,arsenic  ,0.0015,%,N,N,N 附錄一限值>1%,N,N,N,N,N 少量,,
5191-4553,7440-43-9,Cadmium (Stabilized )                                                                                                               ,0.0005,%,"N 2,3類，限值95%",N,N 2目少量,N,N,N,N,N 少量,,
5191-4553,7439-92-1,lead (Concentrate)                                                                                                                  ,0.0005,%,N,N,N 附錄一限值>1%,N,N,N,N,N 少量,,
5191-4553,7732-18-5,water    ,98.0945,%,N,N,N,N,N,N,N,N 少量,,
5191-4553,7440/6/4,platinum (Powder)                                                                                                                   ,0.01,%,N,N,N,N,N,N,N,N 少量,,
5191-4553,7732-18-5,water    ,94.36,%,N,N,N,N,N,N,N,N 少量,,
5191-4553,7647-01-0,hydrogen chloride (Liquid)                                                                                                          ,5.55,%,N,N,N 2目少量,N,N 乙類，限值100%,N,N,N 少量,,
5191-4553,7440/5/3,palladium,0.01,%,N,N,N,N,N,N,N,N 少量,,
5191-4553,7440-57-5,gold     ,0.03,%,N,N,N,N,N,N,N,N 少量,,
5191-4553,14996-61-3,Iridium(III) chloride hydrate                                                                                                       ,0.01,%,N,N,N,N,N,N,N,N 少量,,
5191-4553,20765-98-4,"Rhodium chloride (RhCl3), hydrate                                                                                                   ",0.01,%,N,N,N,N,N,N,N,N 少量,,
5191-4553,14898-67-0,Ruthenium (III)-chloride hydrate                                                                                                    ,0.01,%,N,N,N,N,N,N,N,N 少量,,
5191-4553,12125-08-5,diammonium hexachloroosmate                                                                                                         ,0.01,%,N,N,N,N,N,N,N,N 少量,,
5191-4553,7697-37-2,nitric acid (Except smoking)                                                                                                        ,4.5,%,N,N,N 2目少量,N,N,N,N,N 少量,,
5191-4553,7664-39-3,hydrogen fluoride                                                                                                                   ,0.2,%,N,N 限值0.1-10%,N 2目少量,N,N,N,N,N 少量,,關注+包裝
5191-4553,7789/2/8,"Chromium (III) nitrate, nonahydrate                                                                                                 ",1.1,%,N,N,N,N,N,N,N,N 少量,,
5191-4553,7440-31-5,tin      ,0.6,%,N,N,N,N,N,N,N,N 少量,,
5191-4553,7440-50-8,copper (Dissolved in spent solutions)                                                                                               ,0.3,%,N,N,N,N,N,N,N,N 少量,,
5191-4553,7439-98-7,molybdenum (Powder)                                                                                                                 ,0.3,%,N,N,N,N,N,N,N,N 少量,,
5191-4553,7732-18-5,water    ,92.685,%,N,N,N,N,N,N,N,N 少量,,
5191-4553,10022-31-8,barium nitrate                                                                                                                      ,0.14,%,N,N,N,N,N,N,N,N 少量,,
5191-4553,7440-36-0,antimony ,0.12,%,N,N,N,N,N,N,N,N 少量,,
5191-4553,554-13-2,lithium carbonate                                                                                                                   ,0.055,%,N,N,N,N,N,N,N,N 少量,,
5191-4553,7732-18-5,water    ,97.9945,%,N,N,N,N,N,N,N,N 少量,,
5191-4553,100641-16-5,"Nitric acid, lutetium(3+) salt, hydrate                                                                                             ",0.0005,%,N,N,N,N,N,N,N,N 少量,,
5191-4553,12060-08-1,scandium oxide                                                                                                                      ,0.001,%,N,N,N,N,N,N,N,N 少量,,
5191-4553,7697-37-2,nitric acid (Except smoking)                                                                                                        ,1.9,%,N,N,N 2目少量,N,N,N,N,N 少量,,
5191-4553,7664-39-3,hydrogen fluoride                                                                                                                   ,0.1,%,N,N 限值0.1-10%,N 2目少量,N,N,N,N,N 少量,,關注+包裝
5191-4553,7440-56-4,germanium,0.0005,%,N,N,N,N,N,N,N,N 少量,,
5191-4553,13494-80-9,tellurium,0.0025,%,N,N,N,N,N,N,N,N 少量,,
5191-4553,7440-74-6,indium   ,0.0005,%,N,N,N 2目少量,N,N,N,N,N 少量,,
5191-4553,7440-69-9,bismuth  ,0.0005,%,N,N,N,N,N,N,N,N 少量,,
5191-4556,7732-18-5,water    ,97.9945,%,N,N,N,N,N,N,N,N 少量,,
5191-4556,100641-16-5,"Nitric acid, lutetium(3+) salt, hydrate                                                                                             ",0.0005,%,N,N,N,N,N,N,N,N 少量,,
5191-4556,12060-08-1,scandium oxide                                                                                                                      ,0.001,%,N,N,N,N,N,N,N,N 少量,,
5191-4556,7697-37-2,nitric acid (Except smoking)                                                                                                        ,1.9,%,N,N,N 2目少量,N,N,N,N,N 少量,,
5191-4556,7664-39-3,hydrogen fluoride                                                                                                                   ,0.1,%,N,N 限值0.1-10%,N 2目少量,N,N,N,N,N 少量,,關注+包裝
5191-4556,7440-56-4,germanium,0.0005,%,N,N,N,N,N,N,N,N 少量,,
5191-4556,13494-80-9,tellurium,0.0025,%,N,N,N,N,N,N,N,N 少量,,
5191-4556,7440-74-6,indium   ,0.0005,%,N,N,N 2目少量,N,N,N,N,N 少量,,
5191-4556,7440-69-9,bismuth  ,0.0005,%,N,N,N,N,N,N,N,N 少量,,
5191-4556,7697-37-2,nitric acid (Except smoking)                                                                                                        ,1.9,%,N,N,N 2目少量,N,N,N,N,N 少量,,
5191-4556,7732-18-5,water    ,98.094,%,N,N,N,N,N,N,N,N 少量,,
5191-4556,7440-02-0,nickel (Powder)                                                                                                                     ,0.002,%,N,N,N 2目少量,N,N,N,N,N 少量,,
5191-4556,7439-92-1,lead (Concentrate)                                                                                                                  ,0.0005,%,N,N,N 附錄一限值>1%,N,N,N,N,N 少量,,
5191-4556,1314-62-1,divanadium pentaoxide                                                                                                               ,0.001,%,N,N,N 2目少量,N,N,N,N,N 少量,,
5191-4556,7439-97-6,mercury  ,0.0003,%,N 1類，限值95%,N,N 1目，限值1%,N,N,N,N,N 少量,,
5191-4556,7440-38-2,arsenic  ,0.0015,%,N,N,N 附錄一限值>1%,N,N,N,N,N 少量,,
5191-4556,7440-43-9,Cadmium (Stabilized )                                                                                                               ,0.0002,%,"N 2,3類，限值95%",N,N 2目少量,N,N,N,N,N 少量,,
5191-4556,7440-48-4,cobalt (Without tungsten carbide or other metal alloys)                                                                             ,0.0005,%,N,N,N 2目少量,N,N,N,N,N 少量,,
5191-4556,7439-98-7,molybdenum (Powder)                                                                                                                 ,0.15,%,N,N,N,N,N,N,N,N 少量,,
5191-4556,7440-50-8,copper (Dissolved in spent solutions)                                                                                               ,0.03,%,N,N,N,N,N,N,N,N 少量,,
5191-4556,554-13-2 ,lithium carbonate                                                                                                                   ,0.025,%,N,N,N,N,N,N,N,N 少量,,
5191-4556,7732-18-5,water    ,94.8357,%,N,N,N,N,N,N,N,N 少量,,
5191-4556,7697-37-2,nitric acid (Except smoking)                                                                                                        ,4.5,%,N,N,N 2目少量,N,N,N,N,N 少量,,
5191-4556,7664-39-3,hydrogen fluoride                                                                                                                   ,0.2,%,N,N 限值0.1-10%,N 2目少量,N,N,N,N,N 少量,,關注+包裝
5191-4556,7789/2/8,"Chromium (III) nitrate, nonahydrate                                                                                                 ",0.11,%,N,N,N,N,N,N,N,N 少量,,
5191-4556,10022-31-8,barium nitrate                                                                                                                      ,0.07,%,N,N,N,N,N,N,N,N 少量,,
5191-4556,7440-31-5,tin      ,0.06,%,N,N,N,N,N,N,N,N 少量,,
5191-4556,7440-28-0,thallium ,0.0008,%,N,N,N,N,N,N,N,N 少量,,
5191-4556,7440-36-0,antimony ,0.009,%,N,N,N,N,N,N,N,N 少量,,
5191-4556,7782-49-2,selenium ,0.008,%,N,N,N,N,N,N,N,N 少量,,
5191-4556,7440-22-4,silver (Excluding nanoparticles)                                                                                                    ,0.0015,%,N,N,N,N,N,N,N,N 少量,,
5191-4556,7440/6/4,platinum (Powder)                                                                                                                   ,0.001,%,N,N,N,N,N,N,N,N 少量,,
5191-4556,12125-08-5,diammonium hexachloroosmate                                                                                                         ,0.001,%,N,N,N,N,N,N,N,N 少量,,
5191-4556,14898-67-0,Ruthenium (III)-chloride hydrate                                                                                                    ,0.001,%,N,N,N,N,N,N,N,N 少量,,
5191-4556,20765-98-4,"Rhodium chloride (RhCl3), hydrate                                                                                                   ",0.001,%,N,N,N,N,N,N,N,N 少量,,
5191-4556,14996-61-3,Iridium(III) chloride hydrate                                                                                                       ,0.001,%,N,N,N,N,N,N,N,N 少量,,
5191-4556,7440/5/3,palladium,0.001,%,N,N,N,N,N,N,N,N 少量,,
5191-4556,7732-18-5,water    ,94.414,%,N,N,N,N,N,N,N,N 少量,,
5191-4556,7647-01-0,hydrogen chloride (Liquid)                                                                                                          ,5.55,%,N,N,N 2目少量,N,N 乙類，限值100%,N,N,N 少量,,
5191-4556,7440-57-5,gold     ,0.03,%,N,N,N,N,N,N,N,N 少量,,
NMIAMX014,7697-37-2,Nitric Acid,1 - <3,,N,N,N 2目少量,N,N,N,N,N 少量,,
NMIAMX014,1314-62-1,vanadium pentoxide,<0.1,,N,N,N 2目少量,N,N,N,N,N 少量,,
NMIAMX014,7782-49-2,Selenium,<0.1,,N,N,N,N,N,N,N,N 少量,,
NMIAMX014,7440-02-0,nickel,<0.1,,N,N,N 2目少量,N,N,N,N,N 少量,,
NMIAMX014,7439-97-6,Mercury,<0.1,,N 1類，限值95%,N,N 1目，限值1%,N,N,N,N,N 少量,,
NMIAMX014,17141-63-8,Manganese(II) nitrate hexahydrate,<0.1,,N,N,N,N,N,N,N,N 少量,,
NMIAMX014,7439-92-1,Lead,<0.1,,N,N,N 附錄一限值>1%,N,N,N,N,N 少量,,
NMIAMX014,7782-61-8,Iron (III) nitrate nonahydrate,<0.1,,N,N,N 2目少量,N,N,N,N,N 少量,,
NMIAMX014,7440-50-8,Copper,<0.1,,N,N,N,N,N,N,N,N 少量,,
NMIAMX014,7440-48-4,Cobalt,<0.1,,N,N,N 2目少量,N,N,N,N,N 少量,,
NMIAMX014,7789/2/8,Chromium (III) nitrate nonahydrate,<0.1,,N,N,N,N,N,N,N,N 少量,,
NMIAMX014,7440-43-9,cadmium,<0.1,,"N 2,3類，限值95%",N,N 2目少量,N,N,N,N,N 少量,,
NMIAMX014,7440-38-2,Arsenic,<0.1,,N,N,N 附錄一限值>1%,N,N,N,N,N 少量,,
NMIAMX014,1314-62-1,vanadium pentoxide,10,,N,N,N 2目少量,N,N,N,N,N 少量,,
NMIAMX014,7440-02-0,nickel,9000,,N,N,N 2目少量,N,N,N,N,N 少量,,
NMIAMX014,7782-61-8,Iron (III) nitrate nonahydrate,3250,,N,N,N 2目少量,N,N,N,N,N 少量,,
NMIAMX014,7440-48-4,Cobalt,6171,,N,N,N 2目少量,N,N,N,N,N 少量,,
NMIAMX014,7789/2/8,Chromium (III) nitrate nonahydrate,3250,,N,N,N,N,N,N,N,N 少量,,
NMIAMX014,7440-43-9,cadmium,1140,,"N 2,3類，限值95%",N,N 2目少量,N,N,N,N,N 少量,,
NMIAMX014,7440-38-2,Arsenic,15,,N,N,N 附錄一限值>1%,N,N,N,N,N 少量,,
巴斯丹精/STROBYSC,143390-89-0,KRESOXIM-METHYL TECH,97,%,N,N,N,N,N,N,N,N 少量,,
巴斯丹精/STROBYSC,57-55-6,"丙二醇 (1,2-Propanediol)",<10,%,N,N,N,N,N,N,N,N 少量,,
PSS-PAA1M,9003/4/7,Poly(acrylic acid) sodium salt,100,%,N,N,N,N,N,N,N,N 少量,,
PSS-PAA550K,9003/4/7,Poly(acrylic acid) sodium salt,100,%,N,N,N,N,N,N,N,N 少量,,
PSS-PAA150K,9003/4/7,Poly(acrylic acid) sodium salt,100,%,N,N,N,N,N,N,N,N 少量,,
PSS-PAA50K,9003/4/7,Poly(acrylic acid) sodium salt,100,%,N,N,N,N,N,N,N,N 少量,,
PSS-PAA18K,9003/4/7,Poly(acrylic acid) sodium salt,100,%,N,N,N,N,N,N,N,N 少量,,
PSS-PAA2K,9003/4/7,Poly(acrylic acid) sodium salt,100,%,N,N,N,N,N,N,N,N 少量,,
C2432,67-66-3,chloroform (Technical grade)                                                                                                        ,95-100,%  ,Y 1類，限值50%,N,N 2目少量,N,N,N,N,N 少量,毒化物,毒化物+包裝
PB32、PB32-10、PB32-100,7783-20-2,ammonium sulphate,60,%,N,N,N,N,N,N,N,N 少量,,
PB32、PB32-10、PB32-100,7732-18-5,"water, distilled, conductivity or of similar purity",29.59,%,N,N,N,N,N,N,N,N 少量,,
PB32、PB32-10、PB32-100,7758/11/4,dipotassium hydrogenorthophosphate,5.35,%,N,N,N,N,N,N,N,N 少量,,
PB32、PB32-10、PB32-100,7778-77-0,potassium dihydrogenorthophosphate,2.62,%,N,N,N,N,N,N,N,N 少量,,
PB32、PB32-10、PB32-100,11016-17-4,R-Phycoerythrin,2,%,N,N,N,N,N,N,N,N 少量,,
PB32、PB32-10、PB32-100,7647-14-5,sodium chloride,0.44,%,N,N,N,N,N,N,N,N 少量,,
PST-110M1000,67-56-1,methanol,99.8736,% (w/w),N,N,N 2目少量,N,N,N,N,N 少量,,
PST-110M1000,57-74-9,chlordane,0.1264,% (w/w),"N 1,3類，限值1%",N,N,N,N,N,N,N 少量,,
AS-APP-9-PHTH-MIX,110-82-7,Cyclohexane,95-100,%,Y 4類，限值1%,N,N 2目少量,N,N,N,N,N 少量,毒化物,毒化物+包裝
IC-2-A,7732-18-5,"water, distilled, conductivity or of similar purity",99.4,%,N,N,N,N,N,N,N,N 少量,,
IC-2-A,7631-99-4,"sodium nitrate, containing in the dry statemore than 16,3 per cent by weight of nitrogen",0.1,%,N,N,N 2目少量,N,N,N,N,N 少量,,
IC-2-A,7647-14-5,sodium chloride,0.1,%,N,N,N,N,N,N,N,N 少量,,
IC-2-A,7647-15-6,sodium bromide,0.1,%,N,N,N,N,N,N,N,N 少量,,
IC-2-A,7681-49-4,sodium fluoride,0.1,%,N,N,N 2目少量,N,N,N,N,N 年用量無超過,,
IC-2-A,7722-76-1,Ammonium dihydrogenphosphate ,0.1,%,N,N,N,N,N,N,N,N 少量,,
IC-2-A,7757-82-6,sodium sulphate,0.1,%,N,N,N,N,N,N,N,N 少量,,
5191-5101-001,1975/5/8,Acetonitrile,95-100,%,Y 4類，限值1%,N,N,N,N,N,N,N 少量,毒化物,毒化物+包裝
5191-5111-001,67-56-1,Methanol,100,%,N,N,N 2目少量,N,N,N,N,N 少量,,
PSS-VPRB3K,9003-39-8,"2-Pyrrolidinone, 1-ethenyl-, homopolymer",100,%,N,N,N,N,N,N,N,N 少量,,
PSS-VPRB8K,9003-39-8,"2-Pyrrolidinone, 1-ethenyl-, homopolymer",100,%,N,N,N,N,N,N,N,N 少量,,
PSS-VPRB50K,9003-39-8,"2-Pyrrolidinone, 1-ethenyl-, homopolymer",100,%,N,N,N,N,N,N,N,N 少量,,
PSS-VPRB1M,9003-39-8,"2-Pyrrolidinone, 1-ethenyl-, homopolymer",100,%,N,N,N,N,N,N,N,N 少量,,
STS-310-1,67-56-1,methanol,99.747,,N,N,N 2目少量,N,N,N,N,N 少量,,
STS-310-1,2037-26-5,toluene-d8,0.253,%,N,N,N,N,N 乙類，限值100%,N,N,N 少量,,
CUS-00005385,107-43-7,betaine,0.047,μg/mL,N,N,N,N,N,N,N,N 少量,,
CUS-00005385,3336-58-1,trifluoroacetic acid ammonium salt,13.12,μg/mL,N,N,N,N,N,N,N,N 少量,,
CUS-00005385,957-13-1,hexamethoxyphosphazine,0.0032,μg/mL,N,N,N,N,N,N,N,N 少量,,
CUS-00005385,186817-57-2,"hexakis(2,2-difluoroethoxy)phosphazine",0.47,μg/mL,N,N,N,N,N,N,N,N 少量,,
CUS-00005385,58943-98-9,"hexakis(1H, 1H, 3H-tetrafluoropropoxy)phosphazine",1.02,μg/mL,N,N,N,N,N,N,N,N 少量,,
CUS-00005385,16059-16-8,"hexakis(1H, 1H, 5H-octafluoropentoxy)phosphazine",2.05,μg/mL,N,N,N,N,N,N,N,N 少量,,
CUS-00005385,3830-74-8,"hexakis(1H, 1H, 7H-dodecafluoroheptoxy)phosphazine",3.18,μg/mL,N,N,N,N,N,N,N,N 少量,,
CUS-00005385,186043-67-4,"hexakis(1H, 1H, 9H-perfluorononyloxy)phosphazine",6.26,μg/mL,N,N,N,N,N,N,N,N 少量,,
CUS-00005385,186406-47-3,"hexakis(1H, 1H ,4H-hexafluorobutyloxy)phosphazine",1.32,μg/mL,N,N,N,N,N,Y,N,N,新化學物質,
CUS-00005385,186406-48-4,"hexakis(1H, 1H, 6H-decafluorohexyloxy)phosphazine",1.68,μg/mL,N,N,N,N,N,Y,N,N,新化學物質,
CUS-00005385,186406-49-5,"hexakis(1H, 1H, 8H-tetradecafluorooctyloxy)phosphazine",3.95,μg/mL,N,N,N,N,N,Y,N,N,新化學物質,
CUS-00005385,368-66-1,"tris(trifluoromethyl)-1, 3, 5-triazine",0.48,μg/mL,N,N,N,N,N,N,N,N 少量,,
CUS-00005385,915-76-4,"tris(heptafluoropropyl)-1, 3, 5-triazine",0.55,μg/mL,N,N,N,N,N,N,N,N 少量,,
AS-IC-NO2-10X-1,7632-00-0,亞硝酸鈉(Sodium nitrite),0.15,%,N,N,N 2目少量,N,N,N,N,N 少量,,
AS-IC-NO2-10X-1,7732-18-5,water,99.85,%,N,N,N,N,N,N,N,N 少量,,
5190-8473,1312-81-8,Lanthanum(III) oxide,0.1,%,N,N,N,N,N,N,N,N 少量,,
5190-8473,7697-37-2,Nitric acid,4,%,N,N,N 2目少量,N,N,N,N,N 少量,,
5190-8473,7732-18-5,Water,95.9,,N,N,N,N,N,N,N,N 少量,,
PSS-PMA1.2K,25086-62-8,"POLY(METHACRYLIC ACID), SODIUM SALT",100,%,N,N,N,N,N,N,N,N 少量,,
PSS-PMA76K,25086-62-8,"POLY(METHACRYLIC ACID), SODIUM SALT",100,%,N,N,N,N,N,N,N,N 少量,,
PSS-PMA160K,25086-62-8,"POLY(METHACRYLIC ACID), SODIUM SALT",100,%,N,N,N,N,N,N,N,N 少量,,
5610-2150,9003-70-7,"Benzene, diethenyl-, polymer with ethenylbenzene",100,%,N,N,N,N,N,N,N,N 少量,,
AS-PFC-MA(DRE-A50000752MW),1763-23-1,Perfluorooctane sulfonic acid (PFOS),0.0001-5,,"Y 1,2,4類，現改為全濃度，原限值0.01%",N,N,N,N,N,N,N 少量,毒化物,毒化物+包裝
AS-PFC-MA(DRE-A50000752MW),335-67-1,Perfluorooctanoic acid (PFOA),0.0001-5,,"Y 1,2,4類，現改為全濃度，原限值0.01%",N,N,N,N,N,N,N 少量,毒化物,毒化物+包裝
AS-PFC-MA(DRE-A50000752MW),355-46-4,Perfluorohexanesulfonic Acid,0.0001-5,,Y 1類，全濃度,N,N,N,N,N,N,N 少量,毒化物,毒化物+包裝
AS-PFC-MA(DRE-A50000752MW),375-95-1,Perfluorononanoic acid (PFNA),2ug/ml,,N,N,N,N,N,N,N,N 少量,,
AS-PFC-MA(DRE-A50000752MW),375-85-9,Perfluoroheptanoic acid (PFHPA),2ug/ml,,N,N,N,N,N,N,N,N 少量,,
AS-PFC-MA(DRE-A50000752MW),335-76-2,Perfluorodecanoic acid (PFDA),2ug/ml,,N,N,N,N,N,N,N,N 少量,,
AS-PLAS-CPSC,110-82-7,Cyclohexane,95-100,%,Y 4類，限值1%,N,N 2目少量,N,N,N,N,N 少量,毒化物,毒化物+包裝
AS-PLAS-CPSC,117-81-7,di-(2-ethylhexyl) phthalate,0.05,,"N 1,2類，限值10%",N,N,N,N,N,N,N 少量,,
AS-PLAS-CPSC,84-74-2,dibutyl phthalate,0.05,,"N 1,2類，限值10%",N,N,N,N,N,N,N 少量,,
AS-PLAS-CPSC,117-84-0,di-n-octyl phthalate,0.05,,N 1類，限值10%,N,N,N,N,N,N,N 少量,,
AS-PLAS-CPSC,26761-40-0,Di-isodecyl phthalate (DIDP),0.05,,N 1類，限值10%,N,N,N,N,N,N,N 少量,,
AS-PLAS-CPSC,68515-48-0,Di-isononyl phthalate (DINP),0.05,,N 1類，限值10%,N,N,N,N,N,N,N 少量,,
AS-PLAS-CPSC,85-68-7,benzyl butyl phthalate,0.05,,"N 1,2類，限值10%",N,N,N,N,N,N,N 少量,,
49452-U,110-54-3,n-Hexane,>= 90 - <=100 %,,N,N,N 2目少量,N,N,N,N,N 年用量無超過,,
49452-U,111-84-2,nonane,>= 0.1 - < 1%,,N,N,N,N,N,N,N,N 少量,,
49452-U,111-65-9,n-octane,>= 0.1 - < 1%,,N,N,N,N,N,N,N,N 少量,,
49452-U,142-82-5,n-heptane,>= 0.1 - < 1%,,N,N,N,N,N,N,N,N 年用量無超過,,
MS1971-000000-70TE,1634-04-4,Methyl tert-butyl ether (MtBE),95-100,,Y 4類，限值20%,N,N,N,N,N,N,N 少量,毒化物,毒化物+包裝
PS-CP-06A-1ML(AS-PS-CP-06A-1ML),111-65-9,n-Octane,0.05,,N,N,N,N,N,N,N,N 少量,,
PS-CP-06A-1ML(AS-PS-CP-06A-1ML),111-84-2,n-Nonane,0.05,,N,N,N,N,N,N,N,N 少量,,
PS-CP-06A-1ML(AS-PS-CP-06A-1ML),124-18-5,n-Decane,0.05,,N,N,N,N,N,N,N,N 少量,,
PS-CP-06A-1ML(AS-PS-CP-06A-1ML),1120-21-4,n-Undecane,0.05,,N,N,N,N,N,N,N,N 少量,,
PS-CP-06A-1ML(AS-PS-CP-06A-1ML),112-40-3,n-Dodecane,0.05,,N,N,N,N,N,N,N,N 少量,,
PS-CP-06A-1ML(AS-PS-CP-06A-1ML),629-50-5,n-Tridecane,0.05,,N,N,N,N,N,N,N,N 少量,,
PS-CP-06A-1ML(AS-PS-CP-06A-1ML),629-59-4,n-Tetradecane,0.05,,N,N,N,N,N,N,N,N 少量,,
PS-CP-06A-1ML(AS-PS-CP-06A-1ML),629-62-9,n-Pentadecane,0.05,,N,N,N,N,N,N,N,N 少量,,
PS-CP-06A-1ML(AS-PS-CP-06A-1ML),544-76-3,n-Hexadecane,0.05,,N,N,N,N,N,N,N,N 少量,,
PS-CP-06A-1ML(AS-PS-CP-06A-1ML),629-78-7,n-Heptadecane,0.05,,N,N,N,N,N,N,N,N 少量,,
PS-CP-06A-1ML(AS-PS-CP-06A-1ML),593-45-3,n-Octadecane,0.05,,N,N,N,N,N,N,N,N 少量,,
PS-CP-06A-1ML(AS-PS-CP-06A-1ML),629-92-5,n-Nonadecane,0.05,,N,N,N,N,N,N,N,N 少量,,
PS-CP-06A-1ML(AS-PS-CP-06A-1ML),112-95-8,n-Eicosane,0.05,,N,N,N,N,N,N,N,N 少量,,
PS-CP-06A-1ML(AS-PS-CP-06A-1ML),629-97-0,n-Docosane,0.05,,N,N,N,N,N,N,N,N 少量,,
PS-CP-06A-1ML(AS-PS-CP-06A-1ML),646-31-1,n-Tetracosane,0.05,,N,N,N,N,N,N,N,N 少量,,
PS-CP-06A-1ML(AS-PS-CP-06A-1ML),630-01-3,n-Hexacosane,0.05,,N,N,N,N,N,N,N,N 少量,,
PS-CP-06A-1ML(AS-PS-CP-06A-1ML),630-02-4,n-Octacosane,0.05,,N,N,N,N,N,N,N,N 少量,,
PS-CP-06A-1ML(AS-PS-CP-06A-1ML),638-68-6,n-Triacontane,0.05,,N,N,N,N,N,N,N,N 少量,,
PS-CP-06A-1ML(AS-PS-CP-06A-1ML),544-85-4,n-Dotriacontane,0.05,,N,N,N,N,N,N,N,N 少量,,
PS-CP-06A-1ML(AS-PS-CP-06A-1ML),14167-59-0,n-Tetratriacontane,0.05,,N,N,N,N,N,N,N,N 少量,,
PS-CP-06A-1ML(AS-PS-CP-06A-1ML),630-06-8,n-Hexatriacontane,0.05,,N,N,N,N,N,N,N,N 少量,,
PS-CP-06A-1ML(AS-PS-CP-06A-1ML),7194-85-6,n-Octatriacontane,0.05,,N,N,N,N,N,N,N,N 少量,,
PS-CP-06A-1ML(AS-PS-CP-06A-1ML),4181-95-7,n-Tetracontane,0.05,,N,N,N,N,N,N,N,N 少量,,
PS-CP-06A-1ML(AS-PS-CP-06A-1ML),110-54-3,Hexane,98.85,,N,N,N 2目少量,N,N,N,N,N 年用量無超過,,
N-12549,544-76-3,n-Hexadecane,95-100,,N,N,N,N,N,N,N,N 少量,,
11574(CH-N-11574-1G),334-48-5,Decanoic acid,90-100,,N,N,N,N,N,N,N,N 少量,,
12549(CH-N-12549-1G),544-76-3,n-Hexadecane,90-100,,N,N,N,N,N,N,N,N 少量,,
12609(CH-N-12609-25MG),14167-59-0,N-TETRATRIACONTANE,90-100,,N,N,N,N,N,N,N,N 少量,,
5190-8528,10042-76-9,Strontium nitrate,0.1,%,N,N,N 2目少量,N,N,N,N,N 少量,,
5190-8528,7697-37-2,Nitric acid,4,%,N,N,N 2目少量,N,N,N,N,N 少量,,
5190-8528,7732-18-5,Water,95.9,%,N,N,N,N,N,N,N,N 少量,,
PSS-MM2M,9011-14-7,Poly(methyl methacrylate),100,%  ,N,N,N,N,N,N,N,N 少量,,
PSS-MM100K,9011-14-7,Poly(methyl methacrylate),100,%  ,N,N,N,N,N,N,N,N 少量,,
ICP-103,7697-37-2,Nitric acid,9.89,%,N,N,N 2目少量,N,N,N,N,N 少量,,
ICP-103,554-13-2,lithium carbonate                                                                                                                   ,5.3476,%,N,N,N,N,N,N,N,N 少量,,
ICP-103,7732-18-5,Water,84.7624,%,N,N,N,N,N,N,N,N 少量,,
5190-8603,534-16-7,Silver(I) carbonate,0.01,%,N,N,N,N,N,N,N,N 少量,,
5190-8603,555-31-7,Aluminum isopropoxide,0.01,%,N,N,N,N,N,N,N,N 少量,,
5190-8603,10043-35-3,Boric acid,0.01,%,N,N,N 1目，限值1%,N,N,N,N,N 少量,,
5190-8603,1304-28-5,"Barium oxide, obtained by calcining witherite",0.01,%,N,N,N,N,N,N,N,N 少量,,
5190-8603,471-34-1,Calcium carbonate,0.01,%,N,N,N,N,N,N,N,N 少量,,
5190-8603,543-90-8,Cadmium acetate dihydrate,0.01,%,N,N,N,N,N,N,N,N 少量,,
5190-8603,39430-51-8,Chromium(III) acetate hydroxide,0.01,%,N,N,N,N,N,N,N,N 少量,,
5190-8603,142-71-2,Copper(II) Acetate,0.01,%,N,N,N,N,N,N,N,N 少量,,
5190-8603,7705-08-0,Iron(III) chloride,0.01,%,N,N,N 2目少量,N,N,N,N,N 少量,,
5190-8603,584-08-7,Potassium carbonate,0.01,%,N,N,N,N,N,N,N,N 少量,,
5190-8603,1309-48-4,Magnesium oxide,0.01,%,N,N,N,N,N,N,N,N 少量,,
5190-8603,638-38-0,Manganese(II) acetate,0.01,%,N,N,N,N,N,N,N,N 少量,,
5190-8603,1313-27-5,Molybdenum(VI) oxide,0.01,%,N,N,N,N,N,N,N,N 少量,,
5190-8603,497-19-8,Sodium carbonate,0.01,%,N,N,N,N,N,N,N,N 少量,,
5190-8603,373-02-4,Nickel(II) acetate,0.01,%,N,N,N 1目，限值1%,N,N,N,N,N 少量,,
5190-8603,1314-56-3,Phosphorus pentoxide,0.01,%,N,N,N 2目少量,N,N,N,N,N 少量,,
5190-8603,301-04-2,Lead(II) acetate,0.01,%,N,N,N 附錄一限值>1%,N,N,N,N,N 少量,,
5190-8603,7631-86-9,Silicon dioxide,0.01,%,N,N,N,N,N,N,N,N 少量,,
5190-8603,18282-10-5,Tin(IV) oxide,0.01,%,N,N,N,N,N,N,N,N 少量,,
5190-8603,546-68-9,Titanium(IV) isoperoxide,0.01,%,N,N,N,N,N,N,N,N 少量,,
5190-8603,1314-62-1,Divanadium pentaoxide,0.01,%,N,N,N 2目少量,N,N,N,N,N 少量,,
5190-8603,1314-13-2,Zinc oxide,0.01,%,N,N,N,N,N,N,N,N 少量,,
5190-8603,8042-47-5,White mineral oil (petroleum),99.78,%,N,N,N,N,N,N,N,N 少量,,
5190-8604,534-16-7,Silver(I) carbonate,0.03,%,N,N,N,N,N,N,N,N 少量,,
5190-8604,555-31-7,Aluminum isopropoxide,0.03,%,N,N,N,N,N,N,N,N 少量,,
5190-8604,10043-35-3,Boric acid,0.03,%,N,N,N 1目，限值1%,N,N,N,N,N 少量,,
5190-8604,1304-28-5,"Barium oxide, obtained by calcining witherite",0.03,%,N,N,N,N,N,N,N,N 少量,,
5190-8604,471-34-1,Calcium carbonate,0.03,%,N,N,N,N,N,N,N,N 少量,,
5190-8604,543-90-8,Cadmium acetate dihydrate,0.03,%,N,N,N,N,N,N,N,N 少量,,
5190-8604,39430-51-8,Chromium(III) acetate hydroxide,0.03,%,N,N,N,N,N,N,N,N 少量,,
5190-8604,142-71-2,Copper(II) Acetate,0.03,%,N,N,N,N,N,N,N,N 少量,,
5190-8604,7705-08-0,Iron(III) chloride,0.03,%,N,N,N 2目少量,N,N,N,N,N 少量,,
5190-8604,584-08-7,Potassium carbonate,0.03,%,N,N,N,N,N,N,N,N 少量,,
5190-8604,1309-48-4,Magnesium oxide,0.03,%,N,N,N,N,N,N,N,N 少量,,
5190-8604,638-38-0,Manganese(II) acetate,0.03,%,N,N,N,N,N,N,N,N 少量,,
5190-8604,1313-27-5,Molybdenum(VI) oxide,0.03,%,N,N,N,N,N,N,N,N 少量,,
5190-8604,497-19-8,Sodium carbonate,0.03,%,N,N,N,N,N,N,N,N 少量,,
5190-8604,373-02-4,Nickel(II) acetate,0.03,%,N,N,N 1目，限值1%,N,N,N,N,N 少量,,
5190-8604,1314-56-3,Phosphorus pentoxide,0.03,%,N,N,N 2目少量,N,N,N,N,N 少量,,
5190-8604,301-04-2,Lead(II) acetate,0.03,%,N,N,N 附錄一限值>1%,N,N,N,N,N 少量,,
5190-8604,7631-86-9,Silicon dioxide,0.03,%,N,N,N,N,N,N,N,N 少量,,
5190-8604,18282-10-5,Tin(IV) oxide,0.03,%,N,N,N,N,N,N,N,N 少量,,
5190-8604,546-68-9,Titanium(IV) isoperoxide,0.03,%,N,N,N,N,N,N,N,N 少量,,
5190-8604,1314-62-1,Divanadium pentaoxide,0.03,%,N,N,N 2目少量,N,N,N,N,N 少量,,
5190-8604,1314-13-2,Zinc oxide,0.03,%,N,N,N,N,N,N,N,N 少量,,
5190-8604,8042-47-5,White mineral oil (petroleum),99.34,%,N,N,N,N,N,N,N,N 少量,,
PSS-PIB12K,9003-27-4,"1-Propene, 2-methyl-, homopolymer",95-100,%,N,N,N,N,N,N,N,N 少量,,
PSS-PIBKIT,9003-27-4,"1-Propene, 2-methyl-, homopolymer",95-100,%,N,N,N,N,N,N,N,N 少量,,
1980-1105,55965-84-9,5-Chloro-2-methyl-3(2H)isothiazolone mixt. with 2-Methyl-3(2H)isothiazolone                                                         ,<0.25,%  ,N,N,N 2目少量,N,N,N,N,N 少量,,
PB31、PB31-10、PB31-100,7783-20-2,ammonium sulphate,60,%,N,N,N,N,N,N,N,N 少量,,
PB31、PB31-10、PB31-100,7732-18-5,"water, distilled, conductivity or of similar purity",38.0675,%,N,N,N,N,N,N,N,N 少量,,
PB31、PB31-10、PB31-100,11016-17-4,R-Phycoerythrin,1,%,N,N,N,N,N,N,N,N 少量,,
PB31、PB31-10、PB31-100,7778-77-0,potassium dihydrogenorthophosphate,0.7,%,N,N,N,N,N,N,N,N 少量,,
PB31、PB31-10、PB31-100,1310-58-3,potassium hydroxide,0.2,%,N,N,N 2目少量,N,N,N,N,N 少量,,
PB31、PB31-10、PB31-100,26628-22-8,sodium azide,0.0325,%,N,N 限值95%,N,N,N,N,N,N 少量,,
PSS-PUL110K,9057/2/7,Pullulan,100,%,N,N,N,N,N,N,N,N 少量,,
5188-5245,540-84-1,"2,2,4-trimethylpentane",98.9259,%,N,N,N,N,N,N,N,N 少量,,
5188-5245,112-40-3,Dodecane,1.0734,%,N,N,N,N,N,N,N,N 少量,,
5188-5245,126-73-8,Tributyl phosphate,0.0003,%,N,N,N,N,N,N,N,N 少量,,
5188-5245,112-55-0,Dodecane-1-thiol,0.0003,%,N,N,N 2目少量,N,N,N,N,N 少量,,
5188-5245,110-06-5,Di-tert-butyl disulphide,0.0001,%,N,N,N,N,N,N,N,N 少量,,
AS-S-110799,71-43-2,Benzene,5,,"N 1,2類，限值70%",N,N 1目，限值1%,N,N,N,N,N 少量,,
AS-S-110799,100-41-4,Ethyl benzene (Ethylbenzene),5,,N 4類，限值70%,N,N,N,N,N,N,N 少量,,
AS-S-110799,108-38-3,"M-XYLENE (1,3-Dimethylbenzene)",15,,N,N,N 2目少量,N,N,N,N,N 少量,,
AS-S-110799,104-51-8,n-Butylbenzene,5,,N,N,N,N,N,N,N,N 少量,,
AS-S-110799,111-84-2,n-Nonane,25,,N,N,N,N,N,N,N,N 少量,,
AS-S-110799,95-47-6,"o-Xylene (1,2-Dimethylbenzene)",5,,N,N,N 2目少量,N,N,N,N,N 少量,,
AS-S-110799,106-42-3,P-XYLENE ,5,,N,N,N 2目少量,N,N,N,N,N 少量,,
AS-S-110799,108-88-3,Toluene,35,,N,N,N 2目少量,N,N 乙類，限值100%,N,N,N 年用量無超過,,
AS-D-5441-10X,1634-04-4,Methyl tert-butyl ether (MtBE),85-90,%,Y 4類，限值20%,N,N,N,N,N,N,N 少量,毒化物,毒化物+包裝
AS-D-5441-10X,994-05-8,tert-Amyl methyl ether,1,,N,N,N,N,N,N,N,N 少量,,
AS-D-5441-10X,75-65-0,T-BuTANOL ,1,,N,N,N,N,N,N,N,N 少量,,
AS-D-5441-10X,637-92-3,Ethyl tertiary butyl ether (ETBE),1,,N,N,N,N,N,N,N,N 少量,,
AS-D-5441-10X,7756-94-7,"4,4-Dimethyl-2-neopentyl-1-pentene",1,,N,N,N,N,N,N,N,N 少量,,
AS-D-5441-10X,67-56-1,methanol,1,,N,N,N 2目少量,N,N,N,N,N 少量,,
AS-D-5441-10X,78-78-4,Isopentane,1,,N,N,N 2目少量,N,N,N,N,N 少量,,
AS-D-5441-10X,513-35-9,2-METHYLBUTENE-2 ,1,,N,N,N,N,N,N,N,N 少量,,
AS-D-5441-10X,123-48-8,"2,2,4,6,6-Pentamethyl-3-heptene",1,,N,N,N,N,N,N,N,N 少量,,
AS-D-5441-10X,109-66-0,Pentane,1,,N,N,N 2目少量,N,N,N,N,N 少量,,
AS-D-5441-10X,627-20-3,cis-2-Pentene,1,,N,N,N,N,N,N,N,N 少量,,
AS-D-5441-10X,646-04-8,trans-2-Pentene,1,,N,N,N,N,N,N,N,N 少量,,
AS-D-5441-10X,107-39-1,"2,4,4-Trimethyl-1-pentene",1,,N,N,N,N,N,N,N,N 少量,,
AS-D-5441-10X-PAK,1634-04-4,Methyl tert-butyl ether (MtBE),85-90,%,Y 4類，限值20%,N,N,N,N,N,N,N 少量,毒化物,毒化物+包裝
AS-D-5580-QC-10ML-PA,110-54-3,Hexane,12,,N,N,N 2目少量,N,N,N,N,N 年用量無超過,,
AS-D-5580-QC-10ML-PA,142-82-5,n-heptane,20,%,N,N,N,N,N,N,N,N 年用量無超過,,
AS-D-5580-QC-10ML-PA,111-65-9,n-octane,15,,N,N,N,N,N,N,N,N 少量,,
AS-D-5580-QC-10ML-PA,124-18-5,n-Decane,10,,N,N,N,N,N,N,N,N 少量,,
AS-D-5580-QC-10ML-PA,629-50-5,n-Tridecane,1,,N,N,N,N,N,N,N,N 少量,,
AS-D-5580-QC-10ML-PA,540-84-1,"2,2,4-trimethylpentane",20,,N,N,N,N,N,N,N,N 少量,,
AS-D-5580-QC-10ML-PA,71-43-2,Benzene,1,,"N 1,2類，限值70%",N,N 1目，限值1%,N,N,N,N,N 少量,,
AS-D-5580-QC-10ML-PA,108-88-3,Toluene,9,,N,N,N 2目少量,N,N 乙類，限值100%,N,N,N 年用量無超過,,
AS-D-5580-QC-10ML-PA,100-41-4,Ethyl benzene (Ethylbenzene),2,,N 4類，限值70%,N,N,N,N,N,N,N 少量,,
AS-D-5580-QC-10ML-PA,106-42-3,P-XYLENE ,3,,N,N,N 2目少量,N,N,N,N,N 少量,,
AS-D-5580-QC-10ML-PA,95-47-6,"o-Xylene (1,2-Dimethylbenzene)",2,,N,N,N 2目少量,N,N,N,N,N 少量,,
AS-D-5580-QC-10ML-PA,95-63-6,"1,2,4-Trimethylbenzene",3,,N,N,N,N,N,N,N,N 年用量無超過,,
AS-D-5580-QC-10ML-PA,95-93-2,"1,2,4,5-Tetramethylbenzene",1,,N,N,N,N,N,N,N,N 少量,,
AS-D-5580-QC-10ML-PA,91-20-3,naphthalene,1,,N,N,N 2目少量,N,N,N,N,N 年用量無超過,,
PSS-PAA135K,9003/4/7,Poly(acrylic acid) sodium salt,100,%,N,N,N,N,N,N,N,N 少量,,
AS-D-5580-95-CAL-10M,71-43-2,Benzene,0.1,,"N 1,2類，限值70%",N,N 1目，限值1%,N,N,N,N,N 少量,,
AS-D-5580-95-CAL-10M,108-88-3,Toluene,15,,N,N,N 2目少量,N,N 乙類，限值100%,N,N,N 年用量無超過,,
AS-D-5580-95-CAL-10M,100-41-4,Ethyl benzene (Ethylbenzene),0.5,,N 4類，限值70%,N,N,N,N,N,N,N 少量,,
AS-D-5580-95-CAL-10M,95-47-6,"o-Xylene (1,2-Dimethylbenzene)",1,,N,N,N 2目少量,N,N,N,N,N 少量,,
AS-D-5580-95-CAL-10M,95-63-6,"1,2,4-Trimethylbenzene",1,,N,N,N,N,N,N,N,N 年用量無超過,,
AS-D-5580-95-CAL-10M,540-84-1,"2,2,4-trimethylpentane",82.4,,N,N,N,N,N,N,N,N 少量,,
AS-D-5580-95-CAL-10M,71-43-2,Benzene,0.5,,"N 1,2類，限值70%",N,N 1目，限值1%,N,N,N,N,N 少量,,
AS-D-5580-95-CAL-10M,108-88-3,Toluene,10,,N,N,N 2目少量,N,N 乙類，限值100%,N,N,N 年用量無超過,,
AS-D-5580-95-CAL-10M,100-41-4,Ethyl benzene (Ethylbenzene),1,,N 4類，限值70%,N,N,N,N,N,N,N 少量,,
AS-D-5580-95-CAL-10M,95-47-6,"o-Xylene (1,2-Dimethylbenzene)",2.5,,N,N,N 2目少量,N,N,N,N,N 少量,,
AS-D-5580-95-CAL-10M,95-63-6,"1,2,4-Trimethylbenzene",10,,N,N,N,N,N,N,N,N 年用量無超過,,
AS-D-5580-95-CAL-10M,540-84-1,"2,2,4-trimethylpentane",76,,N,N,N,N,N,N,N,N 少量,,
AS-D-5580-95-CAL-10M,71-43-2,Benzene,1,,"N 1,2類，限值70%",N,N 1目，限值1%,N,N,N,N,N 少量,,
AS-D-5580-95-CAL-10M,108-88-3,Toluene,5,,N,N,N 2目少量,N,N 乙類，限值100%,N,N,N 年用量無超過,,
AS-D-5580-95-CAL-10M,100-41-4,Ethyl benzene (Ethylbenzene),2.5,,N 4類，限值70%,N,N,N,N,N,N,N 少量,,
AS-D-5580-95-CAL-10M,95-47-6,"o-Xylene (1,2-Dimethylbenzene)",10,,N,N,N 2目少量,N,N,N,N,N 少量,,
AS-D-5580-95-CAL-10M,95-63-6,"1,2,4-Trimethylbenzene",0.5,,N,N,N,N,N,N,N,N 年用量無超過,,
AS-D-5580-95-CAL-10M,540-84-1,"2,2,4-trimethylpentane",81,,N,N,N,N,N,N,N,N 少量,,
AS-D-5580-95-CAL-10M,71-43-2,Benzene,2,,"N 1,2類，限值70%",N,N 1目，限值1%,N,N,N,N,N 少量,,
AS-D-5580-95-CAL-10M,108-88-3,Toluene,2.5,,N,N,N 2目少量,N,N 乙類，限值100%,N,N,N 年用量無超過,,
AS-D-5580-95-CAL-10M,100-41-4,Ethyl benzene (Ethylbenzene),5,,N 4類，限值70%,N,N,N,N,N,N,N 少量,,
AS-D-5580-95-CAL-10M,95-47-6,"o-Xylene (1,2-Dimethylbenzene)",5,,N,N,N 2目少量,N,N,N,N,N 少量,,
AS-D-5580-95-CAL-10M,95-63-6,"1,2,4-Trimethylbenzene",5,,N,N,N,N,N,N,N,N 年用量無超過,,
AS-D-5580-95-CAL-10M,540-84-1,"2,2,4-trimethylpentane",80.5,,N,N,N,N,N,N,N,N 少量,,
AS-D-5580-95-CAL-10M,71-43-2,Benzene,5,,"N 1,2類，限值70%",N,N 1目，限值1%,N,N,N,N,N 少量,,
AS-D-5580-95-CAL-10M,108-88-3,Toluene,1,,N,N,N 2目少量,N,N 乙類，限值100%,N,N,N 年用量無超過,,
AS-D-5580-95-CAL-10M,100-41-4,Ethyl benzene (Ethylbenzene),10,,N 4類，限值70%,N,N,N,N,N,N,N 少量,,
AS-D-5580-95-CAL-10M,95-47-6,"o-Xylene (1,2-Dimethylbenzene)",0.5,,N,N,N 2目少量,N,N,N,N,N 少量,,
AS-D-5580-95-CAL-10M,95-63-6,"1,2,4-Trimethylbenzene",2.5,,N,N,N,N,N,N,N,N 年用量無超過,,
AS-D-5580-95-CAL-10M,540-84-1,"2,2,4-trimethylpentane",81,,N,N,N,N,N,N,N,N 少量,,
PSS-PAA8K,9003/4/7,Poly(acrylic acid) sodium salt,100,%,N,N,N,N,N,N,N,N 少量,,
PSS-PET10K,25038-59-9,Polyethylene Terephthalate,100,%,N,N,N,N,N,N,N,N 少量,,
PSS-PET120K,25038-59-9,Polyethylene Terephthalate,100,%,N,N,N,N,N,N,N,N 少量,,
PSS-PET25K,25038-59-9,Polyethylene Terephthalate,100,%,N,N,N,N,N,N,N,N 少量,,
PSS-PET3.5K,25038-59-9,Polyethylene Terephthalate,100,%,N,N,N,N,N,N,N,N 少量,,
PSS-PET40K,25038-59-9,Polyethylene Terephthalate,100,%,N,N,N,N,N,N,N,N 少量,,
PSS-PET75K,25038-59-9,Polyethylene Terephthalate,100,%,N,N,N,N,N,N,N,N 少量,,
CLP-120-1,67-56-1,methanol,98.736,% (w/w),N,N,N 2目少量,N,N,N,N,N 少量,,
CLP-120-1,75-25-2,bromoform,0.2528,% (w/w),N 1類，限值1%,N,N,N,N,N,N,N 少量,,
CLP-120-1,75-34-3,"1,1-dichloroethane",0.2528,% (w/w),N,N,N,N,N,N,N,N 少量,,
CLP-120-1,79-34-5,Acetylene tetrachloride,0.2528,% (w/w),N 4類，限值1%,N,N 2目少量,N,N,N,N,N 少量,,
CLP-120-1,108-90-7,chlorobenzene,0.2528,% (w/w),N 1類，限值1%,N,N 2目少量,N,N,N,N,N 少量,,
CLP-120-1,74-87-3,chloromethane,0.2528,% (w/w),N 4類，限值25%,N,N,N,N,N,N,N 少量,,
PSS-PULKITR1H,9057/2/7,Pullulan,100,%,N,N,N,N,N,N,N,N 少量,,
AS-D-6379-10X-SET,110-82-7,Cyclohexane,1月5日,%,Y 4類，限值1%,N,N 2目少量,N,N,N,N,N 少量,毒化物,毒化物+包裝
AS-D-6379-10X-SET,95-47-6,"o-Xylene (1,2-Dimethylbenzene)",15,%,N,N,N 2目少量,N,N,N,N,N 少量,,
AS-D-6379-10X-SET,90-12-0,1-Methylnaphthalene                                                                                                                 ,5,%,N,N,N,N,N,N,N,N 少量,,
AS-D-6379-10X-SET,142-82-5,n-heptane,75,%,N,N,N,N,N,N,N,N 年用量無超過,,
AS-D-6379-10X-SET,110-82-7,Cyclohexane,1月5日,,Y 4類，限值1%,N,N 2目少量,N,N,N,N,N 少量,毒化物,毒化物+包裝
AS-D-6379-10X-SET,95-47-6,"o-Xylene (1,2-Dimethylbenzene)",5,,N,N,N 2目少量,N,N,N,N,N 少量,,
AS-D-6379-10X-SET,90-12-0,1-Methylnaphthalene                                                                                                                 ,1,,N,N,N,N,N,N,N,N 少量,,
AS-D-6379-10X-SET,142-82-5,n-heptane,92,,N,N,N,N,N,N,N,N 年用量無超過,,
AS-D-6379-10X-SET,110-82-7,Cyclohexane,0.5,,N 4類，限值1%,N,N 2目少量,N,N,N,N,N 少量,,
AS-D-6379-10X-SET,95-47-6,"o-Xylene (1,2-Dimethylbenzene)",1,,N,N,N 2目少量,N,N,N,N,N 少量,,
AS-D-6379-10X-SET,90-12-0,1-Methylnaphthalene                                                                                                                 ,0.2,,N,N,N,N,N,N,N,N 少量,,
AS-D-6379-10X-SET,142-82-5,n-heptane,98.3,,N,N,N,N,N,N,N,N 年用量無超過,,
AS-D-6379-10X-SET,110-82-7,Cyclohexane,0.1,,N 4類，限值1%,N,N 2目少量,N,N,N,N,N 少量,,
AS-D-6379-10X-SET,95-47-6,"o-Xylene (1,2-Dimethylbenzene)",0.1,,N,N,N 2目少量,N,N,N,N,N 少量,,
AS-D-6379-10X-SET,90-12-0,1-Methylnaphthalene                                                                                                                 ,0.05,,N,N,N,N,N,N,N,N 少量,,
AS-D-6379-10X-SET,142-82-5,n-heptane,99.75,,N,N,N,N,N,N,N,N 年用量無超過,,
AS-D-6379-SRS-R1-PAK,110-82-7,Cyclohexane,1月5日,%,Y 4類，限值1%,N,N 2目少量,N,N,N,N,N 少量,毒化物,毒化物+包裝
HP-IC-CN-M-100ML,151-50-8,potassium cyanide (as cyanide),0.1,% (w/w),N 3類，氰離子限值1 %以上,N,N 2目少量,N,N,N,N,N 少量,,
PHR1786-500MG,9082/7/9,Condroitin sulfate sodium,88.7,%,N,N,N,N,N,N,N,N 少量,,
IC-CN-M,7732-18-5,Water,97.9,%,N,N,N,N,N,N,N,N 少量,,
IC-CN-M,151-50-8,potassium cyanide (as cyanide),0.1,,N 3類，氰離子限值1 %以上,N,N 2目少量,N,N,N,N,N 少量,,
IC-CN-M,1310-58-3,potassium hydroxide,2,%,N,N,N 2目少量,N,N,N,N,N 少量,,
ICC-300,7732-18-5,water,99.0705,% (w/w),N,N,N,N,N,N,N,N 少量,,
ICC-300,471-34-1,calcium carbonate,0.2497,% (w/w),N,N,N,N,N,N,N,N 少量,,
ICC-300,13446-18-9,magnesium nitrate hexahydrate,0.211,% (w/w),N,N,N,N,N,N,N,N 少量,,
ICC-300,7697-37-2,NITRIC ACID,0.198,% (w/w),N,N,N 2目少量,N,N,N,N,N 少量,,
ICC-300,12125-02-9,ammonium chloride,0.1186,% (w/w),N,N,N,N,N,N,N,N 少量,,
ICC-300,7631-99-4,sodium nitrate,0.0739,% (w/w),N,N,N 2目少量,N,N,N,N,N 少量,,
ICC-300,7757-79-1,potassium nitrate,0.0517,% (w/w),N,N,N 2目少量,N,N,N,N,N 年用量無超過,,
ICC-300,554-13-2,lithium carbonate,0.0266,% (w/w),N,N,N,N,N,N,N,N 少量,,
ICC-005A,7732-18-5,water,99.3146,% (w/w),N,N,N,N,N,N,N,N 少量,,
ICC-005A,7778-53-2,potassium orthophosphate,0.6854,% (w/w),N,N,N 2目少量,N,N,N,N,N 少量,,
ICC-018,7732-18-5,water,99.8489,% (w/w),N,N,N,N,N,N,N,N 少量,,
ICC-018,141-53-7,sodium formate,0.1511,% (w/w),N,N,N,N,N,N,N,N 少量,,
393211901,64-20-0,Tetramethylammonium bromide,"1,2186 PPM",,N,N,N,N,N,N,N,N 少量,,
393211901,1643-19-2,Tetrabutylammonium bromide,"0,1219 PPM",,N,N,N 2目少量,N,N,N,N,N 少量,,
393211901,14937-42-9,Tetrakis(decyl)ammonium bromide,"0,1219 PPM",,N,N,N,N,N,N,N,N 少量,,
393211901,105809-15-2,Ultramark 1621,"12,1864 PPM",,N,N,N,N,N,N,N,N 少量,,
393211901,915-76-4,"2,4,6-tris(Heptafluoropropyl)-1,3,5-triazine","6,0932 PPM",,N,N,N,N,N,N,N,N 少量,,
393211901,67-56-1,Methanol,40.8969,%,N,N,N 2目少量,N,N,N,N,N 少量,,
393211901,1975/5/8,Acetonitrile,40-45,%,Y 4類，限值1%,N,N,N,N,N,N,N 少量,毒化物,毒化物+包裝
393211901,7732-18-5,Water,18.2469,%,N,N,N,N,N,N,N,N 少量,,
393211901,64-19-7,Acetic acid,0.2546,%,N,N,N 2目少量,N,N,N,N,N 少量,,
393211901,1737-28-6,Perfluoroalkylphosphazine,"24,3727 PPM",,N,N,N,N,N,Y,N,N,新化學物質,
SD-040,109-66-0,n-Pentane,6.29,%,N,N,N 2目少量,N,N,N,N,N 少量,,
SD-040,110-54-3,n-Hexane,7.28,%,N,N,N 2目少量,N,N,N,N,N 年用量無超過,,
SD-040,142-82-5,n-Heptane,7.18,%,N,N,N,N,N,N,N,N 年用量無超過,,
SD-040,111-65-9,n-Octane,14.69,%,N,N,N,N,N,N,N,N 少量,,
SD-040,111-84-2,n-Nonane,7.56,%,N,N,N,N,N,N,N,N 少量,,
SD-040,124-18-5,n-Decane,7.76,%,N,N,N,N,N,N,N,N 少量,,
SD-040,1120-21-4,n-Undecane,7.92,%,N,N,N,N,N,N,N,N 少量,,
SD-040,112-40-3,n-Dodecane,16.07,%,N,N,N,N,N,N,N,N 少量,,
SD-040,629-50-5,n-Tridecane,8.19,%,N,N,N,N,N,N,N,N 少量,,
SD-040,629-59-4,n-Tetradecane,8.32,%,N,N,N,N,N,N,N,N 少量,,
SD-040,629-62-9,n-Pentadecane,8.31,%,N,N,N,N,N,N,N,N 少量,,
PL2012-2001,9003-53-6,Poly(styrene),100,%,N,N,N,N,N,N,N,N 少量,,
C/4966/17-000-71FC,67-66-3,Chloroform,95-100,,Y 1類，限值50%,N,N 2目少量,N,N,N,N,N 少量,毒化物,毒化物+包裝
42355-0000000-71AC,67-66-3,Chloroform,95-100,,Y 1類，限值50%,N,N 2目少量,N,N,N,N,N 少量,毒化物,毒化物+包裝
12974-0000000-16AC,52-67-5,penicillamine,99,%,N,N,N,N,N,N,N,N 少量,,
12974-0000000-18AC,52-67-5,penicillamine,99,%,N,N,N,N,N,N,N,N 少量,,
5188-5244,629-97-0,Docosane,0.1119,%,N,N,N,N,N,N,N,N 少量,,
5188-5244,112-95-8,Icosane,0.0113,%,N,N,N,N,N,N,N,N 少量,,
5188-5244,629-78-7,n-Heptadecane,0.0002,%,N,N,N,N,N,N,N,N 少量,,
5188-5244,629-92-5,Nonadecane,0.0002,%,N,N,N,N,N,N,N,N 少量,,
5188-5244,593-45-3,Octadecane,0.0011,%,N,N,N,N,N,N,N,N 少量,,
5188-5244,646-31-1,Tetracosane,1.0958,%,N,N,N,N,N,N,N,N 少量,,
5188-5244,540-84-1,"2,2,4-trimethylpentane",98.7794,%,N,N,N,N,N,N,N,N 少量,,
H27003-0003,7697-37-2,Nitric acid,70,%,N,N,N 2目少量,N,N,N,N,N 少量,,
CJ30R,9012-36-6,Agarose,49.9,%,N,N,N,N,N,N,N,N 少量,,
CJ30R,7732-18-5,"water, distilled, conductivity or of similar purity",48.68,%,N,N,N,N,N,N,N,N 少量,,
CJ30R,7647-14-5,sodium chloride,0.87,%,N,N,N,N,N,N,N,N 少量,,
CJ30R,7558-79-4,disodium hydrogenorthophosphate,0.244,%,N,N,N,N,N,N,N,N 少量,,
CJ30R,7558-80-7,Monosodium phosphate,0.156,%,N,N,N,N,N,N,N,N 少量,,
CJ30R,9013-20-1,Streptavidin,0.1,%,N,N,N,N,N,N,N,N 少量,,
CJ30R,26628-22-8,sodium azide,0.05,%,N,N 限值95%,N,N,N,N,N,N 少量,,
CJ30R-10,9012-36-6,Agarose,49.9,%,N,N,N,N,N,N,N,N 少量,,
CJ30R-10,7732-18-5,"water, distilled, conductivity or of similar purity",48.68,%,N,N,N,N,N,N,N,N 少量,,
CJ30R-10,7647-14-5,sodium chloride,0.87,%,N,N,N,N,N,N,N,N 少量,,
CJ30R-10,7558-79-4,disodium hydrogenorthophosphate,0.244,%,N,N,N,N,N,N,N,N 少量,,
CJ30R-10,7558-80-7,Monosodium phosphate,0.156,%,N,N,N,N,N,N,N,N 少量,,
CJ30R-10,9013-20-1,Streptavidin,0.1,%,N,N,N,N,N,N,N,N 少量,,
CJ30R-10,26628-22-8,sodium azide,0.05,%,N,N 限值95%,N,N,N,N,N,N 少量,,
CJ30R-20,9012-36-6,Agarose,49.9,%,N,N,N,N,N,N,N,N 少量,,
CJ30R-20,7732-18-5,"water, distilled, conductivity or of similar purity",48.68,%,N,N,N,N,N,N,N,N 少量,,
CJ30R-20,7647-14-5,sodium chloride,0.87,%,N,N,N,N,N,N,N,N 少量,,
CJ30R-20,7558-79-4,disodium hydrogenorthophosphate,0.244,%,N,N,N,N,N,N,N,N 少量,,
CJ30R-20,7558-80-7,Monosodium phosphate,0.156,%,N,N,N,N,N,N,N,N 少量,,
CJ30R-20,9013-20-1,Streptavidin,0.1,%,N,N,N,N,N,N,N,N 少量,,
CJ30R-20,26628-22-8,sodium azide,0.05,%,N,N 限值95%,N,N,N,N,N,N 少量,,
DVE-272858,110-82-7,Cyclohexane 環己烷,25-30,%,Y 4類，限值1%,N,N 2目少量,N,N,N,N,N 少量,毒化物,毒化物+包裝
DVE-272858,100-41-4,Ethylbenzene,25,%,N 4類，限值70%,N,N,N,N,N,N,N 少量,,
DVE-272858,1634-04-4,methyl-tert-butyl ether,10,%,N 4類，限值20%,N,N,N,N,N,N,N 少量,,
DVE-272858,64-17-5,Ethanol,8,%,N,N,N,N,N,N,N,N 少量,,
DVE-272858,108-88-3,Toluene,7,%,N,N,N 2目少量,N,N 乙類，限值100%,N,N,N 年用量無超過,,
DVE-272858,513-35-9,2-methyl-2-butene,2.5,%,N,N,N,N,N,N,N,N 少量,,
DVE-272858,142-82-5,n-heptane,2,%,N,N,N,N,N,N,N,N 年用量無超過,,
DVE-272858,110-54-3,hexane,2,%,N,N,N 2目少量,N,N,N,N,N 年用量無超過,,
DVE-272858,111-65-9,n-Octane,2,%,N,N,N,N,N,N,N,N 少量,,
DVE-272858,111-84-2,nonane,2,%,N,N,N,N,N,N,N,N 少量,,
DVE-272858,109-66-0,n-pentane,2,%,N,N,N 2目少量,N,N,N,N,N 少量,,
DVE-272858,106-42-3,p-xylene,1,%,N,N,N 2目少量,N,N,N,N,N 少量,,
DVE-272858,71-43-2,Benzene,1,%,"N 1,2類，限值70%",N,N 1目，限值1%,N,N,N,N,N 少量,,
DVE-272858,124-18-5,decane,1,%,N,N,N,N,N,N,N,N 少量,,
DVE-272858,91-20-3,Naphthalene,0.5,%,N,N,N 2目少量,N,N,N,N,N 年用量無超過,,
DVE-272858,822-50-4,"trans-1,2-Dimethylcyclopentane",0.5,%,N,N,N,N,N,Y,N,N 少量,新化學物質,
DVE-272858,1120-21-4,undecane,0.5,%,N,N,N,N,N,N,N,N 少量,,
DVE-272858,693-89-0,1-methyl-1-cyclopentene,0.5,%,N,N,N,N,N,N,N,N 少量,,
DVE-272858,75-65-0,tert-butanol (2-methyl-2-propanol),0.5,%,N,N,N,N,N,N,N,N 少量,,
DVE-272858,611-14-3,1-ethyl-2-methylbenzene,0.5,%,N,N,N,N,N,N,N,N 少量,,
DVE-272858,79-29-8,"2,3-dimethylbutane",0.5,%,N,N,N,N,N,N,N,N 少量,,
DVE-272858,560-21-4,"2,3,3-trimethylpentane",0.5,%,N,N,N,N,N,N,N,N 少量,,
DVE-272858,629-50-5,tridecane,0.25,%,N,N,N,N,N,N,N,N 少量,,
DVE-272858,112-40-3,n-Dodecane,0.25,%,N,N,N,N,N,N,N,N 少量,,
DVE-272858,527-53-7,"1,2,3,5-tetramethylbenzene",0.25,%,N,N,N,N,N,N,N,N 少量,,
DVE-272858,90-12-0,1-methylnaphthalene,0.25,%,N,N,N,N,N,N,N,N 少量,,
DVE-272858,15869-85-9,5-methylnonane,0.2,%,N,N,N,N,N,N,N,N 少量,,
DVE-272858,3074-71-3,"2,3-dimethylheptane",0.2,%,N,N,N,N,N,N,N,N 少量,,
DVE-272858,617-78-7,3-Ethylpentane,0.2,%,N,N,N,N,N,N,N,N 少量,,
FS19605-0001,7664-93-9,Sulfuric acid,96,%  ,N,N,N 2目少量,N,N 乙類，限值100%,N,N,N 少量,,
PSS-PSS450K,9080-79-9,Poly(styrene sulfonate) sodium salt,100,%,N,N,N,N,N,N,N,N 少量,,
AS-M-625-TS-20X,1975/9/2,Dichloromethane(Methylenechloride),95-100,%,Y 4類，限值25%,N,N 2目少量,N,N,N,N,N 少量,毒化物,毒化物+包裝
AS-M-625-TS-20X-PAK,1975/9/2,Dichloromethane(Methylenechloride),95-100,%,Y 4類，限值25%,N,N 2目少量,N,N,N,N,N 少量,毒化物,毒化物+包裝
40574-0000000-20AC,106-44-5,p-cresol,99,% (w/w),N,N,N 2目少量,N,N,N,N,N 少量,,
CUS-00008059,67-64-1,acetone,99.88015171,%,N,N,N 2目少量,N,N 乙類，限值100%,N,N,N 少量,,
CUS-00008059,18181-80-1,bromopropylate,0.002528445,%,N,N,N,N,N,N,N,N 少量,,
CUS-00008059,470-90-6,chlorfenvinphos,0.002528445,%,N,N,N,N,N,N,N,N 少量,,
CUS-00008059,52315-07-8,cypermethrin,0.006321113,%,N,N,N 2目少量,N,N,N,N,N 少量,,
CUS-00008059,333-41-5,diazinon,0.002528445,%,N,N,N,N,N,N,N,N 少量,,
CUS-00008059,959-98-8,endosulfan I,0.00505689,%,"N 1,3類，限值1%",N,N,N,N,N,N,N 少量,,
CUS-00008059,33213-65-9,endosulfan II,0.00505689,%,"N 1,3類，限值1%",N,N,N,N,N,N,N 少量,,
CUS-00008059,1031-07-8,endosulfan sulfate,0.001264223,%,"N 1,3類，限值1%",N,N,N,N,N,N,N 少量,,
CUS-00008059,122-14-5,fenitrothion,0.002528445,%,N,N,N 2目少量,N,N,N,N,N 少量,,
CUS-00008059,121-75-5,malathion,0.002528445,%,N,N,N,N,N,N,N,N 少量,,
CUS-00008059,1634-78-2,malaoxon,0.006321113,%,N,N,N,N,N,N,N,N 少量,,
CUS-00008059,56-38-2,parathion (ethyl),0.008091024,%,N,N,N,N,N,N,N,N 少量,,
CUS-00008059,311-45-5,paraoxon,0.008091024,%,N,N,N,N,N,N,N,N 少量,,
CUS-00008059,298-00-0,methyl parathion,0.008091024,%,N,N,N,N,N,N,N,N 少量,,
CUS-00008059,950-35-6,methyl paraoxon,0.008091024,%,N,N,N,N,N,N,N,N 少量,,
CUS-00008059,29232-93-7,pirimiphos-methyl,0.002528445,%,N,N,N,N,N,N,N,N 少量,,
CUS-00008059,8003-34-7,"pyrethrins (tech grade, uncorrected)",0.03034134,%,N,N,N,N,N,N,N,N 少量,,
CUS-00008059,786-19-6,carbophenothion (trithion),0.001264223,%,N,N,N,N,N,N,N,N 少量,,
CUS-00008059,67018-59-1,pirimiphos-methyl-n-desethyl,0.004045512,%,N,N,N,N,N,Y,N,N,新化學物質,
CUS-00008059,119446-68-3,difenoconazole,0.002528445,%,N,N,N,N,N,N,N,N 少量,,
CUS-00008059,66230-04-4,asana (esfenvalerate),0.002528445,%,N,N,N,N,N,N,N,N 少量,,
CUS-00008059,36734-19-7,iprodione,0.002528445,%,N,N,N 2目少量,N,N,N,N,N 少量,,
CUS-00008059,76738-62-0,paclobutrazol,0.002528445,%,N,N,N,N,N,N,N,N 少量,,
CUS-00008059,24017-47-8,triazophos,0.002528445,%,N,N,N,N,N,N,N,N 少量,,
SD-053;SD-053-XXX;CS-CRC-053-250,110-82-7,Cyclohexane,0.217,%,N 4類，限值1%,N,N 2目少量,N,N,N,N,N 少量,,
SD-053;SD-053-XXX;CS-CRC-053-250,71-43-2,Benzene,2.267,%,"N 1,2類，限值70%",N,Y 1目，限值1%,N,N,N,N,N 少量,優先化學品報備,
SD-053;SD-053-XXX;CS-CRC-053-250,100-41-4,Ethyl benzene (Ethylbenzene),1.934,%,N 4類，限值70%,N,N,N,N,N,N,N 少量,,
SD-053;SD-053-XXX;CS-CRC-053-250,98-82-8,Cumene (i-Propylbenzene),0.165,%,N 4類，限值1%,N,N,N,N,N,N,N 少量,,
SD-053;SD-053-XXX;CS-CRC-053-250,86290-81-5,Gasoline,0.01-99,,N,N,N,N,N,N,N,N 少量,,
SD-053;SD-053-XXX;CS-CRC-053-250,106-97-8,Butane,0.01-10,%,N,N,N 2目少量,N,N,N,N,N 少量,,
SD-053;SD-053-XXX;CS-CRC-053-250,108-20-3,Diisopropyl ether (DIPE),0.01-15,%,N,N,N,N,N,N,N,N 少量,,
SD-053;SD-053-XXX;CS-CRC-053-250,64-17-5,Ethyl Alcohol (Ethanol),0.01-10,%,N,N,N,N,N,N,N,N 少量,,
SD-053;SD-053-XXX;CS-CRC-053-250,637-92-3,Ethyl tertiary butyl ether (ETBE),0.01-15,%,N,N,N,N,N,N,N,N 少量,,
SD-053;SD-053-XXX;CS-CRC-053-250,110-54-3,n-Hexane,0.01-8,%,N,N,N 2目少量,N,N,N,N,N 年用量無超過,,
SD-053;SD-053-XXX;CS-CRC-053-250,91-20-3,naphthalene,0.01-2,% (w/w),N,N,N 2目少量,N,N,N,N,N 年用量無超過,,
SD-053;SD-053-XXX;CS-CRC-053-250,100-42-5,Vinylbenzene,0.01-1,% (w/w),N,N,N 2目少量,N,N,N,N,N 年用量無超過,,
SD-053;SD-053-XXX;CS-CRC-053-250,919-94-8,Tertiary-amyl ethyl ether (TAEE),0.01-15,%,N,N,N,N,N,N,N,N 少量,,
SD-053;SD-053-XXX;CS-CRC-053-250,994-05-8,Tertiary-amyl methyl ether (TAME),0.01-17,%,N,N,N,N,N,N,N,N 少量,,
SD-053;SD-053-XXX;CS-CRC-053-250,108-88-3,Toluene,1月25日,%,N,N,N 2目少量,N,N 乙類，限值100%,N,N,N 年用量無超過,,
SD-053;SD-053-XXX;CS-CRC-053-250,95-63-6,"1,2,4-Trimethylbenzene",0.01-6,%,N,N,N,N,N,N,N,N 年用量無超過,,
SD-053;SD-053-XXX;CS-CRC-053-250,25551-13-7,"Trimethylbenzenes, all isomers",0.01-5,%,N,N,N,N,N,N,N,N 少量,,
SD-053;SD-053-XXX;CS-CRC-053-250,1330-20-7,"Xylene, mixed isomers",1月18日,%,N,N,N 2目少量,N,N,N,N,N 少量,,
ICP-003,7732-18-5,water,97.92,% (w/w),N,N,N,N,N,N,N,N 少量,,
ICP-003,7697-37-2,NITRIC ACID,1.98,% (w/w),N,N,N 2目少量,N,N,N,N,N 少量,,
ICP-003,554-13-2,lithium carbonate,0.1,% (w/w),N,N,N,N,N,N,N,N 少量,,
ICP-058,7732-18-5,water,97.7541,% (w/w),N,N,N,N,N,N,N,N 少量,,
ICP-058,7697-37-2,NITRIC ACID,1.98,% (w/w),N,N,N 2目少量,N,N,N,N,N 少量,,
ICP-058,18618-55-8,cerium chloride heptahydrate,0.2659,% (w/w),N,N,N,N,N,N,N,N 少量,,
5610-2151,9003-70-7,"Benzene, diethenyl-, polymer with ethenylbenzene",100,%,N,N,N,N,N,N,N,N 少量,,
PSS-PSB100K,9003-53-6,Poly(styrene),100,%,N,N,N,N,N,N,N,N 少量,,
PSS-PSB60K,9003-53-6,Poly(styrene),100,%,N,N,N,N,N,N,N,N 少量,,
PSS-PSB45K,9003-53-6,Poly(styrene),100,%,N,N,N,N,N,N,N,N 少量,,
1519703(GET00020-180K),1975/9/2,Dichloromethane(Methylenechloride),0.0001,%,N 4類，限值25%,N,N 2目少量,N,N,N,N,N 少量,,
1519703(GET00020-180K),67-66-3,Chloroform,0.0001,%,N 1類，限值50%,N,N 2目少量,N,N,N,N,N 少量,,
1519703(GET00020-180K),71-43-2,Benzene,0.0001,%,"N 1,2類，限值70%",N,N 1目，限值1%,N,N,N,N,N 少量,,
1519703(GET00020-180K),56-23-5,carbon tetrachloride,0.0001,%,N 1類，限值50%,N,N 2目少量,N,N,N,Y,N 少量,空汙申請,
1519703(GET00020-180K),1979/1/6,trichloroethylene,0.0001,%,"N 1,2類，限值10%",N,N 附錄一限值>1%,N,N,N,N,N 少量,,
1519703(GET00020-180K),108-88-3,Toluene,0.0001,%,N,N,N 2目少量,N,N 乙類，限值100%,N,N,N 年用量無超過,,
1519703(GET00020-180K),127-18-4,tetrachloroethylene,0.0001,%,"N 1,2類，限值10%",N,N 1目，限值1%,N,N,N,N,N 少量,,
1519703(GET00020-180K),100-41-4,Ethylbenzene,0.0001,%,N 4類，限值70%,N,N,N,N,N,N,N 少量,,
1519703(GET00020-180K),106-42-3,p-xylene,0.0001,%,N,N,N 2目少量,N,N,N,N,N 少量,,
1519703(GET00020-180K),108-38-3,"M-XYLENE (1,3-Dimethylbenzene)",0.0001,%,N,N,N 2目少量,N,N,N,N,N 少量,,
1519703(GET00020-180K),100-42-5,Vinylbenzene,0.0001,%,N,N,N 2目少量,N,N,N,N,N 年用量無超過,,
1519703(GET00020-180K),95-47-6,"o-Xylene (1,2-Dimethylbenzene)",0.0001,%,N,N,N 2目少量,N,N,N,N,N 少量,,
1519703(GET00020-180K),106-46-7,"1,4-dichlorobenzene",0.0001,%,N,N,N 2目少量,N,N,N,N,N 少量,,
1519703(GET00020-180K),95-50-1,"1,2-Dichlorobenzene",0.0001,%,N 1類，限值1%,N,N 2目少量,N,N,N,N,N 少量,,
1519704(GET00020-180K),1975/9/2,Dichloromethane(Methylenechloride),0.001,%,N 4類，限值25%,N,N 2目少量,N,N,N,N,N 少量,,
1519704(GET00020-180K),67-66-3,Chloroform,0.001,%,N 1類，限值50%,N,N 2目少量,N,N,N,N,N 少量,,
1519704(GET00020-180K),71-43-2,Benzene,0.001,%,"N 1,2類，限值70%",N,N 1目，限值1%,N,N,N,N,N 少量,,
1519704(GET00020-180K),56-23-5,carbon tetrachloride,0.001,%,N 1類，限值50%,N,N 2目少量,N,N,N,Y,N 少量,空汙申請,
1519704(GET00020-180K),1979/1/6,trichloroethylene,0.001,%,"N 1,2類，限值10%",N,N 附錄一限值>1%,N,N,N,N,N 少量,,
1519704(GET00020-180K),108-88-3,Toluene,0.001,%,N,N,N 2目少量,N,N 乙類，限值100%,N,N,N 年用量無超過,,
1519704(GET00020-180K),127-18-4,tetrachloroethylene,0.001,%,"N 1,2類，限值10%",N,N 1目，限值1%,N,N,N,N,N 少量,,
1519704(GET00020-180K),100-41-4,Ethylbenzene,0.001,%,N 4類，限值70%,N,N,N,N,N,N,N 少量,,
1519704(GET00020-180K),106-42-3,p-xylene,0.001,%,N,N,N 2目少量,N,N,N,N,N 少量,,
1519704(GET00020-180K),108-38-3,"M-XYLENE (1,3-Dimethylbenzene)",0.001,%,N,N,N 2目少量,N,N,N,N,N 少量,,
1519704(GET00020-180K),100-42-5,Vinylbenzene,0.001,%,N,N,N 2目少量,N,N,N,N,N 年用量無超過,,
1519704(GET00020-180K),95-47-6,"o-Xylene (1,2-Dimethylbenzene)",0.001,%,N,N,N 2目少量,N,N,N,N,N 少量,,
1519704(GET00020-180K),106-46-7,"1,4-dichlorobenzene",0.001,%,N,N,N 2目少量,N,N,N,N,N 少量,,
1519704(GET00020-180K),95-50-1,"1,2-Dichlorobenzene",0.001,%,N 1類，限值1%,N,N 2目少量,N,N,N,N,N 少量,,
SP-NMPN-Methyl-2-Pyrrolidone,872-50-4,N-Methyl-2-Pyrrolidone,99,%,N,N,N 2目少量,N,N,N,N,N 少量,,
PY1-4941,25038-54-4,"Poly ε-caproamide (Polyamide 6, Nylon 6)",0.12,%,N,N,N,N,N,N,N,N 少量,,
PY1-4941,25038-59-9,Poly(ethylene terephthalate),0.39,%,N,N,N,N,N,N,N,N 少量,,
PY1-4941,25971-63-5,Polycarbonate,0.1,%,N,N,N,N,N,N,N,N 少量,,
PY1-4941,308080-63-9,Polyurethane,0.1,%,N,N,N,N,N,Y,N,N 少量,新化學物質,
PY1-4941,32131-17-2,"Polyhexamethylene adipamide (Polyamide 66, Nylon 66)",0.44,%,N,N,N,N,N,N,N,N 少量,,
PY1-4941,60676-86-0,Amorphous silica (Silicon dioxide),91.85,%,N,N,N,N,N,N,N,N 少量,,
PY1-4941,9002-86-2,Poly(vinyl chloride),0.97,%,N,N,N,N,N,N,N,N 少量,,
PY1-4941,9002-88-4,Polyethylene,3.9,%,N,N,N,N,N,N,N,N 少量,,
PY1-4941,9003-07-0,Polypropylene,0.97,%,N,N,N,N,N,N,N,N 少量,,
PY1-4941,9003-53-6,Polystyrene,0.19,%,N,N,N,N,N,N,N,N 少量,,
PY1-4941,9003-55-8,Styrene-butadiene copolymer,0.39,%,N,N,N,N,N,N,N,N 少量,,
PY1-4941,9003-56-9,Acrylonitrile-butadiene-styrene copolymer,0.39,%,N,N,N,N,N,N,N,N 少量,,
PY1-4941,9011-14-7,Poly(methyl methacrylate),0.19,%,N,N,N,N,N,N,N,N 少量,,
PY1-4951,25038-54-4,"Poly ε-caproamide (Polyamide 6, Nylon 6)",< 0.1,%,N,N,N,N,N,N,N,N 少量,,
PY1-4951,25038-59-9,Poly(ethylene terephthalate),< 0.1,%,N,N,N,N,N,N,N,N 少量,,
PY1-4951,25971-63-5,Polycarbonate,< 0.1,%,N,N,N,N,N,N,N,N 少量,,
PY1-4951,308080-63-9,Polyurethane,< 0.1,%,N,N,N,N,N,Y,N,N 少量,新化學物質,
PY1-4951,32131-17-2,"Polyhexamethylene adipamide (Polyamide 66, Nylon 66)",< 0.1,%,N,N,N,N,N,N,N,N 少量,,
PY1-4951,60676-86-0,Amorphous silica (Silicon dioxide),99.1,%,N,N,N,N,N,N,N,N 少量,,
PY1-4951,9002-86-2,Poly(vinyl chloride),< 0.1,%,N,N,N,N,N,N,N,N 少量,,
PY1-4951,9002-88-4,Polyethylene,0.4,%,N,N,N,N,N,N,N,N 少量,,
PY1-4951,9003-07-0,Polypropylene,0.1,%,N,N,N,N,N,N,N,N 少量,,
PY1-4951,9003-53-6,Polystyrene,< 0.1,%,N,N,N,N,N,N,N,N 少量,,
PY1-4951,9003-55-8,Styrene-butadiene copolymer,< 0.1,%,N,N,N,N,N,N,N,N 少量,,
PY1-4951,9003-56-9,Acrylonitrile-butadiene-styrene copolymer,< 0.1,%,N,N,N,N,N,N,N,N 少量,,
PY1-4951,9011-14-7,Poly(methyl methacrylate),< 0.1,%,N,N,N,N,N,N,N,N 少量,,
PSS-TBMA470K,25189-00-8,Poly(t-butyl methacrylate),100,%,N,N,N,N,N,N,N,N 少量,,
GKSB-101,88-68-6,anthranilamide,1-9.9,%,N,N,N,N,N,N,N,N 少量,,
PSS-PEG1.5K,25322-68-3,Poly(ethylene oxide),100,%,N,N,N,N,N,N,N,N 少量,,
GX24-101,2050902-45-7,"2-(diethylamino)ethyl 4-((((2,5-dioxopyrrolidin-1-yl)oxy)carbonyl)amino)benzoate",100,%,N,N,N,N,N,Y,N,N,新化學物質,
GX24-101,1968/12/2,"N,N-dimethylformamide",90-95,%,Y 2類，限值30%,N,Y 1目，限值1%,N,N,N,N,N 少量,毒化物、優先化學品報備,毒化物+包裝
GX24-101,17252-51-6,"1,3-Di(4-pyridyl)propane","5-10	",%,N,N,N,N,N,N,N,N 少量,,
PY1-4943,14464-46-1,Cristobalite,100,%,N,N,Y 1目，限值1%,N,N,N,N,N 少量,優先化學品報備,
PSS-TBMA1M,25189-00-8,Poly(t-butyl methacrylate),100,%,N,N,N,N,N,N,N,N 少量,,
PSS-TBMA1.3M,25189-00-8,Poly(t-butyl methacrylate),100,%,N,N,N,N,N,N,N,N 少量,,
PSS-TBMA1.5K,25189-00-8,Poly(t-butyl methacrylate),100,%,N,N,N,N,N,N,N,N 少量,,
PSS-TBMA10K,25189-00-8,Poly(t-butyl methacrylate),100,%,N,N,N,N,N,N,N,N 少量,,
PSS-TBMA100K,25189-00-8,Poly(t-butyl methacrylate),100,%,N,N,N,N,N,N,N,N 少量,,
PSS-TBMA2.1K,25189-00-8,Poly(t-butyl methacrylate),100,%,N,N,N,N,N,N,N,N 少量,,
PSS-TBMA21K,25189-00-8,Poly(t-butyl methacrylate),100,%,N,N,N,N,N,N,N,N 少量,,
PSS-TBMA210K,25189-00-8,Poly(t-butyl methacrylate),100,%,N,N,N,N,N,N,N,N 少量,,
PSS-TBMA300K,25189-00-8,Poly(t-butyl methacrylate),100,%,N,N,N,N,N,N,N,N 少量,,
PSS-TBMA4.7K,25189-00-8,Poly(t-butyl methacrylate),100,%,N,N,N,N,N,N,N,N 少量,,
PSS-TBMA47K,25189-00-8,Poly(t-butyl methacrylate),100,%,N,N,N,N,N,N,N,N 少量,,
PSS-TBMA470K,25189-00-8,Poly(t-butyl methacrylate),100,%,N,N,N,N,N,N,N,N 少量,,
PSS-MM3M,9011-14-7,Poly(methyl methacrylate),100,%  ,N,N,N,N,N,N,N,N 少量,,
PAH-615-1,1975/9/2,METHYLENE DICHLORIDE,95-100,% (w/w),Y 4類，限值25%,N,N 2目少量,N,N,N,N,N 少量,毒化物,毒化物+包裝
PAH-615-1,83-32-9,acenaphthene,0.0754,% (w/w),N,N,N,N,N,N,N,N 少量,,
PAH-615-1,208-96-8,acenaphthylene,0.0754,% (w/w),N,N,N,N,N,N,N,N 少量,,
PAH-615-1,120-12-7,anthracene,0.0754,% (w/w),N 1類，限值10%,N,N,N,N,N,N,N 少量,,
PAH-615-1,205-99-2,benzo[b]fluoranthene,0.0754,% (w/w),N,N,N,N,N,N,N,N 少量,,
PAH-615-1,207-08-9,benzo[k]fluoranthene,0.0754,% (w/w),N,N,N,N,N,N,N,N 少量,,
PAH-615-1,191-24-2,benzo[ghi]perylene,0.0754,% (w/w),N,N,N,N,N,N,N,N 少量,,
PAH-615-1,50-32-8,benzo[a]pyrene,0.0754,% (w/w),N,N,N,N,N,N,N,N 少量,,
PAH-615-1,218-01-9,chrysene,0.0754,% (w/w),N,N,N,N,N,N,N,N 少量,,
PAH-615-1,53-70-3,"dibenz[a,h]anthracene",0.0754,% (w/w),N,N,N,N,N,N,N,N 少量,,
PAH-615-1,206-44-0,fluoranthene,0.0754,% (w/w),N,N,N,N,N,N,N,N 少量,,
PAH-615-1,86-73-7,fluorene,0.0754,% (w/w),N,N,N,N,N,N,N,N 少量,,
PAH-615-1,193-39-5,"indeno[1,2,3-cd]pyrene",0.0754,% (w/w),N,N,N,N,N,N,N,N 少量,,
PAH-615-1,91-20-3,naphthalene,0.0754,% (w/w),N,N,N 2目少量,N,N,N,N,N 年用量無超過,,
PAH-615-1,1985/1/8,phenanthrene,0.0754,% (w/w),N,N,N,N,N,N,N,N 少量,,
PAH-615-1,129-00-0,pyrene,0.0754,% (w/w),N,N,N,N,N,N,N,N 少量,,
PAH-615-1,56-55-3,benz[a]anthracene,0.0754,% (w/w),N,N,N 1目，限值1%,N,N,N,N,N 少量,,
GKSB-101,70858-45-6,Conserved trimannosyl core,88,%,N,N,N,N,N,Y,N,N,新化學物質,
GKSB-101,88-68-6,anthranilamide,12,%,N,N,N,N,N,N,N,N 少量,,
GKSB-102,110387-51-4,"Conserved trimannosyl core, substituted with fucose",90,%,N,N,N,N,N,Y,N,N,新化學物質,
GKSB-102,88-68-6,anthranilamide,10,%,N,N,N,N,N,N,N,N 少量,,
GKSB-302,84825-26-3,"Asialo-, agalacto-, biantennary, core-substituted with fucose",92,%,N,N,N,N,N,Y,N,N,新化學物質,
GKSB-302,88-68-6,anthranilamide,8,%,N,N,N,N,N,N,N,N 少量,,
GKSB-304,71496-53-2,"Asialo-, galactosylated biantennary",93,%,N,N,N,N,N,N,N,N 少量,,
GKSB-304,88-68-6,anthranilamide,7,%,N,N,N,N,N,N,N,N 少量,,
GKSB-305,1309851-94-2,"Asialo-, galactosylated biantennary, core-substituted with fucose",94,%,N,N,N,N,N,Y,N,N,新化學物質,
GKSB-305,88-68-6,anthranilamide,6,%,N,N,N,N,N,N,N,N 少量,,
GKSB-316,721918-59-8,"Asialo, monogalactosylated biantennary, core-substituted with fucose",93,%,N,N,N,N,N,Y,N,N,新化學物質,
GKSB-316,88-68-6,anthranilamide,7,%,N,N,N,N,N,N,N,N 少量,,
GKSB-317,103584-68-5,"Asialo, monogalactosylated biantennary",92,%,N,N,N,N,N,Y,N,N,新化學物質,
GKSB-317,88-68-6,anthranilamide,8,%,N,N,N,N,N,N,N,N 少量,,
GKPC-103,66091-47-2,Oligomannose 5,83,%,N,N,N,N,N,Y,N,N,新化學物質,
GKPC-103,2050902-45-7,"2-(diethylamino)ethyl 4-((((2,5-dioxopyrrolidin-1-yl)oxy)carbonyl)amino)benzoate",17,%,N,N,N,N,N,Y,N,N,新化學物質,
GKPC-104,340982-27-6,Oligomannose 6,84,%,N,N,N,N,N,Y,N,N,新化學物質,
GKPC-104,2050902-45-7,"2-(diethylamino)ethyl 4-((((2,5-dioxopyrrolidin-1-yl)oxy)carbonyl)amino)benzoate",16,%,N,N,N,N,N,Y,N,N,新化學物質,
GKPC-105,84182-22-9,Oligomannose 7,86,%,N,N,N,N,N,Y,N,N,新化學物質,
GKPC-105,2050902-45-7,"2-(diethylamino)ethyl 4-((((2,5-dioxopyrrolidin-1-yl)oxy)carbonyl)amino)benzoate",14,%,N,N,N,N,N,Y,N,N,新化學物質,
GKPC-106,77036-51-2,Oligomannose 8,87,%,N,N,N,N,N,Y,N,N,新化學物質,
GKPC-106,2050902-45-7,"2-(diethylamino)ethyl 4-((((2,5-dioxopyrrolidin-1-yl)oxy)carbonyl)amino)benzoate",13,%,N,N,N,N,N,Y,N,N,新化學物質,
GKPC-107,71246-55-4,Oligomannose 9,88,%,N,N,N,N,N,Y,N,N,新化學物質,
GKPC-107,2050902-45-7,"2-(diethylamino)ethyl 4-((((2,5-dioxopyrrolidin-1-yl)oxy)carbonyl)amino)benzoate",12,%,N,N,N,N,N,Y,N,N,新化學物質,
GKPC-302,84825-26-3,"Asialo-, agalacto-, biantennary, core-substituted with fucose",85,%,N,N,N,N,N,Y,N,N,新化學物質,
GKPC-302,2050902-45-7,"2-(diethylamino)ethyl 4-((((2,5-dioxopyrrolidin-1-yl)oxy)carbonyl)amino)benzoate",15,%,N,N,N,N,N,Y,N,N,新化學物質,
GKPC-304,71496-53-2,"Asialo-, galactosylated biantennary",86,%,N,N,N,N,N,N,N,N 少量,,
GKPC-304,2050902-45-7,"2-(diethylamino)ethyl 4-((((2,5-dioxopyrrolidin-1-yl)oxy)carbonyl)amino)benzoate",14,%,N,N,N,N,N,Y,N,N,新化學物質,
GKPC-305,1309851-94-2,"Asialo-, galactosylated biantennary, core-substituted with fucose",87,%,N,N,N,N,N,Y,N,N,新化學物質,
GKPC-305,2050902-45-7,"2-(diethylamino)ethyl 4-((((2,5-dioxopyrrolidin-1-yl)oxy)carbonyl)amino)benzoate",13,%,N,N,N,N,N,Y,N,N,新化學物質,
GKPC-316,721918-59-8,"Asialo, monogalactosylated biantennary, core-substituted with fucose",86,%,N,N,N,N,N,Y,N,N,新化學物質,
GKPC-316,2050902-45-7,"2-(diethylamino)ethyl 4-((((2,5-dioxopyrrolidin-1-yl)oxy)carbonyl)amino)benzoate",14,%,N,N,N,N,N,Y,N,N,新化學物質,
GKPC-317,103584-68-5,"Asialo, monogalactosylated biantennary",85,%,N,N,N,N,N,Y,N,N,新化學物質,
GKPC-317,2050902-45-7,"2-(diethylamino)ethyl 4-((((2,5-dioxopyrrolidin-1-yl)oxy)carbonyl)amino)benzoate",15,%,N,N,N,N,N,Y,N,N,新化學物質,
GKPC-301,84808-02-6,"Asialo-, agalacto-, biantennary",83,%,N,N,N,N,N,N,N,N 少量,,
GKPC-301,2050902-45-7,"2-(diethylamino)ethyl 4-((((2,5-dioxopyrrolidin-1-yl)oxy)carbonyl)amino)benzoate",17,%,N,N,N,N,N,Y,N,N,新化學物質,
GKPC-323,1309851-94-2,"Asialo-, galactosylated biantennary, core-substituted with fucose",90,%,N,N,N,N,N,Y,N,N,新化學物質,
GKPC-323,2050902-45-7,"2-(diethylamino)ethyl 4-((((2,5-dioxopyrrolidin-1-yl)oxy)carbonyl)amino)benzoate",10,%,N,N,N,N,N,Y,N,N,新化學物質,
GKPC-325,571188-30-2,"Mono-sialylated, galactosylated biantennary, core-substituted with fucose (A1F)",89,%,N,N,N,N,N,Y,N,N,新化學物質,
GKPC-325,2050902-45-7,"2-(diethylamino)ethyl 4-((((2,5-dioxopyrrolidin-1-yl)oxy)carbonyl)amino)benzoate",11,%,N,N,N,N,N,Y,N,N,新化學物質,
GKPC-330,721918-59-8,"Asialo, monogalactosylated biantennary, core-substituted with fucose",87,%,N,N,N,N,N,Y,N,N,新化學物質,
GKPC-330,2050902-45-7,"2-(diethylamino)ethyl 4-((((2,5-dioxopyrrolidin-1-yl)oxy)carbonyl)amino)benzoate",13,%,N,N,N,N,N,Y,N,N,新化學物質,
GKPC-401,84808-02-6,"Asialo-, agalacto-, biantennary",81,%,N,N,N,N,N,N,N,N 少量,,
GKPC-401,2050902-45-7,"2-(diethylamino)ethyl 4-((((2,5-dioxopyrrolidin-1-yl)oxy)carbonyl)amino)benzoate",19,%,N,N,N,N,N,Y,N,N,新化學物質,
GKPC-402,84825-26-3,"Asialo-, agalacto-, biantennary, core-substituted with fucose",83,%,N,N,N,N,N,Y,N,N,新化學物質,
GKPC-402,2050902-45-7,"2-(diethylamino)ethyl 4-((((2,5-dioxopyrrolidin-1-yl)oxy)carbonyl)amino)benzoate",17,%,N,N,N,N,N,Y,N,N,新化學物質,
5190-8305,7697-37-2,NITRIC ACID,<5,% (w/w),N,N,N 2目少量,N,N,N,N,N 少量,,
5190-8305,7757-79-1,potassium nitrate,1000 µg/mL,,N,N,N 2目少量,N,N,N,N,N 年用量無超過,,
GX96-101,2050902-45-7,"2-(diethylamino)ethyl 4-((((2,5-dioxopyrrolidin-1-yl)oxy)carbonyl)amino)benzoate",100,%,N,N,N,N,N,Y,N,N,新化學物質,
GX96-101,1968/12/2,"N,N-dimethylformamide",90-95,%,Y 2類，限值30%,N,Y 1目，限值1%,N,N,N,N,N 少量,毒化物、優先化學品報備,毒化物+包裝
GX96-101,17252-51-6,"1,3-Di(4-pyridyl)propane","5-10	",%,N,N,N,N,N,N,N,N 少量,,
AS-D-6379-SRS-R3,110-82-7,Cyclohexane,1月5日,%,Y 4類，限值1%,N,N 2目少量,N,N,N,N,N 少量,毒化物,毒化物+包裝
AS-D-6379-SRS-R3,123-01-3,dodecylbenzene,0.5,%,N,N,N,N,N,N,N,N 少量,,
AS-D-6379-SRS-R3,95-47-6,"o-Xylene (1,2-Dimethylbenzene)",0.5,%,N,N,N 2目少量,N,N,N,N,N 少量,,
AS-D-6379-SRS-R3,87-85-4,hexamethylbenzene,0.1,%,N,N,N,N,N,N,N,N 少量,,
AS-D-6379-SRS-R3,90-12-0,1-methylnaphthalene,0.05,%,N,N,N,N,N,N,N,N 少量,,
AS-D-6379-SRS-R3,142-82-5,n-heptane,97.85,%,N,N,N,N,N,N,N,N 年用量無超過,,
AS-D-6379-SRS-R3-PAK,110-82-7,Cyclohexane,1月5日,%,Y 4類，限值1%,N,N 2目少量,N,N,N,N,N 少量,毒化物,毒化物+包裝
AS-D-6379-SRS-R3-PAK,123-01-3,dodecylbenzene,0.5,%,N,N,N,N,N,N,N,N 少量,,
AS-D-6379-SRS-R3-PAK,95-47-6,"o-Xylene (1,2-Dimethylbenzene)",0.5,%,N,N,N 2目少量,N,N,N,N,N 少量,,
AS-D-6379-SRS-R3-PAK,87-85-4,hexamethylbenzene,0.1,%,N,N,N,N,N,N,N,N 少量,,
AS-D-6379-SRS-R3-PAK,90-12-0,1-methylnaphthalene,0.05,%,N,N,N,N,N,N,N,N 少量,,
AS-D-6379-SRS-R3-PAK,142-82-5,n-heptane,97.85,%,N,N,N,N,N,N,N,N 年用量無超過,,
PSS-MM170K,9011-14-7,Poly(methyl methacrylate),100,%,N,N,N,N,N,N,N,N 少量,,
PSS-mmb100k,9011-14-7,Poly(methyl methacrylate),100,%,N,N,N,N,N,N,N,N 少量,,
PSS-MMB2.2M,9011-14-7,Poly(methyl methacrylate),100,%  ,N,N,N,N,N,N,N,N 少量,,
5191-3940,7732-18-5,Water,99.912,%,N,N,N,N,N,N,N,N 少量,,
5191-3940,1984-15-2,Methylene Diphosphonic Acid,0.088,%,N,N,N,N,N,N,N,N 少量,,
PB40-50,7732-18-5,"water, distilled, conductivity or of similar purity",97.1,%,N,N,N,N,N,N,N,N 少量,,
PB40-50,33281-81-1,Peridinin-chlorophyll-complex-protein (PerCP),2,%,N,N,N,N,N,Y,N,N,新化學物質,
PB40-50,77-86-1,trometamol,0.8,%,N,N,N,N,N,N,N,N 少量,,
PB40-50,26628-22-8,sodium azide,0.09,%,N,N 限值95%,N,N,N,N,N,N 少量,,
8500-7000,7732-18-5,Water,99.123,%,N,N,N,N,N,N,N,N 少量,,
8500-7000,7647-01-0,Hydrochloric acid,0.876,%,N,N,N 2目少量,N,N 乙類，限值100%,N,N,N 少量,,
8500-7000,7440-57-5,Gold,0.001,%,N,N,N,N,N,N,N,N 少量,,
5190-8564,10022-31-8,Barium nitrate,0.001,%,N,N,N,N,N,N,N,N 少量,,
5190-8564,7697-37-2,Nitric acid,1.34,%,N,N,N 2目少量,N,N,N,N,N 少量,,
5190-8564,7732-18-5,Water,98.659,%,N,N,N,N,N,N,N,N 少量,,
5190-8570,12645-45-3,Iridium chloride,0.001,%,N,N,N,N,N,Y,N,N,新化學物質,
5190-8570,7647-01-0,Hydrochloric acid,0.74,%,N,N,N 2目少量,N,N 乙類，限值100%,N,N,N 少量,,
5190-8570,7732-18-5,Water,99.259,%,N,N,N,N,N,N,N,N 少量,,
5190-8580,7440-22-4,Silver,0.001,%,N,N,N,N,N,N,N,N 少量,,
5190-8580,7697-37-2,Nitric acid,1.34,%,N,N,N 2目少量,N,N,N,N,N 少量,,
5190-8580,7732-18-5,Water,98.659,%,N,N,N,N,N,N,N,N 少量,,
ICP-426,7732-18-5,Water,99.4928,%,N,N,N,N,N,N,N,N 少量,,
ICP-426,7697-37-2,Nitric acid,0.5,%,N,N,N 2目少量,N,N,N,N,N 少量,,
ICP-426,7782-61-8,Iron(III) nitrate nonahydrate,0.0072,%,N,N,N 2目少量,N,N,N,N,N 少量,,
PY1-4950,471-34-1,CaCO3,99.1,%,N,N,N,N,N,N,N,N 少量,,
PY1-4950,9002-88-4,(C2H4)n,0.4,%,N,N,N,N,N,N,N,N 少量,,
PY1-4950,9003-07-0,[CH2CH(CH3)]n,0.1,%,N,N,N,N,N,N,N,N 少量,,
PY1-4950,9003-53-6,[CH2CH(C6H5)]n,<0.1,%,N,N,N,N,N,N,N,N 少量,,
PY1-4950,9003-56-9,(C8H8.C4H6.C3H3N)x,<0.1,%,N,N,N,N,N,N,N,N 少量,,
PY1-4950,9003-55-8,(C8H8.C4H6)x,<0.1,%,N,N,N,N,N,N,N,N 少量,,
PY1-4950,9011-14-7,(C5H8O2)n,<0.1,%  ,N,N,N,N,N,N,N,N 少量,,
PY1-4950,25971-63-5,(C15H16O2.CCl2O)x,<0.1,%,N,N,N,N,N,N,N,N 少量,,
PY1-4950,9002-86-2,(C2H3Cl)n,<0.1,%,N,N,N,N,N,N,N,N 少量,,
PY1-4950,308080-63-9,Polyurethane,<0.1,%,N,N,N,N,N,Y,N,N 少量,新化學物質,
PY1-4950,25038-59-9,(C10H8O4)n,<0.1,%,N,N,N,N,N,N,N,N 少量,,
PY1-4950,25038-54-4,[NH(CH2)5CO]n,<0.1,%,N,N,N,N,N,N,N,N 少量,,
PY1-4950,32131-17-2,(C12H22N2O2)n,<0.1,%,N,N,N,N,N,N,N,N 少量,,
PY1-4950,60676-86-0,SiO2,99.1,%,N,N,N,N,N,N,N,N 少量,,
PY1-4950,9002-88-4,(C2H4)n,0.4,%,N,N,N,N,N,N,N,N 少量,,
PY1-4950,9003-07-0,[CH2CH(CH3)]n,0.1,%,N,N,N,N,N,N,N,N 少量,,
PY1-4950,9003-53-6,[CH2CH(C6H5)]n,<0.1,%,N,N,N,N,N,N,N,N 少量,,
PY1-4950,9003-56-9,(C8H8.C4H6.C3H3N)x,<0.1,%,N,N,N,N,N,N,N,N 少量,,
PY1-4950,9003-55-8,(C8H8.C4H6)x,<0.1,%,N,N,N,N,N,N,N,N 少量,,
PY1-4950,9011-14-7,(C5H8O2)n,<0.1,%  ,N,N,N,N,N,N,N,N 少量,,
PY1-4950,25971-63-5,(C15H16O2.CCl2O)x,<0.1,%,N,N,N,N,N,N,N,N 少量,,
PY1-4950,9002-86-2,(C2H3Cl)n,<0.1,%,N,N,N,N,N,N,N,N 少量,,
PY1-4950,308080-63-9,Polyurethane,<0.1,%,N,N,N,N,N,Y,N,N 少量,新化學物質,
PY1-4950,25038-59-9,(C10H8O4)n,<0.1,%,N,N,N,N,N,N,N,N 少量,,
PY1-4950,25038-54-4,[NH(CH2)5CO]n,<0.1,%,N,N,N,N,N,N,N,N 少量,,
PY1-4950,32131-17-2,(C12H22N2O2)n,<0.1,%,N,N,N,N,N,N,N,N 少量,,
PY1-4950,471-34-1,CaCO3,99.5,%,N,N,N,N,N,N,N,N 少量,,
PY1-4950,60676-86-0,SiO2,>99,%,N,N,N,N,N,N,N,N 少量,,
PY1-4960,60676-86-0,SiO2,99.9,%,N,N,N,N,N,N,N,N 少量,,
PY1-4960,9002-88-4,(C2H4)n,<0.1,%,N,N,N,N,N,N,N,N 少量,,
PY1-4960,9003-07-0,[CH2CH(CH3)]n,<0.1,%,N,N,N,N,N,N,N,N 少量,,
PY1-4960,9003-53-6,[CH2CH(C6H5)]n,<0.1,%,N,N,N,N,N,N,N,N 少量,,
PY1-4960,9003-56-9,(C8H8.C4H6.C3H3N)x,<0.1,%,N,N,N,N,N,N,N,N 少量,,
PY1-4960,9003-55-8,(C8H8.C4H6)x,<0.1,%,N,N,N,N,N,N,N,N 少量,,
PY1-4960,9011-14-7,(C5H8O2)n,<0.1,%  ,N,N,N,N,N,N,N,N 少量,,
PY1-4960,25971-63-5,(C15H16O2.CCl2O)x,<0.1,%,N,N,N,N,N,N,N,N 少量,,
PY1-4960,9002-86-2,(C2H3Cl)n,<0.1,%,N,N,N,N,N,N,N,N 少量,,
PY1-4960,25038-59-9,(C10H8O4)n,<0.1,%,N,N,N,N,N,N,N,N 少量,,
PY1-4960,25038-54-4,[NH(CH2)5CO]n,<0.1,%,N,N,N,N,N,N,N,N 少量,,
PY1-4960,32131-17-2,(C12H22N2O2)n,<0.1,%,N,N,N,N,N,N,N,N 少量,,
PY1-4960,60676-86-0,SiO2,>99,%,N,N,N,N,N,N,N,N 少量,,
PSS-PSB25K,9003-53-6,Poly(styrene),100,%,N,N,N,N,N,N,N,N 少量,,
PSS-PSB7K,9003-53-6,Poly(styrene),100,%,N,N,N,N,N,N,N,N 少量,,
PSS-PVP1K,25014-15-7,Poly(2-vinylpyridine),100,%,N,N,N,N,N,N,N,N 少量,,
PSS-PVP2.1K,25014-15-7,Poly(2-vinylpyridine),100,%,N,N,N,N,N,N,N,N 少量,,
PSS-PVP3.2K,25014-15-7,Poly(2-vinylpyridine),100,%,N,N,N,N,N,N,N,N 少量,,
PSS-PVP4.7K,25014-15-7,Poly(2-vinylpyridine),100,%,N,N,N,N,N,N,N,N 少量,,
PSS-PVP10K,25014-15-7,Poly(2-vinylpyridine),100,%,N,N,N,N,N,N,N,N 少量,,
PSS-PVP21K,25014-15-7,Poly(2-vinylpyridine),100,%,N,N,N,N,N,N,N,N 少量,,
PSS-PVP47K,25014-15-7,Poly(2-vinylpyridine),100,%,N,N,N,N,N,N,N,N 少量,,
PSS-PVP60K,25014-15-7,Poly(2-vinylpyridine),100,%,N,N,N,N,N,N,N,N 少量,,
PSS-PVP110K,25014-15-7,Poly(2-vinylpyridine),100,%,N,N,N,N,N,N,N,N 少量,,
IQC-437,7732-18-5,water,99.9499,% (w/w),N,N,N,N,N,N,N,N 少量,,
IQC-437,7664-38-2,PHOSPHORIC ACID,0.05,% (w/w),N,N,N 2目少量,N,N,N,N,N 少量,,
IQC-437,57-50-1,"sucrose, pure",0.0001,% (w/w),N,N,N,N,N,N,N,N 少量,,
IQC-100-5,7732-18-5,water,100,% (w/w),N,N,N,N,N,N,N,N 少量,,
85183,1976/5/1,Trifluoroacetic acid,98-100,%,N,N,N 2目少量,N,N,N,N,N 少量,,
5982-8082,7487-88-9,Magnesium sulfate,100,%,N,N,N,N,N,N,N,N 少量,,
PSS-PSS2M,9080-79-9,Poly(styrene sulfonate) sodium salt,100,%,N,N,N,N,N,N,N,N 少量,,
GX24-2AB,10581-12-1,tetramethylammonium acetate,0.67,%,N,N,N,N,N,N,N,N 少量,,
GX24-2AB,7732-18-5,water,98.08,%,N,N,N,N,N,N,N,N 少量,,
GX24-2AB,2044-56-6,lithium dodecyl sulphate,1.25,%,N,N,N,N,N,N,N,N 少量,,
GX24-2AB,7732-18-5,water,90.814,%,N,N,N,N,N,N,N,N 少量,,
GX24-2AB,7365-45-9,4-(2-hydroxyethyl)piperazin-1-ylethanesulphonic acid,8.936,%,N,N,N,N,N,N,N,N 少量,,
GX24-2AB,26628-22-8,sodium azide,0.05,%,N,N 限值95%,N,N,N,N,N,N 少量,,
GX24-2AB,75-59-2,tetramethylammonium hydroxide,0.2,%,N,N,N 2目少量,N,N,N,N,N 年用量無超過,,
GX24-2AB,7732-18-5,water,99.3,%,N,N,N,N,N,N,N,N 少量,,
GX24-2AB,77-86-1,trometamol,0.31,%,N,N,N,N,N,N,N,N 少量,,
GX24-2AB,7647-14-5,sodium chloride,0.29,%,N,N,N,N,N,N,N,N 少量,,
GX24-2AB,83534-39-8,Glycopeptidase,0.1,%,N,N,N,N,N,N,N,N 少量,,
GX24-2AB,25895-60-7,sodium cyanotrihydroborate,14,%,N,N,N,N,N,N,N,N 少量,,
GX24-2AB,67-68-5,dimethyl sulfoxide,86,%,N,N,N,N,N,N,N,N 少量,,
GX24-2AB,88-68-6,anthranilamide,10,%,N,N,N,N,N,N,N,N 少量,,
GX24-2AB,64-19-7,acetic acid,55,%,N,N,N 2目少量,N,N,N,N,N 少量,,
GX24-2AB,67-68-5,dimethyl sulfoxide,35,%,N,N,N,N,N,N,N,N 少量,,
GX24-2AB,67-68-5,dimethyl sulfoxide,75,%,N,N,N,N,N,N,N,N 少量,,
GX24-2AB,381-73-7,difluoroacetic acid,25,%,N,N,N,N,N,N,N,N 少量,,
GX24-2AB,7732-18-5,water,90,%,N,N,N,N,N,N,N,N 少量,,
GX24-2AB,64-19-7,acetic acid,10,%,N,N,N 2目少量,N,N,N,N,N 少量,,
QCM-120,67-56-1,methanol,99.8736,% (w/w),N,N,N 2目少量,N,N,N,N,N 少量,,
QCM-120,75-25-2,bromoform,0.0316,% (w/w),N 1類，限值1%,N,N,N,N,N,N,N 少量,,
QCM-120,67-66-3,chloroform,0.0316,% (w/w),N 1類，限值50%,N,N 2目少量,N,N,N,N,N 少量,,
QCM-120,124-48-1,dibromochloromethane,0.0316,% (w/w),N,N,N,N,N,N,N,N 少量,,
QCM-120,75-27-4,bromodichloromethane,0.0316,% (w/w),N 4類，限值1%,N,N,N,N,N,N,N 少量,,
HC-090-1,67-56-1,methanol,99.9874,% (w/w),N,N,N 2目少量,N,N,N,N,N 少量,,
HC-090-1,74-87-3,chloromethane,0.0126,% (w/w),N 4類，限值25%,N,N,N,N,N,N,N 少量,,
HC-480-1,67-56-1,methanol,99.9874,% (w/w),N,N,N 2目少量,N,N,N,N,N 少量,,
HC-480-1,76-13-1,"1,1,2-trichlorotrifluoroethane",0.0126,% (w/w),N,N,N,N,N,N,N,N 少量,,
EPA-1024-1,67-56-1,methanol,99.3679,% (w/w),N,N,N 2目少量,N,N,N,N,N 少量,,
EPA-1024-1,75-71-8,dichlorodifluoromethane,0.6321,% (w/w),N,N,N,N,N,N,Y,N 少量,空汙申請,
GX96-2AB,7647-14-5,sodium chloride,0.29,%,N,N,N,N,N,N,N,N 少量,,
GX96-2AB,83534-39-8,Glycopeptidase,0.1,%,N,N,N,N,N,N,N,N 少量,,
GX96-2AB,7732-18-5,water,99.3,%,N,N,N,N,N,N,N,N 少量,,
GX96-2AB,77-86-1,trometamol,0.31,%,N,N,N,N,N,N,N,N 少量,,
GX96-2AB,7732-18-5,water,90.814,%,N,N,N,N,N,N,N,N 少量,,
GX96-2AB,7365-45-9,4-(2-hydroxyethyl)piperazin-1-ylethanesulphonic acid,8.936,%,N,N,N,N,N,N,N,N 少量,,
GX96-2AB,26628-22-8,sodium azide,0.05,%,N,N 限值95%,N,N,N,N,N,N 少量,,
GX96-2AB,75-59-2,tetramethylammonium hydroxide,0.2,%,N,N,N 2目少量,N,N,N,N,N 年用量無超過,,
GX96-2AB,10581-12-1,tetramethylammonium acetate,0.67,%,N,N,N,N,N,N,N,N 少量,,
GX96-2AB,7732-18-5,water,98.08,%,N,N,N,N,N,N,N,N 少量,,
GX96-2AB,2044-56-6,lithium dodecyl sulphate,1.25,%,N,N,N,N,N,N,N,N 少量,,
GX96-2AB,67-68-5,dimethyl sulfoxide,75,%,N,N,N,N,N,N,N,N 少量,,
GX96-2AB,381-73-7,difluoroacetic acid,25,%,N,N,N,N,N,N,N,N 少量,,
GX96-2AB,88-68-6,anthranilamide,10,%,N,N,N,N,N,N,N,N 少量,,
GX96-2AB,64-19-7,acetic acid,55,%,N,N,N 2目少量,N,N,N,N,N 少量,,
GX96-2AB,67-68-5,dimethyl sulfoxide,35,%,N,N,N,N,N,N,N,N 少量,,
GX96-2AB,7732-18-5,water,90,%,N,N,N,N,N,N,N,N 少量,,
GX96-2AB,64-19-7,acetic acid,10,%,N,N,N 2目少量,N,N,N,N,N 少量,,
GX96-2AB,25895-60-7,sodium cyanotrihydroborate,14,%,N,N,N,N,N,N,N,N 少量,,
GX96-2AB,67-68-5,dimethyl sulfoxide,86,%,N,N,N,N,N,N,N,N 少量,,
6410G,1333-86-4,Carbon black,100,%,N,N,N 2目少量,N,N,N,N,N 年用量無超過,,
64100G,1333-86-4,Carbon black,100,%,N,N,N 2目少量,N,N,N,N,N 年用量無超過,,
5191-4565,7732-18-5,Water,95.0439,%,N,N,N,N,N,N,N,N 少量,,
5191-4565,7697-37-2,Nitric acid,4.95,%,N,N,N 2目少量,N,N,N,N,N 少量,,
5191-4565,7664-39-3,Hydrofluoric Acid,0.0001,%,N,N 限值0.1-10%,N 2目少量,N,N,N,N,N 少量,,關注+包裝
5191-4565,7440-69-9,Bismuth,0.001,%,N,N,N,N,N,N,N,N 少量,,
5191-4565,16962-47-3,Ammonium hexafluorogermanate(4),0.001,%,N,N,N,N,N,N,N,N 少量,,
5191-4565,7440-74-6,Indium,0.001,%,N,N,N 2目少量,N,N,N,N,N 少量,,
5191-4565,12060-08-1,Scandium Oxide,0.001,%,N,N,N,N,N,N,N,N 少量,,
5191-4565,12738-76-0,Terbium oxide,0.001,%,N,N,N,N,N,N,N,N 少量,,
5191-4565,1314-36-9,Yttrium oxide,0.001,%,N,N,N,N,N,N,N,N 少量,,
5185-5959,554-13-2,Lithium carbonate,"0,001",PPM,N,N,N,N,N,N,N,N 少量,,
5185-5959,13446-18-9,Magnesium nitrate hexahydrate,"0,001",PPM,N,N,N,N,N,N,N,N 少量,,
5185-5959,7440-28-0,Thallium,"0,001",PPM,N,N,N,N,N,N,N,N 少量,,
5185-5959,10294-41-4,Cerium(III) nitrate hexahydrate,"0,001",PPM,N,N,N,N,N,N,N,N 少量,,
5185-5959,7440-48-4,Cobalt,"0,001",PPM,N,N,N 2目少量,N,N,N,N,N 少量,,
5185-5959,1314-36-9,Yttrium oxide,"0,001",PPM,N,N,N,N,N,N,N,N 少量,,
5185-5959,7697-37-2,Nitric acid,1.9,%,N,N,N 2目少量,N,N,N,N,N 少量,,
5185-5959,7732-18-5,Water,98.1,%,N,N,N,N,N,N,N,N 少量,,
SD-008UN(SD-008SG),9003-53-6,Poly(styrene),100,%,N,N,N,N,N,N,N,N 少量,,
IBF-580,7732-18-5,water,99.2145,% (w/w),N,N,N,N,N,N,N,N 少量,,
IBF-580,7447-40-7,POTASSIUM CHLORIDE ANHYDROUS,0.7455,% (w/w),N,N,N,N,N,N,N,N 少量,,
IBF-580,89-83-8,thymol,0.04,% (w/w),N,N,N 2目少量,N,N,N,N,N 少量,,
DF-A10047550AL-0.5,1975/5/8,Acetonitrile,95-100,%,Y 4類，限值1%,N,N,N,N,N,N,N 少量,毒化物,毒化物+包裝
GX96-IPC,7732-18-5,"water, distilled, conductivity or of similar purity",89,% (w/w),N,N,N,N,N,N,N,N 少量,,
GX96-IPC,1975/5/8,Acetonitrile,10,% (w/w),Y 4類，限值1%,N,N,N,N,N,N,N 少量,毒化物,毒化物+包裝
GX96-IPC,540-69-2,ammonium formate,1,% (w/w),N,N,N,N,N,N,N,N 少量,,
GX96-IPC,2050902-45-7,InstantPC Dye,100,% (w/w),N,N,N,N,N,Y,N,N,新化學物質,
GX96-IPC,1968/12/2,"N,N-Dimethyl formamide",90,% (w/w),Y 2類，限值30%,N,Y 1目，限值1%,N,N,N,N,N 少量,毒化物、優先化學品報備,毒化物+包裝
GX96-IPC,17252-51-6,"1,3-Di(4-pyridyl)propane",10,% (w/w),N,N,N,N,N,N,N,N 少量,,
GX96-IPC,7732-18-5,"water, distilled, conductivity or of similar purity",99.3,% (w/w),N,N,N,N,N,N,N,N 少量,,
GX96-IPC,77-86-1,trometamol,0.31,% (w/w),N,N,N,N,N,N,N,N 少量,,
GX96-IPC,7647-14-5,sodium chloride,0.29,% (w/w),N,N,N,N,N,N,N,N 少量,,
GX96-IPC,83534-39-8,Glycopeptidase,0.1,% (w/w),N,N,N,N,N,N,N,N 少量,,
GX96-IPC,7732-18-5,"water, distilled, conductivity or of similar purity",90.814,% (w/w),N,N,N,N,N,N,N,N 少量,,
GX96-IPC,7365-45-9,4-(2-hydroxyethyl)piperazine-1-ethanesulfonic acid,8.936,% (w/w),N,N,N,N,N,N,N,N 少量,,
GX96-IPC,75-59-2,tetramethylammonium hydroxide,0.2,% (w/w),N,N,N 2目少量,N,N,N,N,N 年用量無超過,,
GX96-IPC,26628-22-8,sodium azide,0.05,% (w/w),N,N 限值95%,N,N,N,N,N,N 少量,,
GX96-IPC,7732-18-5,"water, distilled, conductivity or of similar purity",98.08,% (w/w),N,N,N,N,N,N,N,N 少量,,
GX96-IPC,2044-56-6,Detergent,<5.0000,% (w/w),N,N,N,N,N,N,N,N 少量,,
GX96-IPC,10581-12-1,tetramethylammonium acetate,0.67,% (w/w),N,N,N,N,N,N,N,N 少量,,