CAS No.,中文名稱,英文名稱,毒化物類型,中文其他名稱,英文其他名稱,作測項目,C.C.C.Code,列管編號,毒性分類,分級運作量
－,黃磷火柴,Yellow phosphorus match,管制性化學品,黃磷火柴,,,,,,
92-87-5,聯苯胺,Benzidine,管制性化學品,聯苯胺及其鹽類,,Y,,,,
92-67-1,4-胺基聯苯,4-Aminodiphenyl,管制性化學品,4-胺基聯苯及其鹽類,,Y,,,,
92-93-3,4-硝基聯苯,4-Nitrodiphenyl,管制性化學品,4-硝基聯苯及其鹽類,,,,,,
91-59-8,β-萘胺,β-Naphthylamine,管制性化學品,β-萘胺及其鹽類,,Y,,,,
542-88-1,二氯甲基醚,bis-Chloromethyl ether,管制性化學品,二氯甲基醚,,,,,,
1336-36-3,多氯聯苯,Polychlorinated biphenyls,管制性化學品,多氯聯苯,,Y,,,,
107-30-2,氯甲基甲基醚,Chloromethyl methyl ether,管制性化學品,氯甲基甲基醚,,,,,,
12001-28-4,青石綿,Crocidolite,管制性化學品,青石綿,,,,,,
12172-73-5,褐石綿,Amosite,管制性化學品,褐石綿,,,,,,
22967-92-6,甲基汞,Methyl mercury,管制性化學品,甲基汞化合物,,,,,,
87-86-5,五氯酚,Pentachlorophenol,管制性化學品,五氯酚及其鈉鹽,,Y,,,,
91-94-1,二氯聯苯胺,"3,3'-Dichlorobenzidine",管制性化學品,二氯聯苯胺及其鹽類,,Y,,,,
612-83-9,二氯聯苯胺二鹽酸鹽,"3,3'-Dichlorobenzidine dihydrochloride",管制性化學品,二氯聯苯胺及其鹽類,,,,,,
134-32-7,α-萘胺,α-Naphthylamine,管制性化學品,α-萘胺及其鹽類,,Y,,,,
119-93-7,鄰-二甲基聯苯胺,"3,3'-Dimethyl-[1,1'-biphenyl]-4,4'-diamine",管制性化學品,鄰-二甲基聯苯胺及其鹽類,,Y,,,,
612-82-8,鄰-二甲基聯苯胺二鹽酸鹽,o-Tolidine dihydrochloride,管制性化學品,鄰-二甲基聯苯胺及其鹽類,,,,,,
119-90-4,二甲氧基聯苯胺,"3,3'-Dimethoxybenzidine",管制性化學品,二甲氧基聯苯胺及其鹽類,,Y,,,,
20325-40-0,二甲氧基聯苯胺二鹽酸鹽,"3,3'-Dimethoxybenzidine dihydrochloride",管制性化學品,二甲氧基聯苯胺及其鹽類,,,,,,
7440-41-7,鈹,Beryllium,管制性化學品,鈹及其化合物,,Y,,,,
7787-56-6,硫酸鈹四水合物,"Sulfuric acid, beryllium salt (1:1),tetrahydrate",管制性化學品,鈹及其化合物,,,,,,
98-07-7,三氯甲苯,Benzotrichloride,管制性化學品,三氯甲苯,,,,,,
－,含苯膠糊,Glue that contains benzene,管制性化學品,含苯膠糊,,,,,,
108-24-7,醋酸酐 (乙酐),Acetic anhydride,先驅化學品甲類,"乙酸酐；
醋酐；
乙醯化氧","Ethanoic anhydride; 
Ethanoyl ethanoate;
Acetyl acetate;
Acetyl oxide;
Acetic oxide;
AA",,2915.24.00.00-2,,,
103-82-2,苯醋酸,Benzeneacetic acid,先驅化學品甲類,"苯乙酸；
苯基丙氨酸；
Α-甲基苯甲酸；
Α-甲苯甲酸；
苯基乙酸","Phenylacetic acid;
2-Phenylacetic acid;
α-toluic acid;
alpha-toluic acid;
alpha-tolylic acid",,2916.34.10.00-7,,,
118-92-3,氨茴酸(鄰-胺基苯甲酸),Anthranilic acid,先驅化學品甲類,"鄰-氨基苯甲酸；
鄰-氨苯甲酸；
2-氨基苯甲酸；
1-氨基-2-苯甲酸；
氨基苯甲酸；
鄰胺苯酸；
鄰-羰基苯胺","Anthranic acid;
2-Aminobenzoic acid",,2922.43.00.10-8,,,
89-52-1,2-乙醯胺基苯甲酸(N-乙醯-鄰-胺基苯甲酸),2-Acetamidobenzoic acid (N-acetylanthranilic acid),先驅化學品甲類,"2-乙醯氨基苯甲酸；
N-乙醯-鄰-氨基苯甲酸；
乙醯基-鄰-胺基苯甲酸；
鄰乙醯胺基苯甲酸；
鄰乙醯氨基苯甲酸","2-(Acetylamino)-benzoic acid;
2-Carboxyacetanilide;
o-Acetoaminobenozic acid;
Acetylanthranilic acid",,2924.23.00.10-0,,,
120-58-1,異黃樟油素,Isosafrole,先驅化學品甲類,"異黃樟素；
異黄樟腦；
1,2-(亞甲二氧基)-4-丙烯基苯；
5-(1-丙烯基)-1,3-苯間二氧雜環戊烯)；
5-丙烯基-1,3-苯並二噁茂；
4-丙烯基-1,2-亞甲二氧基苯；
3,4-亞甲二氧-1-丙烯苯","(E)-5-(Prop-1-enyl)benzo[d][1,3]dioxole;
5-(1-Propenyl)-1,3-benzodioxole;
3,4-Methylenedioxyphenyl-1-propene;
3,4-(Methylenedioxy)-1-propenylbenzene;
3,4-(Methylenedioxy)propenylbenzene;
3,4-Methylenedihydroxy-1-propenylbenzene;
3,4-Methylenedioxy-1-propenylbenzene;
2-(Methylenedioxy)-4-propenyl-benzen;
1,2-Methylendioxy-4-propenylbenzol;
4-Propenyl-1,2-methylenedioxybenzene;
4-Propenylcatechol methylene ether",,2932.91.00.00-9,,,
120-57-0,"胡椒醛 (3,4-亞甲基二氧基苯甲醛)",Piperonal,先驅化學品甲類,"洋茉莉醛；
胡椒甲醛；
胡椒基醛；
天芥菜精；
3,4-亞甲基二氧苯甲醛；
3,4-亞甲二氧苯甲醛；
3,4-二氧亞甲基苯甲醛","Piperonyl aldehyde;
Heliotropine;
Protocatechuic aldehyde methylene ether;
3,4-(Methylenedioxy) benzaldehyde;
1,3-Benzodioxole-5-carbaldehyde",,2932.93.00.00-7,,,
94-59-7,黃樟油素,Safrole,先驅化學品甲類,"黃樟素；
黄樟腦；
黄樟醚；
5-(2-丙烯基)-1,3-苯並間二氧雜環戊烯；
4-烯丙基-1,2-亞甲基二氧基苯；
烯丙基鄰苯二酚亞甲醚；
丙烯基二氧甲苯酯","Shikimol;
5-(2-Propenyl)-1,3-benzodioxole;
5-Allylbenzo[d][1,3]dioxole; 3,4-Methylenedioxyphenyl-2-propene;
1-Allyl-3,4-methylidenedioxybenzene;
3,4-Methylenedioxyallylbenzene;
3-[3,4-(Methylenedioxy)phenyl]-1-propene;
4-Allyl-1,2-methylenedioxybenzene;
5-Allyl-1,3-benzodioxole",,2932.94.00.00-6,,,
4676-39-5,1-(1，3-苯並二噁茂-5-基)-2-丙酮,"1-(1,3-Benzodioxol-5-yl) Propan-2-one",先驅化學品甲類,"胡椒基丙酮；
胡椒基甲基甲酮；
胡椒基甲基酮；
1-(1，3-苯並間二二氧雜環戊-5-烯 基)-2-丙酮；
3,4-亞甲基二氧基苯基-2-丙酮；
3,4-亞甲基二氧基苯丙酮；
1-(3,4-亞甲二氧基苯基)-2-丙酮；
3,4-亞甲二氧基苄基甲基(甲)酮","1-(1,3-Benzodioxol-5-yl)- 2-propanone;
1-(1,3-Benzodioxol-5-yl) acetone;
3,4-Methylene dioxyphenyl-2-propanone;
1-(3,4-(Methylenedioxy)phenyl)-2-propanone;
1-(Acetonyl)-3,4-methylenedioxybenzene;
3,4-(Methylenedioxy)phenyl)-2-propanone;
3,4-(Methylenedioxy)phenylpropan-2-one;
1-[1,3-Benzodioxo-5-yl]- 2-Propanone",,2932.92.00.00-8,,,
110-89-4,六氫吡啶,Piperidine,先驅化學品甲類,"哌啶；
派盯；
五亞甲基胺；
氮雜環己烷；
氮己環；
一氮六環","Hexahydroazine;
Azinane;
Hexahydropyridine;
Pentamethyleneamine",,2933.32.00.10-8,,,
7719/9/7,亞硫醯氯,Thionyl chloride,先驅化學品甲類,"氯化亞碸；
亞硫醯二氯；
亞硫醯氯；
氯化亞硫醯；
氧化氯化硫；
氧氯化硫；
二氯亞碸；
二氯氧硫","Thionyl dichloride;
Sulfurous oxychloride;
Sulfurous dichloride;
Sulfur chloride oxide;
Sulfinyl chloride;
Sulfinyl dichloride;
Sulfoxidechloride;
Sulfur oxide dichloride;
Sulfur monoxide dichloride;
Chloruredethionyle;
Dichlorosulfoxide",,2812.10.90.60-0,,,
7647/10/1,氯化鈀,Palladium chloride,先驅化學品甲類,"二氯化鈀；
氯化亞鈀；
氯化鈀(II)","Palladium dichloride;
Palladium(II) chloride",,2843.90.00.10-6,,,
7723-14-0,紅磷,"Phosphorus, red",先驅化學品甲類,赤磷,"Red phosphorus;
Phosphorus(red)",,2804.70.00.10-7,,,
7553-56-2,碘,Iodine,先驅化學品甲類,,,,2801.20.00.00-3,,,
10034-85-2,氫碘酸,Hydriodic acid,先驅化學品甲類,碘化氫(水溶液),"Hydrogen iodide;
Hydriodic acid (aqueous solution);
Hydroiodic acid (aqueous solution);
Iohydroic acid (aqueous solution)",,2811.19.90.20-1,,,
6303-21-5,次磷酸,Hypophosphorous acid,先驅化學品甲類,"次亞磷酸；
卑磷酸","Phosphinic acid;
Hypophoaphoeous acid;
Hydroxy(oxo)-λ5-phosphane;
Hydroxy-λ5-phosphanone;
Oxo-λ5-phosphanol;
Oxo-λ5-phosphinous acid;
Dihydridohydroxido-oxidophosphorus",,2811.19.90.30-9,,,
74-89-5,甲胺,Methylamine,先驅化學品甲類,"單甲基胺；
氨基甲烷；
一甲胺；
伯胺","Aminomethane;
Methanamine;
Monomethylamine",,2921.11.00.10-7,,,
140-29-4,苯乙腈,Benzyl cyanide,先驅化學品甲類,"苄腈；
苄基氰；
苄基腈；
苄甲腈；
氰化苄；
氰化苄基；
α-苄基腈；
ω-氰代甲苯；
Ω-氰甲苯；
(Α-)苄基氰；
苯乙氰；","2-Phenylacetonitrile:
Phenylacetonitrile;
α-Tolunitrile;
Alpha-Tolunitrile;
A-Tolunitrile;
Tolunitrile;
Benzeneacetonitrile;
Phenyl acetyl nitrile;
(Cyanomethyl) benzene;
Acetic acid, phenyl-nitrile;
Acetonitrile, phenyl-
Alpha-Cyanotoluene
Omega-Cyanotoluene",,2926.90.90.20-5,,,
7647-01-0,比重達1.2或濃度達39.1 w/w %之氯化氫（鹽酸） ,Hydrogen chloride (hydrochloric acid) having a specific gravity reach 1.2 or Concentration 39.1  w/w % ),先驅化學品乙類,"鹽酸；
白鹽酸；
鹽鏹水；
氯氫酸；
氫氯酸；
氯化氫(水溶液)
(註：比重達1.2或濃度達39.1 w/w %水溶液)","Chlorohydric acid;
Hydrochloride;
Hydrogen chloride (aqueous solution);
Muriatic acid;
Chlorane
(Note: Having a specific gravity reach 1.2 or Concentration 39.1  w/w % aqueous solution)",,2806.10.00.10-8,,,
7664-93-9,比重達1.84或濃度95至98  w/w %之硫酸 ,Sulphuric acid having a specific gravity reach 1.84 or Concentration 95~98 w/w %),先驅化學品乙類,"漒水；
鏹水；
綠礬油；
磺鏹水
(註：比重達1.84或濃度95至98  w/w %水溶液)","Sulfuric acid;
Oil of vitriol
(Note: Having a specific gravity reach 1.84 or Concentration 95~98 w/w % aqueous solution)",,2807.00.10.10-7,,,
7722-64-7,過錳酸鉀,Potassium manganate,先驅化學品乙類,"高錳酸鉀；
灰錳氧；
PP粉",,,2841.61.00.00-5,,,
108-88-3,甲苯,Toluene,先驅化學品乙類,"甲基苯；
苯基甲烷；
苯甲烷","Methylbenzene;
Toluol;
Phenylmethane;
Methylbenzol",,2902.30.00.00-9,,,
60-29-7,二乙醚(乙醚),Diethyl ether,先驅化學品乙類,"二乙基醚；
乙氧基乙烷；
1,1 ’-氧二乙烷","Ethyl ether;
Ethyl oxide;
Ethoxyethane;
3-Oxapentane;
Alcohol - ether;
1,1’-oxybisethane;",,2909.11.00.00-5,,,
67-64-1,丙酮,Acetone,先驅化學品乙類,"2-丙酮
二甲基甲酮；
二甲基酮；
二甲酮；
β-酮基丙烷
醋酮；
木酮","Propanone;
2-Propanone;
Propan-2-one;
Dimethylformaldehyde;
Dimethyl ketone;
β-Ketopropane",,2914.11.00.00-8,,,
78-93-3,丁酮((甲基乙基酮)),Butanone (Methyl ethyl ketone),先驅化學品乙類,"2-丁酮；
甲基乙基(甲)酮；
甲乙酮；
甲基丙酮；
乙基甲基甲酮；
乙基甲基酮；
2-羰基丁烷","2-Butanone;
Methyl propanone;
Ethyl methyl ketone; Methylacetone;
MEK",,2914.12.00.00-7,,,
93-89-0,苯甲酸乙酯,Benzoic acid ethyl ester (Ethyl benzoate),先驅化學品乙類,"安息香酸乙酯；
乙基苯酸",Benzene carboxylate,,2916.31.00.10-0,,,
56-55-3,"1,2-苯并蒽","1,2-Benzanthracene",優先化學品,,,,,,,
107-06-2,"1,2-二氯乙烷","1,2-Dichloroethane",優先化學品,,,,,,,
75-56-9,"1,2-環氧丙烷","1,2-Epoxypropane",優先化學品,,,,,,,
96-23-1,"1,3-二氯-2-丙醇","1,3-Dichloropropanol-2",優先化學品,,,,,,,
106-94-5,1-溴丙烷,1-Bromopropane,優先化學品,,,,,,,
556-52-5,"2,3-環氧丙醇","2,3-Epoxypropanol",優先化學品,,,,,,,
3033-77-0,"氯化 2,3-環氧丙基三
甲基銨","2,3-Epoxypropyltrimethylammonium
chloride",優先化學品,,,,,,,
75-26-3,2-溴丙烷,2-Bromopropane,優先化學品,,,,,,,
1589-47-5,2-甲氧基-1-丙醇,2-Methoxy-1-propanol,優先化學品,,,,,,,
70657-70-4,"乙酸 2-甲氧基-1-丙
酯",2-Methoxy-1-propyl acetate,優先化學品,,,,,,,
101-14-4,"3,3-二氯-4,4-二胺基
苯化甲烷","3,3-Dichloro-4,4-diaminodiphenylmethane",優先化學品,,,,,,,
96-24-2,"3-氯-1,2-丙二醇","3-Chloro-1,2-propanediol",優先化學品,,,,,,,
101-80-4,"4,4'-氧二苯胺","4,4'-Oxydianiline",優先化學品,,,,,,,
497-76-7,"對苯二酚-beta-D-葡
萄糖苷",4-Hydroxyphenyl-beta-D-glucopyranoside,優先化學品,,,,,,,
501-30-4,"5-羥基-2-羥甲基-4-
哌【口弄】",5-Hydroxy-2-hydroxymethyl-4-pyrone,優先化學品,,,,,,,
107-13-1,丙烯腈,Acrylonitrile,優先化學品,,,,,,,
1309-64-4,三氧化二銻,Antimony trioxide,優先化學品,,,,,,,
477-73-6,鹼性紅 2,Basic Red 2,優先化學品,,,,,,,
17804-35-2,苯菌靈,Benomyl,優先化學品,,,,,,,
71-43-2,苯,Benzene,優先化學品,,,,,,,
117-61-3,"2,2'-聯苯胺二磺酸","Benzidine-2,2'-disulfonic acid",優先化學品,,,,,,,
1303-86-2,氧化硼,Boric oxide,優先化學品,,,,,,,
12007-56-6,硼鈣氧化物,Boron calcium oxide,優先化學品,,,,,,,
10605-21-7,貝芬替,Carbendazim,優先化學品,,,,,,,
630-08-0,一氧化碳,Carbon monoxide,優先化學品,,,,,,,
56-75-7,氯黴素,Chloramphenicol,優先化學品,,,,,,,
51481-61-9,西咪替汀,Cimetidine,優先化學品,,,,,,,
8007-45-2,煤焦油,Coal tar,優先化學品,,,,,,,
71-48-7,乙酸鈷,Cobalt acetate,優先化學品,,,,,,,
7646-79-9,氯化鈷,Cobalt chloride,優先化學品,,,,,,,
10026-22-9,硝酸鈷六水合物,Cobalt nitrate hexahydrate,優先化學品,,,,,,,
10124-43-3,硫酸鈷,Cobalt sulfate,優先化學品,,,,,,,
6147-53-1,乙酸鈷(Ⅱ)四水合物,Cobalt(Ⅱ) acetate tetrahydrate,優先化學品,,,,,,,
513-79-1,碳酸鈷(Ⅱ),Cobalt(Ⅱ) carbonate,優先化學品,,,,,,,
7791-13-1,氯化鈷(Ⅱ)六水合物,Cobalt(Ⅱ) chloride hexahydrate,優先化學品,,,,,,,
135-20-6,銅鐵靈,Cupferron,優先化學品,,,,,,,
683-18-1,二氯化二丁錫,Dibutyltin dichloride,優先化學品,,,,,,,
77-58-7,二月桂酸二丁錫,Dibutyltin dilaurate,優先化學品,,,,,,,
111-96-6,二乙二醇二甲醚,Diethyleneglycol dimethyl ether,優先化學品,,,,,,,
127-19-5,二甲基乙醯胺,Dimethyl acetamide,優先化學品,,,,,,,
756-79-6,甲基膦酸二甲酯,Dimethyl methylphosphonate,優先化學品,,,,,,,
77-78-1,硫酸二甲酯,Dimethyl sulfate,優先化學品,,,,,,,
51-79-6,胺甲酸乙酯,Ethyl carbamate,優先化學品,,,,,,,
62-50-0,甲磺酸乙酯,Ethyl methanesulfonate,優先化學品,,,,,,,
110-71-4,乙二醇二甲醚,Ethylene glycol dimethyl ether,優先化學品,,,,,,,
110-80-5,乙二醇乙醚,Ethylene glycol monoethyl ether,優先化學品,,,,,,,
111-15-9,乙二醇乙醚醋酸,Ethylene glycol monoethyl ether acetate,優先化學品,,,,,,,
109-86-4,乙二醇甲醚,Ethylene glycol Monomethyl ether,優先化學品,,,,,,,
110-49-6,乙二醇甲醚醋酸酯,Ethylene glycol monomethyl ether acetate,優先化學品,,,,,,,
96-45-7,伸乙硫脲,Ethylene thiourea,優先化學品,,,,,,,
50-00-0,甲醛,Formaldehyde,優先化學品,,,,,,,
93-15-2,甲基丁香酚,Methyl eugenol,優先化學品,,,,,,,
624-83-9,異氰酸甲酯,Methyl isocyanate,優先化學品,,,,,,,
150-39-0,"N-(2-羥乙基)乙二氮
基-N,N',N'-三乙酸","N-(2-Hydroxyethyl)ethylenedinitrilotriacetic
acid",優先化學品,,,,,,,
1968/12/2,二甲基甲醯胺,"N,N-Dimethylformamide",優先化學品,,,,,,,
13927-77-0,"雙(二丁基二硫胺甲
酸)鎳",Nickel bis(dibutyldithiocarbamate),優先化學品,,,,,,,
7718-54-9,氯化鎳,Nickel chloride,優先化學品,,,,,,,
13138-45-9,硝酸鎳,Nickel nitrate,優先化學品,,,,,,,
7786-81-4,硫酸鎳,Nickel sulfate,優先化學品,,,,,,,
7791-20-0,氯化鎳(Ⅱ)六水合物,Nickel(Ⅱ) chloride hexahydrate,優先化學品,,,,,,,
13770-89-3,胺磺酸鎳(Ⅱ),Nickel(Ⅱ) sulfamate,優先化學品,,,,,,,
373-02-4,乙酸鎳(Ⅱ),Nickel(II) acetate,優先化學品,,,,,,,
15699-18-0,硫酸鎳(Ⅱ)銨,Nickel(II) ammonium sulfate,優先化學品,,,,,,,
13462-88-9,溴化鎳(Ⅱ),Nickel(II) bromide,優先化學品,,,,,,,
3333-67-3,碳酸鎳(Ⅱ),Nickel(II) carbonate,優先化學品,,,,,,,
13478-00-7,硝酸鎳(Ⅱ)六水合物,Nickel(II) nitrate hexahydrate,優先化學品,,,,,,,
79-16-3,N-甲基乙醯胺,N-Methylacetamide,優先化學品,,,,,,,
123-39-7,N-甲基甲醯胺,N-Methylformamide,優先化學品,,,,,,,
872-50-4,N-甲基吡咯烷酮,N-Methylpyrrolidinone,優先化學品,,,,,,,
15305-07-4,"N-亞硝基-N-苯基羥
胺鋁鹽","N-Nitroso-N-phenylhydroxylamine
aluminum salt",優先化學品,,,,,,,
20325-40-0,"鄰聯大茴香胺二鹽
酸鹽",o-Dianisidine dihydrochloride,優先化學品,,,,,,,
58-36-6,氧雙【口咢】砷,Oxybisphenoxarsine,優先化學品,,,,,,,
68511-62-6,顏料黃 150,Pigment Yellow 150,優先化學品,,,,,,,
12045-78-2,四硼酸鉀四水合物,Potassium tetraborate tetrahydrate,優先化學品,,,,,,,
11103-86-9,氫氧化鉻酸鋅鉀,Potassium zinc chromate hydroxide,優先化學品,,,,,,,
20039-37-6,鉻酸吡啶鹽,Pyridinium dichromate,優先化學品,,,,,,,
14464-46-1,晶性矽,Silica crystalline,優先化學品,,,,,,,
1330-43-4,四硼酸鈉,Sodium tetraborate,優先化學品,,,,,,,
127-18-4,四氯乙烯,Tetrachloroethylene,優先化學品,,,,,,,
55566-30-8,肆羥甲基鏻硫酸鹽,"Tetrakis(hydroxymethyl)phosphonium
sulfate",優先化學品,,,,,,,
112-49-2,三甘醇二甲醚,Triethylene glycol dimethyl ether,優先化學品,,,,,,,
2451-62-9,"異三聚氰酸三縮水
甘油酯",Triglycidyl isocyanurate,優先化學品,,,,,,,
1975/1/4,氯乙烯,Vinyl chloride,優先化學品,,,,,,,
66-81-9,放線菌酮,Actidione,優先化學品,,,,,,,
68391-11-7,烷基吡啶,Alkylpyridine,優先化學品,,,,,,,
446-86-6,氮硫唑嘌呤,Azathioprine,優先化學品,,,,,,,
992-59-6,苯紅紫 4B,Benzopurpurine 4B,優先化學品,,,,,,,
10043-35-3,硼酸,Boric acid,優先化學品,,,,,,,
106-99-0,"1,3-丁二烯","1,3-Butadiene",優先化學品,,,,,,,
12219-02-2,C.I.酸性黑 132,C.I. Acid Black 132,優先化學品,,,,,,,
61723-89-5,C.I.酸性黑 139,C.I. Acid Black 139,優先化學品,,,,,,,
12217-14-0,C.I.酸性黑 29,C.I. Acid Black 29,優先化學品,,,,,,,
3734-67-6,C.I.酸性紅 1,C.I. Acid Red 1,優先化學品,,,,,,,
12220-27-8,C.I.酸性紅 279,C.I. Acid Red 279,優先化學品,,,,,,,
5858-39-9,C.I.酸性紅 4,C.I. Acid Red 4,優先化學品,,,,,,,
10169-02-5,C.I.酸性紅 97,C.I. Acid Red 97,優先化學品,,,,,,,
4321-69-1,C.I.酸性紫 7,C.I. Acid Violet 7,優先化學品,,,,,,,
6375-55-9,C.I.酸性黃 42 二鈉鹽,C.I. Acid Yellow 42 disodium salt,優先化學品,,,,,,,
2610/5/1,C.I.直接藍 1,C.I. Direct Blue 1,優先化學品,,,,,,,
4198-19-0,C.I.直接藍 10,C.I. Direct Blue 10,優先化學品,,,,,,,
4399-55-7,C.I.直接藍 71,C.I. Direct Blue 71,優先化學品,,,,,,,
16071-86-6,C.I.直接棕 95,C.I. Direct Brown 95,優先化學品,,,,,,,
6598-63-6,C.I.直接橙 102,C.I. Direct Orange 102,優先化學品,,,,,,,
3564-14-5,C.I.媒染黑 3,C.I. Mordant Black 3,優先化學品,,,,,,,
1058-92-0,C.I.媒染藍 13,C.I. Mordant Blue 13,優先化學品,,,,,,,
6406-37-7,C.I.媒染橙 10,C.I. Mordant Orange 10,優先化學品,,,,,,,
3564-27-0,C.I.媒染橙 6,C.I. Mordant Orange 6,優先化學品,,,,,,,
12656-57-4,C.I.顏料橙 20,C.I. Pigment Orange 20,優先化學品,,,,,,,
58339-34-7,C.I.顏料紅 108,C.I. Pigment Red 108,優先化學品,,,,,,,
37300-23-5,C.I.顏料黃 36,C.I. Pigment Yellow 36,優先化學品,,,,,,,
68132-91-2,C.I.反應藍 160,C.I. Reactive Blue 160,優先化學品,,,,,,,
302-17-0,水合氯醛,Chloral hydrate,優先化學品,,,,,,,
627-42-9,2-氯乙基甲基醚,2-Chloroethyl methyl ether,優先化學品,,,,,,,
7789-43-7,溴化鈷,Cobalt bromide,優先化學品,,,,,,,
10141-05-6,硝酸鈷,Cobalt nitrate,優先化學品,,,,,,,
60459-08-7,水合硫酸鈷(II),Cobalt(II) sulfate hydrate,優先化學品,,,,,,,
12126-59-9,共軛雌激素,Conjugated estrogens,優先化學品,,,,,,,
838-88-0,"4,4'-二胺基-3,3'-二甲基二苯甲烷","4,4'-Diamino-3,3'-
dimethyldiphenylmethane",優先化學品,,,,,,,
1476-11-5,"順 1,4-二氯-2-丁烯","cis-1,4-Dichloro-2-butene",優先化學品,,,,,,,
2050-68-2,"4,4'-二氯聯苯","4,4'-Dichlorobiphenyl",優先化學品,,,,,,,
13464-80-7,硫酸二肼,Dihydrazinium sulfate,優先化學品,,,,,,,
12007-60-2,四硼酸二鋰,Dilithium tetraborate,優先化學品,,,,,,,
67939-65-5,"N-[4-[ 二(4- 二甲胺基) 苯基] 亞甲
基]-2,5-環己二烯-1-亞基]-N-甲基甲銨乙酸鹽","N-(4-{Bis[4-
(dimethylamino)phenyl]methylene} cyclohexa-2,5-dien-1-ylidene)-N- methylmethanaminium acetate",優先化學品,,,,,,,
13360-57-1,二甲基胺磺醯基氯,Dimethylsulphamoyl chloride,優先化學品,,,,,,,
2602-46-2,直接藍 6,Direct blue 6,優先化學品,,,,,,,
4335/9/5,"4-胺基-5-羥基-6-[[4'-[(4-羥苯基)
偶氮][1,1'-聯苯]-4-基]偶氮]-3-[(4-
硝苯基)偶氮]萘-2,7-二磺酸二鈉","Disodium 4-amino-5-hydroxy-6- [[4'-[(4-hydroxyphenyl)azo][1,1'-
biphenyl]-4-yl]azo]-3-[(4- nitrophenyl)azo]naphthalene-2,7- disulfonate",優先化學品,,,,,,,
12008-41-2,八硼酸二鈉,Disodium octaborate,優先化學品,,,,,,,
12280-03-4,八硼酸二鈉四水合物,Disodium octaborate tetrahydrate,優先化學品,,,,,,,
6106-24-7,二水合酒石酸二鈉,Disodium tartrate dihydrate,優先化學品,,,,,,,
112-00-5,氯化十二烷基三甲基銨,Dodecyltrimethylammonium chloride,優先化學品,,,,,,,
3388/4/3,"2-(3,4-環氧環己基)乙基三甲氧基矽烷","2-(3,4-
Epoxycyclohexyl)ethyltrimethoxysi lane",優先化學品,,,,,,,
143860-04-2,"3- 乙基-2- 甲基-2-(3- 甲丁基)-1,3-
【口咢】唑啶","3-Ethyl-2-methyl-2-(3- methylbutyl)-1,3-oxazolidine",優先化學品,,,,,,,
629-14-1,乙二醇二乙醚,Ethylene glycol diethyl ether,優先化學品,,,,,,,
68603-83-8,鹼性 C6-19 支鏈脂肪酸鉛鹽,"Fatty acids, C6-19-branched, lead
salts, basic",優先化學品,,,,,,,
85509-19-9,護矽得,Flusilazole,優先化學品,,,,,,,
128794-94-5,"(4E)-6-(1,3-二氫-4-羥基-6-甲氧基
-7-甲基-3-側氧基-5-異苯并呋喃基)-4-甲基-4-己烯酸-2-(4-嗎福林基)乙酯","4-Hexenoic acid, 6-(1,3-dihydro-4- hydroxy-6-methoxy-7-methyl-3- oxo-5-isobenzofuranyl)-4-methyl-, 2-(4-morpholinyl)ethyl ester, (4E)-",優先化學品,,,,,,,
10217-52-4,聯胺水合物,"Hydrazine, hydrate",優先化學品,,,,,,,
68411-78-9,氧化鉛,"Lead oxide (PbO), lead-contg.",優先化學品,,,,,,,
91671-83-9,鹼性異辛酸鉛鹽(II),"Lead(2+) isooctanoate, basic",優先化學品,,,,,,,
330-55-2,理有龍,Linuron,優先化學品,,,,,,,
10377-51-2,碘化鋰,Lithium iodide,優先化學品,,,,,,,
82640-04-8,"[6-羥基-2-(4-羥基苯基)苯[b]噻吩-
3- 基][4-[2-(1- 哌啶基) 乙氧基] 苯基]甲酮鹽酸鹽(1:1)","Methanone, [6-hydroxy-2-(4- hydroxyphenyl)benzo[b]thien-3- yl][4-[2-(1-
piperidinyl)ethoxy]phenyl]-, hydrochloride (1:1)",優先化學品,,,,,,,
625-45-6,甲氧基乙酸,Methoxyacetic acid,優先化學品,,,,,,,
24280-93-1,黴酚酸,Mycophenolic acid,優先化學品,,,,,,,
389-08-2,萘利啶酸,Nalidixic acid,優先化學品,,,,,,,
1405-10-3,硫酸新絲菌素,Neomycin sulfate,優先化學品,,,,,,,
6018-89-9,四水合醋酸鎳,Nickel acetate tetrahydrate,優先化學品,,,,,,,
4454-16-4,雙(2-乙基己酸)鎳,Nickel bis(2-ethylhexanoate),優先化學品,,,,,,,
12607-70-4,鹼式碳酸鎳,Nickel carbonate hydroxide,優先化學品,,,,,,,
10028-18-9,二氟化鎳,Nickel difluoride,優先化學品,,,,,,,
3349/6/2,甲酸鎳(Ⅱ),Nickel diformate,優先化學品,,,,,,,
11113-75-0,硫化鎳,Nickel sulfide,優先化學品,,,,,,,
14177-55-0,鉬酸鎳(II),Nickel(II) molybdate,優先化學品,,,,,,,
83968-31-4,"(Z)-9-十八烯酸與氧化 N,N-二甲基苯胺-甲醛-N-甲基苯胺反應產物的化合物","9-Octadecenoic acid (Z)-, compds. with oxidized N,N- dimethylbenzenamine- formaldehyde-N- methylbenzenamine reaction
products",優先化學品,,,,,,,
13840-56-7,硼酸鈉鹽,"Orthoboric acid, sodium salt",優先化學品,,,,,,,
2795-39-3,十七氟-1-辛磺酸鉀,Potassium heptadecafluorooctane- 1-sulfonate,優先化學品,,,,,,,
13709-94-9,偏硼酸鉀,Potassium metaborate,優先化學品,,,,,,,
14220-17-8,氰化鎳(II)鉀,Potassium tetracyanonickelate(II),優先化學品,,,,,,,
34183-22-7,鹽酸普羅帕酮,Propafenone hydrochloride,優先化學品,,,,,,,
99-66-1,2-丙基戊酸,2-Propylvaleric acid,優先化學品,,,,,,,
119738-06-6,快伏草,Quizalofop-p-tefuryl,優先化學品,,,,,,,
11130-12-4,五水合硼酸鈉,Sodium borate pentahydrate,優先化學品,,,,,,,
10486-00-7,過硼酸鈉四水合物,Sodium perborate tetrahydrate,優先化學品,,,,,,,
1303-96-4,四硼酸鈉十水合物,"Sodium tetraborate, decahydrate",優先化學品,,,,,,,
12179-04-3,四硼酸鈉五水合物,"Sodium tetraborate, pentahydrate",優先化學品,,,,,,,
1069-66-5,丙戊酸鈉,Sodium valproate,優先化學品,,,,,,,
632-22-4,四甲基脲,Tetramethylurea,優先化學品,,,,,,,
76-25-5,丙酮特安皮質醇,Triamcinolone acetonide,優先化學品,,,,,,,
24602-86-6,三得芬,Tridemorph,優先化學品,,,,,,,
738-70-5,曲美普林,Trimethoprim,優先化學品,,,,,,,
512-56-1,磷酸三甲酯,Trimethyl phosphate,優先化學品,,,,,,,
140-08-9,亞磷酸三(2-氯乙基)酯,Tris(2-chloroethyl) phosphite,優先化學品,,,,,,,
50471-44-8,免克寧,Vinclozolin,優先化學品,,,,,,,
79-33-4,(S)-(+)-2-羥基丙酸,"(S)-(+)-2-
Hydroxypropanoic acid",優先化學品,,,,,,,
71-55-6,"1,1,1-三氯乙烷","1,1,1-Trichloroethane",優先化學品,,,,,,,
79-34-5,"1,1,2,2-四氯乙烷","1,1,2,2-Tetrachloroethane",優先化學品,,,,,,,
685-63-2,"1,1,2,3,4,4-六氟-1,3-丁二
烯","1,1,2,3,4,4-Hexafluoro-
1,3-butadiene",優先化學品,,,,,,,
79-00-5,"1,1,2-三氯乙烷","1,1,2-Trichloroethane",優先化學品,,,,,,,
107-45-9,"1,1,3,3-四甲基丁胺","1,1,3,3-
Tetramethylbutylamine",優先化學品,,,,,,,
123-77-3,"1,1'-偶氮雙甲醯胺","1,1'-Azobis(formamide)",優先化學品,,,,,,,
3006-86-8,"1,1-貳(三級丁基過氧)環
己烷","1,1-Di(t-
butylperoxy)cyclohexane",優先化學品,,,,,,,
6731-36-8,"1,1-貳(三級丁基過氧)-
3,3,5-三甲基環己烷","1,1-Di-(tert-butyl peroxy)-3,3,5-
trimethylcyclohexane",優先化學品,,,,,,,
75-37-6,"1,1-二氟乙烷","1,1-Difluoroethane",優先化學品,,,,,,,
75-38-7,"1,1-二氟乙烯","1,1-Difluoroethylene",優先化學品,,,,,,,
2634-33-5,"1,2-苯并異噻唑-3-酮","1,2-Benzisothiazole-3-
one",優先化學品,,,,,,,
540-59-0,"1,2-二氯乙烯","1,2-Dichloroethylene",優先化學品,,,,,,,
25155-25-3,"1,4-貳(2-三級丁基過氧異丙基)苯","1,4-Di-(2-tert- butylperoxyisopropyl)
benzene",優先化學品,,,,,,,
123-91-1,"1,4-二氧陸圜","1,4-Dioxane",優先化學品,,,,,,,
124-09-4,"1,6-己二胺","1,6-Hexanediamine",優先化學品,,,,,,,
25167-67-3,1-丁烯,1-Butene,優先化學品,,,,,,,
71-36-3,1-丁醇,1-Butyl alcohol,優先化學品,,,,,,,
97-00-7,"1-氯-2,4-二硝基苯","1-Chloro-2,4-
dinitrobenzene",優先化學品,,,,,,,
112-55-0,十二硫醇,1-Dodecanethiol,優先化學品,,,,,,,
109-67-1,1-戊烯,1-Pentene,優先化學品,,,,,,,
71-23-8,1-丙醇,1-Propanol,優先化學品,,,,,,,
102-81-8,2-(二丁胺基)乙醇,2-(Dibutylamino)ethanol,優先化學品,,,,,,,
2439-35-2,"丙烯酸 2-(二甲基胺基)乙
酯","2-(Dimethylamino)ethyl
acrylate",優先化學品,,,,,,,
616-23-9,"2,3-二氯-1-丙醇","2,3-Dichloro-1-propanol",優先化學品,,,,,,,
118-79-6,"2,4,6-三溴酚","2,4,6-Tribromophenol",優先化學品,,,,,,,
1879-09-0,"2,4-二甲基-6-三級丁基苯
酚","2,4-Dimethyl-6-tert-
butylphenol",優先化學品,,,,,,,
123-54-6,"2,4-戊二酮","2,4-Pentanedione",優先化學品,,,,,,,
15214-89-8,2-丙烯醯胺-2-甲基丙磺酸,"2-Acrylamido-2- methylpropanesulfonic
acid",優先化學品,,,,,,,
929-06-6,2-胺基乙氧基乙醇,2-Aminoethoxyethanol,優先化學品,,,,,,,
78-92-2,2-丁醇,2-Butanol,優先化學品,,,,,,,
95-51-2,2-氯苯胺,2-Chloroaniline,優先化學品,,,,,,,
107-07-3,2-氯乙醇,2-Chloroethanol,優先化學品,,,,,,,
75-29-6,2-氯丙烷,2-Chloropropane,優先化學品,,,,,,,
557-98-2,2-氯丙烯,2-Chloropropene,優先化學品,,,,,,,
100-37-8,2-二乙胺基乙醇,2-Diethyl-aminoethanol,優先化學品,,,,,,,
108-01-0,2-二甲基氨基乙醇,2-Dimethylaminoethanol,優先化學品,,,,,,,
2867-47-2,"甲基丙烯酸 2-二甲基胺
乙酯","2-Dimethylaminoethyl
methacrylate",優先化學品,,,,,,,
688-84-6,"甲基丙烯酸 2-乙基-1-己
基酯","2-Ethyl-1-hexyl
methacrylate",優先化學品,,,,,,,
931-36-2,2-乙基-4-甲基咪唑,"2-Ethyl-4-
methylimidazole",優先化學品,,,,,,,
149-57-5,2-乙基己酸,2-Ethylhexoic acid,優先化學品,,,,,,,
75-86-5,2-羥基異丁腈,"2-Hydroxy-
isobutyronitrile",優先化學品,,,,,,,
999-61-1,丙烯酸 2-羥基丙酯,"2-Hydroxypropyl
acrylate",優先化學品,,,,,,,
30674-80-7,"甲基丙烯酸異氰酸基乙
酯","2-Isocyanatoethyl
methacrylate",優先化學品,,,,,,,
583-39-1,2-巰苯并咪唑,2-Mercaptobenzimidazole,優先化學品,,,,,,,
149-30-4,2-氫硫基苯并噻唑,2-Mercaptobenzothiazole,優先化學品,,,,,,,
2682-20-4,2-甲基異噻唑啉-3-酮,2-Methyl-4-isothiazolin-3-one,優先化學品,,,,,,,
109-83-1,2-甲胺乙醇,2-Methylaminoethanol,優先化學品,,,,,,,
97-65-4,亞甲基丁二酸,2-Methylenesuccinic acid,優先化學品,,,,,,,
693-98-1,2-甲基咪唑,2-Methylimidazole,優先化學品,,,,,,,
37971-36-1,"2-膦醯丁烷-1,2,4-三羧酸","2-Phosphonobutane-
1,2,4-tricarboxylic acid",優先化學品,,,,,,,
88-18-6,2-三級丁基苯酚,2-t-Butylphenol,優先化學品,,,,,,,
100-69-6,2-乙烯基吡啶,2-Vinylpyridine,優先化學品,,,,,,,
1760-24-3,3-(2-胺乙基)-胺丙基三甲氧基矽烷,"3-(2-
Aminoethylamino)propyl trimethoxysilane",優先化學品,,,,,,,
6864-37-5,"3,3'-二甲基-4,4'-二胺基二環己基甲烷","3,3'-Dimethyl-4,4'- diaminodicyclohexylmet
hane",優先化學品,,,,,,,
108-68-9,"3,5-二甲酚","3,5-Dimethylphenol",優先化學品,,,,,,,
108-99-6,3-甲基吡啶,3-Methylpyridine,優先化學品,,,,,,,
90-93-7,"4,4'-雙(N,N-二乙胺基)二苯基酮","4,4'-
Bis(diethylamino)benzop henone",優先化學品,,,,,,,
1761-71-3,"4,4'-亞甲基雙環己胺","4,4'-
Methylenebis(cyclohexyl amine)",優先化學品,,,,,,,
1122-58-3,4-二甲基胺基吡碇,4-Dimethyaminopyridine,優先化學品,,,,,,,
371-41-5,4-氟苯酚,4-Fluorophenol,優先化學品,,,,,,,
2226-96-2,"4-羥基-2,2,6,6-四甲基哌啶氮氧自由基","4-Hydroxy-2,2,6,6- tetramethylpiperidinooxy
l",優先化學品,,,,,,,
98-67-9,4-羥基苯磺酸,4-Hydroxybenzenesulfonic acid,優先化學品,,,,,,,
11070-44-3,甲基四氫鄰苯二甲酸酐,"4-Methyl tetrahydro
phthalic anhydride",優先化學品,,,,,,,
104-40-5,4-壬基酚,4-Nonylphenol,優先化學品,,,,,,,
98-29-3,4-三級丁基鄰苯二酚,4-tert-Butylcatechol,優先化學品,,,,,,,
98-54-4,4-三級丁酚,4-tert-Butylphenol,優先化學品,,,,,,,
26172-55-4,5-氯-2-甲基-4-異噻唑啉-3-酮,5-Chloro-2-methyl-4-isothiazolin-3-one,優先化學品,,,,,,,
16219-75-3,5-亞乙基-2-降冰片烯,5-Ethylidene-2-nornene,優先化學品,,,,,,,
90-51-7,7-胺基-1-萘酚-3-磺酸,"7-Amino-1-naphthol-3-
sulfonic acid",優先化學品,,,,,,,
1987/2/5,7-胺基-4-萘酚-2-磺酸,"7-Amino-4-naphthol-2-
sulfonic acid",優先化學品,,,,,,,
64-19-7,醋酸,Acetic acid,優先化學品,,,,,,,
108-24-7,乙酐,Acetic anhydride,優先化學品,,,,,,,
67-64-1,丙酮,Acetone,優先化學品,,,,,,,
74-86-2,乙炔,Acetylene,優先化學品,,,,,,,
1979/10/7,丙烯酸,Acrylic acid,優先化學品,,,,,,,
627-44-1,"烷基汞化物（烷基以甲
基或乙基為限）","Alkyl mercury
compounds",優先化學品,,,,,,,
107-11-9,烯丙胺,Allyamine,優先化學品,,,,,,,
107-05-1,氯丙烯,Allyl chloride,優先化學品,,,,,,,
1996/5/9,甲基丙烯酸烯丙酯,Allyl methacrylate,優先化學品,,,,,,,
7446-70-0,無水氯化鋁,"Aluminium
chloride,anhydrous",優先化學品,,,,,,,
7784-30-7,磷酸鋁,Aluminum phosphate,優先化學品,,,,,,,
61788-46-3,椰油烷基胺,"Amines, coco alkyl",優先化學品,,,,,,,
111-41-1,胺乙基乙醇胺,"Aminoethyl
ethanolamine",優先化學品,,,,,,,
6419-19-8,胺基參亞甲基膦酸,"Aminotris(methylenepho
sphonic acid)",優先化學品,,,,,,,
7664-41-7,氨,Ammonia,優先化學品,,,,,,,
12125-01-8,氟化銨,Ammonium fluride,優先化學品,,,,,,,
1341-49-7,二氟氫化銨,"Ammonium
hydrogendifluoride",優先化學品,,,,,,,
6484-52-2,硝酸銨,Ammonium nitrate,優先化學品,,,,,,,
7727-54-0,過硫酸銨,Ammonium persulfate,優先化學品,,,,,,,
628-63-7,乙酸戊酯,Amyl acetate,優先化學品,,,,,,,
1332-21-4,石綿,Asbestos,優先化學品,,,,,,,
2465-27-2,奧黃,Auramine,優先化學品,,,,,,,
78-67-1,偶氮二異丁腈,Azodiisobutyronitrile,優先化學品,,,,,,,
10361-37-2,氯化鋇,Barium chloride,優先化學品,,,,,,,
17194-00-2,氫氧化鋇,Barium hydroxide,優先化學品,,,,,,,
100-47-0,苯甲腈,Benzonitrile,優先化學品,,,,,,,
98-88-4,苄醯氯,Benzoyl chloride,優先化學品,,,,,,,
94-36-0,過氧化二苯甲醯,Benzoyl peroxide,優先化學品,,,,,,,
103-83-3,苯甲基二甲胺,Benzylidimethylamine,優先化學品,,,,,,,
5538-94-3,氯化雙辛基二甲基銨,"Bisoctyldimethylammoni
um chloride",優先化學品,,,,,,,
7726-95-6,溴,Bromine,優先化學品,,,,,,,
106-97-8,丁烷,Butane,優先化學品,,,,,,,
123-86-4,乙酸丁酯,Butyl acetate,優先化學品,,,,,,,
25013-16-5,丁基化羥苯基甲基醚,Butylated hydroxyanisole,優先化學品,,,,,,,
109-72-8,丁基鋰,Butyllithium,優先化學品,,,,,,,
1345-16-0,C.I.顏料藍 28,C.I. pigment blue 28,優先化學品,,,,,,,
17095-24-8,活性黑 5,C.I. Reactive black 5,優先化學品,,,,,,,
68584-22-5,C10-16-烷基苯磺酸,"C10-16-
Alkylbenzenesulfonic acid",優先化學品,,,,,,,
7440-43-9,鎘及其化合物,"Cadmium and its
compounds",優先化學品,,,,,,,
7440-70-2,鈣,Calcium,優先化學品,,,,,,,
75-20-7,碳化鈣,Calcium carbide,優先化學品,,,,,,,
1305-62-0,氫氧化鈣,Calcium hydroxide,優先化學品,,,,,,,
7778-54-3,次氯酸鈣,Calcium hypochlorite,優先化學品,,,,,,,
1305-78-8,氧化鈣,Calcium oxide,優先化學品,,,,,,,
142-62-1,己酸,Caproic acid,優先化學品,,,,,,,
105-60-2,己內醯胺,Caprolactam,優先化學品,,,,,,,
1563-66-2,加保扶,Carbofuran,優先化學品,,,,,,,
1333-86-4,碳黑,Carbon black,優先化學品,,,,,,,
16774-21-3,硝酸銨鈰,"Cerium ammonium
nitrate",優先化學品,,,,,,,
63449-39-8,氯化石蠟,Chlorinated paraffin,優先化學品,,,,,,,
10049-04-4,二氧化氯,Chlorine dioxide,優先化學品,,,,,,,
7790-91-2,三氟化氯,Chlorine trifloride,優先化學品,,,,,,,
1979/4/9,氯乙醯氯,Chloroacetyl chloride,優先化學品,,,,,,,
108-90-7,氯苯,Chlorobenzene,優先化學品,,,,,,,
7790-94-5,氯磺酸,Chlorosulphonic acid,優先化學品,,,,,,,
123-41-1,氫氧化膽鹼,Choline hydroxide,優先化學品,,,,,,,
590-18-1,順 2-丁烯,cis-2-Butene,優先化學品,,,,,,,
7440-48-4,鈷,Cobalt,優先化學品,,,,,,,
1307-96-6,氧化鈷,Cobalt oxide,優先化學品,,,,,,,
68603-42-9,椰子油酸二乙醇醯胺,"Coconut oil acid
diethanolamide",優先化學品,,,,,,,
7758-98-7,硫酸銅,Copper sulfate,優先化學品,,,,,,,
7447-39-4,氯化銅(Ⅱ),Copper(Ⅱ)    chloride,優先化學品,,,,,,,
91-64-5,香豆素,Coumarin,優先化學品,,,,,,,
1319-77-3,甲酚,Cresol,優先化學品,,,,,,,
80-15-9,【艹久】氫過氧化物,Cumene hydroperoxide,優先化學品,,,,,,,
108-77-0,三聚氯化氰,Cyanuric chloride,優先化學品,,,,,,,
108-93-0,環己醇,Cyclohexanol,優先化學品,,,,,,,
108-94-1,環己酮,Cyclohexanone,優先化學品,,,,,,,
108-91-8,環己胺,Cyclohexylamine,優先化學品,,,,,,,
91465-08-6,三氟氯氰菊酯,Cyhalothrin,優先化學品,,,,,,,
1975/9/2,二氯甲烷,Dichloromethane,優先化學品,,,,,,,
4109-96-0,二氯矽烷,Dichlorosilane,優先化學品,,,,,,,
141-66-2,雙特松,Dicrotophos,優先化學品,,,,,,,
101-83-7,二環己胺,Dicyclohexylamine,優先化學品,,,,,,,
61791-31-9,椰子油脂肪酸二乙醯胺,"Diethanolaminde of
coconut oilfatty acid",優先化學品,,,,,,,
109-89-7,二乙胺,Diethylamine,優先化學品,,,,,,,
104-78-9,二乙胺基丙胺,"Diethylaminopropylamin
e",優先化學品,,,,,,,
111-77-3,二甘醇單甲醚,"Diethylene glycol
monomethyl ether",優先化學品,,,,,,,
111-40-0,二次乙基三胺,Diethylene triamine,優先化學品,,,,,,,
68479-98-1,二乙基甲苯二胺,Diethyltoluenediamine,優先化學品,,,,,,,
1975/10/5,二氟甲烷,Difluoromethane,優先化學品,,,,,,,
2238/7/5,縮水甘油醚,Diglycidyl ether,優先化學品,,,,,,,
1191-15-7,二異丁基鋁氫化物,"Diisobutylaluminum
hydride",優先化學品,,,,,,,
624-92-0,二硫二甲烷,Dimethyl disulfide,優先化學品,,,,,,,
115-10-6,二甲醚,Dimethyl ether,優先化學品,,,,,,,
124-40-3,二甲胺,Dimethylamine,優先化學品,,,,,,,
74-94-2,二甲胺基甲硼烷,Dimethylamine borane,優先化學品,,,,,,,
75-78-5,二甲基二氯矽烷,Dimethyldichlorosilane,優先化學品,,,,,,,
111-92-2,二正丁胺,Di-n-butylamine,優先化學品,,,,,,,
628-96-6,二硝基乙二醇,Dinitroethyleneglycol,優先化學品,,,,,,,
121-14-2,二硝基甲苯,Dinitrotoluene,優先化學品,,,,,,,
1323-65-5,二壬基苯酚,Dinonylphenol,優先化學品,,,,,,,
577-11-7,磺基丁二酸二辛酯鈉鹽,"Dioctyl sodium
sulfosuccinate",優先化學品,,,,,,,
75980-60-8,"二苯基(2,4,6-三甲基苯甲醯基)膦氧化物","Diphenyl(2,4,6- trimethylbenzoyl)phosph
ine oxide",優先化學品,,,,,,,
1313-59-3,氧化鈉,Disodium oxide,優先化學品,,,,,,,
124-22-1,十二胺,Dodecylamine,優先化學品,,,,,,,
27176-87-0,十二烷基苯磺酸,"Dodecylbenzenesulfonic
acid",優先化學品,,,,,,,
69669-44-9,十二烷基苯磺酸钠,"Dodecylbenzenesulfonic
acid sodium salt",優先化學品,,,,,,,
74-84-0,乙烷,Ethane,優先化學品,,,,,,,
141-43-5,乙醇胺,Ethanolamine,優先化學品,,,,,,,
141-78-6,乙酸乙酯,Ethyl acetate,優先化學品,,,,,,,
140-88-5,丙烯酸乙酯,Ethyl acrylate,優先化學品,,,,,,,
60-29-7,乙醚,Ethyl ether,優先化學品,,,,,,,
97-64-3,乳酸乙酯,Ethyl lactate,優先化學品,,,,,,,
1975/8/1,乙硫醇,Ethyl mercaptan,優先化學品,,,,,,,
563-43-9,二氯化乙基鋁,"Ethylaluminum
dichloride",優先化學品,,,,,,,
1975/4/7,乙胺,Ethylamine,優先化學品,,,,,,,
74-85-1,乙烯,Ethylene,優先化學品,,,,,,,
96-49-1,碳酸伸乙酯,Ethylene carbonate,優先化學品,,,,,,,
107-21-1,乙二醇,Ethylene glycol,優先化學品,,,,,,,
111-76-2,乙二醇丁醚,"Ethylene glycol
monobutyl ether",優先化學品,,,,,,,
112-25-4,乙二醇單己醚,"Ethylene glycol
monohexyl ether",優先化學品,,,,,,,
2807-30-9,乙二醇丙基醚,"Ethylene glycol propyl
ether",優先化學品,,,,,,,
107-15-3,乙二胺,Ethylenediamine,優先化學品,,,,,,,
7705-08-0,無水氯化鐵,"Ferric
chloride,anhydrous",優先化學品,,,,,,,
7758-94-3,氯化亞鐵,Ferrous chloride,優先化學品,,,,,,,
16872-11-0,氟硼酸,Fluoroboric acid,優先化學品,,,,,,,
64-18-6,甲酸,Formic acid,優先化學品,,,,,,,
98-00-0,2-呋喃甲醇,Furfuryl alcohol,優先化學品,,,,,,,
111-30-8,戊二醛,Glutaraldehyde,優先化學品,,,,,,,
106-91-2,甲基丙烯酸縮水甘油酯,Glycidyl methacrylate,優先化學品,,,,,,,
107-22-2,乙二醛,Glyoxal,優先化學品,,,,,,,
85-42-7,六氫酞酸酐,"Hexahydrophthalic
anhydride",優先化學品,,,,,,,
999-97-3,六甲基二矽氮烷,Hexamethyldisilazane,優先化學品,,,,,,,
822-06-0,六亞甲二異氰酸酯,"Hexamethylene
diisocyanate",優先化學品,,,,,,,
100-97-0,六亞甲四胺,Hexamethylenetetramine,優先化學品,,,,,,,
7803-57-8,水合肼,Hydrazine monohydrate,優先化學品,,,,,,,
10035-10-6,溴化氫,Hydrogen bromide,優先化學品,,,,,,,
7647-01-0,氯化氫,Hydrogen chloride,優先化學品,,,,,,,
7664-39-3,氟化氫,Hydrogen fluoride,優先化學品,,,,,,,
1333-74-0,氫氣,Hydrogen gas,優先化學品,,,,,,,
7722-84-1,過氧化氫,Hydrogen peroxide,優先化學品,,,,,,,
7784/6/4,硫化氫,Hydrogen sulfide,優先化學品,,,,,,,
123-31-9,苯二酚,Hydroquinone,優先化學品,,,,,,,
79-14-1,羥基乙酸,Hydroxyacetic acid,優先化學品,,,,,,,
2809-21-4,羥基亞乙基二膦酸,"Hydroxyethanediphosph
onic acid",優先化學品,,,,,,,
818-61-1,丙烯酸羥乙酯,Hydroxyethyl acrylate,優先化學品,,,,,,,
7803-49-8,羥胺,Hydroxylamine,優先化學品,,,,,,,
25584-83-2,丙烯酸羥丙酯,Hydroxypropyl acrylate,優先化學品,,,,,,,
6303-21-5,次磷酸,Hypophosphorous acid,優先化學品,,,,,,,
7782-61-8,硝酸鐵九水合物,"Iron trinitrate
nonahydrate",優先化學品,,,,,,,
123-92-2,乙酸異戊酯,Isoamyl acetate,優先化學品,,,,,,,
123-51-3,異戊醇,Isoamyl alcohol,優先化學品,,,,,,,
75-28-5,異丁烷,Isobutane,優先化學品,,,,,,,
110-19-0,乙酸異丁酯,Isobutyl acetate,優先化學品,,,,,,,
78-83-1,異丁醇,Isobutyl alcohol,優先化學品,,,,,,,
115-11-7,異丁烯,Isobutylene,優先化學品,,,,,,,
108-80-5,異三聚氰酸,Isocyanuric acid,優先化學品,,,,,,,
78-78-4,異戊烷,Isopentane,優先化學品,,,,,,,
2855-13-2,異佛酮二胺,Isophorone diamine,優先化學品,,,,,,,
4098-71-9,二異氰酸異佛爾酮,Isophorone diisocyanate,優先化學品,,,,,,,
78-79-5,異戊二烯,Isoprene,優先化學品,,,,,,,
78-96-6,異丙醇胺,Isopropanolamine,優先化學品,,,,,,,
108-21-4,乙酸異丙酯,Isopropyl acetate,優先化學品,,,,,,,
67-63-0,異丙醇,Isopropyl alcohol,優先化學品,,,,,,,
75-31-0,異丙胺,Isopropylamine,優先化學品,,,,,,,
55965-84-9,異噻唑啉,Isothiazolin,優先化學品,,,,,,,
50-21-5,乳酸,Lactic acid,優先化學品,,,,,,,
112-18-5,月桂基二甲基胺,Lauryldimethylamine,優先化學品,,,,,,,
7439-93-2,鋰,Lithium,優先化學品,,,,,,,
1310-65-2,氫氧化鋰,Lithium hydroxide,優先化學品,,,,,,,
632-99-5,苯胺紅,Magenta,優先化學品,,,,,,,
10377-60-3,硝酸鎂,Magnesium nitrate,優先化學品,,,,,,,
7439-95-4,鎂粉,Magnesium powder,優先化學品,,,,,,,
108-31-6,順-丁烯二酐,Maleic anhydride,優先化學品,,,,,,,
79-41-4,甲基丙烯酸,Methacrylic acid,優先化學品,,,,,,,
10265-92-6,甲胺磷,Methamidophos,優先化學品,,,,,,,
74-82-8,甲烷,Methane,優先化學品,,,,,,,
75-75-2,甲基磺酸,Methanesulfonic acid,優先化學品,,,,,,,
950-37-8,滅大松,Methidathion,優先化學品,,,,,,,
16752-77-5,滅多威,Methomyl,優先化學品,,,,,,,
79-20-9,乙酸甲酯,Methyl acetate,優先化學品,,,,,,,
96-33-3,丙烯酸甲酯,Methyl acrylate,優先化學品,,,,,,,
67-56-1,甲醇,Methyl alcohol,優先化學品,,,,,,,
74-83-9,溴甲烷,Methyl bromide,優先化學品,,,,,,,
591-78-6,甲丁酮,Methyl butyl ketone,優先化學品,,,,,,,
79-22-1,氯甲酸甲酯,Methyl chloroformate,優先化學品,,,,,,,
78-93-3,丁酮,Methyl ethyl ketone,優先化學品,,,,,,,
1338-23-4,過氧化丁酮,"Methyl ethyl ketone
peroxide  （MEKPO）",優先化學品,,,,,,,
96-29-7,甲基乙基酮肟,Methyl ethyl ketoxime,優先化學品,,,,,,,
107-31-3,甲酸甲酯,Methyl formate,優先化學品,,,,,,,
74-88-4,碘甲烷,Methyl iodide,優先化學品,,,,,,,
108-10-1,甲基異丁酮,Methyl isobutyl ketone,優先化學品,,,,,,,
126-98-7,甲基丙烯腈,Methylacrylonitrile,優先化學品,,,,,,,
74-89-5,甲胺,Methylamine,優先化學品,,,,,,,
25639-42-3,甲基環己醇,Methylcyclohexanol,優先化學品,,,,,,,
583-60-8,甲基環己酮,Methylcyclohexanone,優先化學品,,,,,,,
5124-30-1,"亞甲基雙(4-環己異氰酸
酯)","Methylene bis(4-
cyclohexylisocyanate)",優先化學品,,,,,,,
6317-18-6,亞甲基雙硫氰酸酯,"Methylene
bis(thiocyanate)",優先化學品,,,,,,,
101-68-8,"4,4-異氰酸二苯甲烷","Methylene bisphenyl
isocyanate",優先化學品,,,,,,,
25550-51-0,甲基六氫酞酸酐,"Methylhexahydrophthali
c anhydride",優先化學品,,,,,,,
4253-34-3,甲基矽三醇三乙酸酯,"Methylsilanetriyl
triacetate",優先化學品,,,,,,,
64475-85-0,礦油精,"Mineral spirit (Mineral thinner, petroleum spirit,
white spirit)",優先化學品,,,,,,,
110-91-8,嗎啉,Morpholine,優先化學品,,,,,,,
1477-55-0,間二甲苯二胺,m-Xylenediamine,優先化學品,,,,,,,
3710-84-7,"N,N-二乙基羥胺","N,N-
Diethylhydroxylamine",優先化學品,,,,,,,
109-55-7,"N,N-二甲基-1,3-二胺基
丙烷","N,N-Dimethyl-1,3-
diaminopropane",優先化學品,,,,,,,
101-96-2,"N,N'-貳二級丁基對苯二
胺","N,N'-Di-sec-butyl-p-
phenyldiamine",優先化學品,,,,,,,
3069-29-2,"N-[3-(二甲氧基甲基矽基)
丙基]乙二胺","N-[3-
(dimethoxymethylsilyl)pr opyl]ethylenediamine",優先化學品,,,,,,,
140-31-8,N-胺乙基哌,N-Aminoethylpiperazine,優先化學品,,,,,,,
91-20-3,萘,Naphthalene,優先化學品,,,,,,,
111-36-4,異氰酸正丁酯,n-Butyl isocyanate,優先化學品,,,,,,,
110-54-3,正己烷,n-Hexane,優先化學品,,,,,,,
7440-02-0,鎳,Nickel,優先化學品,,,,,,,
13463-39-3,四羰化鎳,Nickel carbonyl,優先化學品,,,,,,,
12054-48-7,氫氧化鎳,Nickel(II) hydroxide,優先化學品,,,,,,,
1954/11/5,菸鹼,Nicotine,優先化學品,,,,,,,
7697-37-2,硝酸,Nitric acid,優先化學品,,,,,,,
7783-54-2,三氟化氮,Nitrogen trifluoride,優先化學品,,,,,,,
75-52-5,硝基甲烷,Nitromethane,優先化學品,,,,,,,
10024-97-2,一氧化二氮,Nitrous oxide,優先化學品,,,,,,,
941-69-5,N-苯基順丁烯二醯亞胺,N-phenylmaleimide,優先化學品,,,,,,,
88-12-0,N-乙烯基-2-吡咯酮,N-Vinyl-2-pyrrolidone,優先化學品,,,,,,,
95-48-7,鄰甲酚,o-Cresol,優先化學品,,,,,,,
556-67-2,八甲基環四矽氧烷,"Octamethylcyclotetrasilo
xane",優先化學品,,,,,,,
124-07-2,辛酸,Octanoic acid,優先化學品,,,,,,,
95-50-1,鄰-二氯苯,o-Dichlorobenzene,優先化學品,,,,,,,
120-80-9,鄰苯二酚,o-Dihydroxybenzene,優先化學品,,,,,,,
88-73-3,鄰氯硝基苯,o-Nitrochlorobenzene,優先化學品,,,,,,,
91-15-6,鄰-二腈苯,o-Phthalodinitrile,優先化學品,,,,,,,
144-62-7,草酸,Oxalic acid,優先化學品,,,,,,,
6153-56-6,草酸二水合物,Oxalic acid dihydrate,優先化學品,,,,,,,
23135-22-0,歐殺滅,Oxamyl,優先化學品,,,,,,,
7782-44-7,氧氣,Oxygen gas,優先化學品,,,,,,,
10028-15-6,臭氧,Ozone,優先化學品,,,,,,,
123-30-8,對胺基酚,p-Aminophenol,優先化學品,,,,,,,
4685-14-7,巴拉刈,Paraquat,優先化學品,,,,,,,
1910-42-5,二氧百草枯,Paraquat dichloride,優先化學品,,,,,,,
106-44-5,對甲酚,p-Cresol,優先化學品,,,,,,,
106-46-7,對二氯苯,p-Dichlorobenzene,優先化學品,,,,,,,
1960/11/7,對二甲胺基偶氮苯,"p- Dimethylaminoazobenze
ne",優先化學品,,,,,,,
112-05-0,壬酸,Pelargonic acid,優先化學品,,,,,,,
4067-16-7,五伸乙六胺,Pentaethylenehexamine,優先化學品,,,,,,,
79-21-0,過醋酸,Peroxyacetic acid,優先化學品,,,,,,,
8032-32-4,輕油精,Petroleum benzine,優先化學品,,,,,,,
8030-30-6,石油精,Petroleum naphtha,優先化學品,,,,,,,
108-95-2,酚,Phenol,優先化學品,,,,,,,
108-98-5,苯硫醇,Phenyl mercaptan,優先化學品,,,,,,,
140-29-4,苯乙腈,Phenylacetonitrile,優先化學品,,,,,,,
98-13-5,苯基三氯矽烷,Phenyltrichlorosilane,優先化學品,,,,,,,
298-02-2,福瑞松,Phorate,優先化學品,,,,,,,
7786-34-7,美文松,"Phosdrin
（Mevinphos）",優先化學品,,,,,,,
75-44-5,光氣,Phosgene,優先化學品,,,,,,,
7664-38-2,磷酸,Phosphoric acid,優先化學品,,,,,,,
10025-87-3,氧氯化磷,Phosphorus oxychloride,優先化學品,,,,,,,
10026-13-8,五氯化磷,"Phosphorus
pentachloride",優先化學品,,,,,,,
1314-56-3,五氧化二磷,Phosphorus pentoxide,優先化學品,,,,,,,
100-00-5,對-硝基氯苯,p-Nitrochlorobenzene,優先化學品,,,,,,,
100-02-7,對硝基酚,p-Nitrophenol,優先化學品,,,,,,,
28182-81-2,聚六亞甲基二異氰酸酯,"Poly(hexamethylene
diisocyanate)",優先化學品,,,,,,,
68131-40-8,"烷氧基聚乙烯氫氧基乙
醇","Polyethylene glycol
trimethylnonyl ether",優先化學品,,,,,,,
151-50-8,氰化鉀,Potassium cyanide,優先化學品,,,,,,,
7646-93-7,硫酸氫鉀,"Potassium hydrogen
sulphate",優先化學品,,,,,,,
1310-58-3,氫氧化鉀,Potassium hydroxide,優先化學品,,,,,,,
865-33-8,甲氧鉀,Potassium methoxide,優先化學品,,,,,,,
7757-79-1,硝酸鉀,Potassium nitrate,優先化學品,,,,,,,
12136-45-7,氧化鉀,Potassium oxide,優先化學品,,,,,,,
7722-64-7,過錳酸鉀,Potassium permanganate,優先化學品,,,,,,,
7727-21-1,過硫酸鉀,Potassium persulfate,優先化學品,,,,,,,
74-98-6,丙烷,Propane,優先化學品,,,,,,,
1979/9/4,丙酸,Propionic acid,優先化學品,,,,,,,
109-60-4,乙酸丙酯,Propyl acetate,優先化學品,,,,,,,
115-07-1,丙烯,Propylene,優先化學品,,,,,,,
98-73-7,對三級丁基苯甲酸,p-tert-Butylbenzoic acid,優先化學品,,,,,,,
89-32-7,焦蜜石酸二酐,Pyromellitic dianhydride,優先化學品,,,,,,,
123-75-1,吡咯啶,Pyrrolidine,優先化學品,,,,,,,
4080-31-3,四級銨鹽-15,Quaternium-15,優先化學品,,,,,,,
106-51-4,醌,Quinone,優先化學品,,,,,,,
8050/9/7,松香,Rosin,優先化學品,,,,,,,
10026-04-7,四氯化矽,Silcon tetrachloride,優先化學品,,,,,,,
7803-62-5,四氫化矽,"Silicon hydride
（Silane）",優先化學品,,,,,,,
7440-23-5,鈉,Sodium,優先化學品,,,,,,,
68411-30-3,烷基苯磺酸鈉,"Sodium
alkylbenzenesulfonate",優先化學品,,,,,,,
7681-38-1,硫酸氫鈉,Sodium bisulfate,優先化學品,,,,,,,
7631-90-5,亞硫酸氫鈉,Sodium bisulfite,優先化學品,,,,,,,
16940-66-2,硼氫化鈉,Sodium borohydride,優先化學品,,,,,,,
7775/9/9,氯酸鈉,Sodium chlorate,優先化學品,,,,,,,
7758-19-2,亞氯酸鈉,Sodium chlorite,優先化學品,,,,,,,
3926-62-3,氯乙酸鈉,Sodium chloroacetate,優先化學品,,,,,,,
143-33-9,氰化鈉,Sodium cyanide,優先化學品,,,,,,,
7775-14-6,二亞硫磺酸鈉,Sodium dithionite,優先化學品,,,,,,,
16893-85-9,氟矽酸鈉,Sodium fluorosilicate,優先化學品,,,,,,,
16721-80-5,硫氫化鈉,Sodium hydrosulfide,優先化學品,,,,,,,
1310-73-2,氫氧化鈉,Sodium hydroxide,優先化學品,,,,,,,
7681-52-9,次氯酸鈉,Sodium hypochlorite,優先化學品,,,,,,,
7681-57-4,偏二亞硫酸鈉,Sodium metabisulfite,優先化學品,,,,,,,
6834-92-0,偏矽酸鈉,Sodium metasilicate,優先化學品,,,,,,,
124-41-4,甲醇鈉,Sodium methylate,優先化學品,,,,,,,
7631-99-4,硝酸鈉,Sodium nitrate,優先化學品,,,,,,,
7632-00-0,亞硝酸鈉,Sodium nitrite,優先化學品,,,,,,,
137-20-2,"N-甲基-N-油醯基牛磺酸
鈉","Sodium N-methyl-N-
oleoyltaurate",優先化學品,,,,,,,
7632/4/4,過硼酸鈉,Sodium perborate,優先化學品,,,,,,,
15630-89-4,過碳酸鈉,Sodium percarbonate,優先化學品,,,,,,,
10101-50-5,過錳酸鈉,Sodium permanganate,優先化學品,,,,,,,
7775-27-1,過硫酸鈉,Sodium persulfate,優先化學品,,,,,,,
1313-82-2,硫化鈉,Sodium sulfide,優先化學品,,,,,,,
100-42-5,苯乙烯,Styrene,優先化學品,,,,,,,
5329-14-6,磺胺酸,Sulfamic acid,優先化學品,,,,,,,
7446/9/5,二氧化硫,Sulfur dioxide,優先化學品,,,,,,,
7446/11/9,三氧化硫,Sulfur trioxide,優先化學品,,,,,,,
7664-93-9,硫酸,Sulfuric acid,優先化學品,,,,,,,
61791-26-2,乙氧化牛脂胺,"Tallow amine
ethoxylated",優先化學品,,,,,,,
3006-82-4,"過氧-2-乙基己酸三級丁
酯","t-Butyl peroxy-2-
ethylhexanoate",優先化學品,,,,,,,
26748-41-4,過氧新癸酸三級丁酯,"t-Butyl
peroxyneodecanoate",優先化學品,,,,,,,
100-21-0,對苯二甲酸,Terephthalic acid,優先化學品,,,,,,,
75-91-2,過氧化三級丁醇,tert-Butyl hydroperoxide,優先化學品,,,,,,,
614-45-9,過氧苯甲酸三級丁酯,"tert-Butyl
peroxybenzoate",優先化學品,,,,,,,
5593-70-4,鈦酸四丁酯,Tetrabutyl titanate,優先化學品,,,,,,,
56-23-5,四氯化碳,Tetrachloromethane,優先化學品,,,,,,,
112-57-2,四伸乙五胺,Tetraethylenepentamine,優先化學品,,,,,,,
116-14-3,四氟乙烯,Tetrafluoroethylene,優先化學品,,,,,,,
109-99-9,四氫呋喃,Tetrahydrofuran,優先化學品,,,,,,,
85-43-8,四氫酞酸酐,"Tetrahydrophthalic
anhydride",優先化學品,,,,,,,
75-59-2,氫氧化四甲銨,"Tetramethylammonium
hydroxide",優先化學品,,,,,,,
75-76-3,四甲基矽烷,Tetramethylsilane,優先化學品,,,,,,,
1968/11/1,乙硫醇酸,Thioglycolic acid,優先化學品,,,,,,,
137-26-8,得恩地,Thiram,優先化學品,,,,,,,
7772-99-8,氯化錫(Ⅱ),Tin(Ⅱ) chloride,優先化學品,,,,,,,
53408-94-9,甲磺酸錫(Ⅱ),Tin(II) methanesulfonate,優先化學品,,,,,,,
7550-45-0,四氯化鈦,Titanium tetrachloride,優先化學品,,,,,,,
108-88-3,甲苯,Toluene,優先化學品,,,,,,,
584-84-9,"2,4-二異氰酸甲苯","Toluene 2,4-diisocyanate",優先化學品,,,,,,,
1991/8/7,"甲苯-2,6-二異氰酸酯","Toluene-2,6-diisocyanate",優先化學品,,,,,,,
64665-57-2,甲基苯并三唑鈉,Tolyltriazole sodium,優先化學品,,,,,,,
624-64-6,反 2-丁烯,trans-2-Butene,優先化學品,,,,,,,
87-90-1,三氯異三聚氰酸,Trichloroisocyanuric acid,優先化學品,,,,,,,
67-66-3,三氯甲烷,Trichloromethane,優先化學品,,,,,,,
10025-78-2,三氯矽烷,Trichlorosilane,優先化學品,,,,,,,
97-93-8,三乙基鋁,Triethylaluminum,優先化學品,,,,,,,
143-22-6,三甘醇單丁醚,Triethylene glycol monobutyl ether,優先化學品,,,,,,,
112-24-3,三伸乙四胺,Triethylenetetramine,優先化學品,,,,,,,
1115-99-7,三乙鎵,Triethylgallium,優先化學品,,,,,,,
1976/5/1,三氟乙酸,Trifluoroacetic acid,優先化學品,,,,,,,
552-30-7,"1,2,4-苯三甲酸酐",Trimellitic anhydride,優先化學品,,,,,,,
75-24-1,三甲基鋁,Trimethylaluminium,優先化學品,,,,,,,
75-50-3,三甲胺,Trimethylamine,優先化學品,,,,,,,
1445-79-0,三甲基鎵,Trimethylgallium,優先化學品,,,,,,,
112-02-7,氯化十六烷基三甲基銨,"Trimethylhexadecylamm
onium chloride",優先化學品,,,,,,,
3385-78-2,三甲基銦,Trimethylindium,優先化學品,,,,,,,
7778-53-2,磷酸三鉀,"Tripotassium
orthophosphate",優先化學品,,,,,,,
5064-31-3,氮基三乙酸三鈉鹽,"Trisodium
nitrilotriacetate",優先化學品,,,,,,,
7783-82-6,六氟化鎢,Tungsten hexafluoride,優先化學品,,,,,,,
8006-64-2,松節油,Turpentine,優先化學品,,,,,,,
1314-62-1,五氧化二釩,Vanadium pentaoxide,優先化學品,,,,,,,
1330-20-7,二甲苯,Xylenes,優先化學品,,,,,,,
7646-85-7,氯化鋅,Zinc chloride,優先化學品,,,,,,,
7440-66-6,鋅粉,Zinc powder,優先化學品,,,,,,,
7733-02-0,硫酸鋅,Zinc sulfate,優先化學品,,,,,,,
57-57-8,β-丙內酯,β-Propiolactone,優先化學品,,,,,,,
71751-41-2,阿巴汀,Abamectin,優先化學品,,,,,,,
103-90-2,對乙醯胺基苯酚,p-Acetamidophenol,優先化學品,,,,,,,
15972-60-8,拉草,Alachlor,優先化學品,,,,,,,
68002-97-1,乙氧化 C10-16 醇,"Alcohols, C10-16, ethoxylated",優先化學品,,,,,,,
68439-50-9,乙氧化 C12-14 醇,"Alcohols, C12-14, ethoxylated",優先化學品,,,,,,,
84133-50-6,乙氧化 C12-14 二級醇,"Alcohols, C12-14-secondary,
ethoxylated",優先化學品,,,,,,,
74499-34-6,丙氧化 C12-15 醇,"Alcohols,C12-15, propoxylated",優先化學品,,,,,,,
68213-23-0,乙氧化 C12-18 醇,"Alcohols,C12-18, ethoxylated",優先化學品,,,,,,,
68603-25-8,乙氧化丙氧化 C8-10 醇,"Alcohols, C8-10, ethoxylated
propoxylated",優先化學品,,,,,,,
68439-46-3,乙氧化 C9-11 醇,"Alcohols, C9-11, ethoxylated",優先化學品,,,,,,,
68037-49-0,烷基芳基磺酸鈉,Alkyl aryl sodium sulfonate,優先化學品,,,,,,,
90194-26-6,4-(C10-14)-烷基苯磺酸鈣鹽,"4-(C10-14)-
Alkylbenzenesulfonic acid, calcium salt",優先化學品,,,,,,,
70592-80-2,C10-16-烷基二甲基胺氧化物,"C10-16-Alkyldimethylamine
oxide",優先化學品,,,,,,,
13361-32-5,氰乙酸烯丙酯,Allyl cyanoacetate,優先化學品,,,,,,,
1745-81-9,2-烯丙基苯酚,2-Allylphenol,優先化學品,,,,,,,
10043-01-3,硫酸鋁,Aluminium sulfate,優先化學品,,,,,,,
13963-57-0,乙醯丙酮鋁,Aluminum acetylacetonate,優先化學品,,,,,,,
12005-57-1,鋁鈣氧化物,Aluminum calcium oxide,優先化學品,,,,,,,
39290-78-3,氯化羥基鋁硫酸鹽,"Aluminum chloride hydroxide
sulfate",優先化學品,,,,,,,
13530-50-2,磷酸二氫鋁,"Aluminum dihydrogen
phosphate",優先化學品,,,,,,,
13473-90-0,硝酸鋁,Aluminum nitrate,優先化學品,,,,,,,
24304-00-5,氮化鋁,Aluminum nitride,優先化學品,,,,,,,
60304-36-1,氟化鉀鋁,Aluminum potassium fluoride,優先化學品,,,,,,,
15096-52-3,氟鋁化鈉,Aluminum sodium fluoride,優先化學品,,,,,,,
11138-49-1,鋁鈉氧化物,Aluminum sodium oxide,優先化學品,,,,,,,
68155-06-6,"N,N-雙(羥乙基)C12-18 醯胺","Amides, C12-18, N,N-
bis(hydroxyethyl)",優先化學品,,,,,,,
68439-72-5,"乙氧化 C8-18 與 C18 不飽和烷基
胺","Amines, C8-18 and C18-
unsatd. alkyl, ethoxylated",優先化學品,,,,,,,
61791-14-8,乙氧化椰脂烷基胺,"Amines, coco alkyl,
ethoxylated",優先化學品,,,,,,,
68153-95-7,二-C12-18-烷基胺,"Amines, di-C12-18-alkyl",優先化學品,,,,,,,
68131-73-7,聚亞乙基聚胺,"Amines, polyethylenepoly-",優先化學品,,,,,,,
117-62-4,"2-胺基-1,5-萘二磺酸","2-Amino-1,5-
naphthalenedisulfonic acid",優先化學品,,,,,,,
5856-62-2,(+)-2-胺基-1-丁醇,(+)-2-Amino-1-butanol,優先化學品,,,,,,,
96-20-8,2-胺基-1-丁醇,2-Amino-1-butanol,優先化學品,,,,,,,
81-16-3,2-胺基-1-萘磺酸,"2-Amino-1-
naphthalenesulfonic acid",優先化學品,,,,,,,
99-55-8,2-胺基-4-硝基甲苯,2-Amino-4-nitrotoluene,優先化學品,,,,,,,
88-21-1,2-胺基苯磺酸,2-Aminobenzene sulfonic acid,優先化學品,,,,,,,
1758-73-2,胺基亞胺基甲亞磺酸,"Aminoiminomethanesulfinic
acid",優先化學品,,,,,,,
591-27-5,3-胺基酚,3-Aminophenol,優先化學品,,,,,,,
616-30-8,"3-胺基-1,2-丙二醇","3-Aminopropane-1,2-diol",優先化學品,,,,,,,
13822-56-5,(3-胺基丙基)三甲氧基矽烷,"(3-
Aminopropyl)trimethoxysilane",優先化學品,,,,,,,
919-30-2,3-胺丙基三乙氧基矽烷,3-Aminopropyltriethoxysilane,優先化學品,,,,,,,
4418-61-5,5-胺基四唑,5-Aminotetrazole,優先化學品,,,,,,,
2235-54-3,硫酸單十二酯銨鹽,Ammonium dodecyl sulfate,優先化學品,,,,,,,
1336-21-6,氫氧化銨,Ammonium hydroxide,優先化學品,,,,,,,
7803-55-6,偏釩酸銨,Ammonium motavanadate,優先化學品,,,,,,,
15545-97-8,"2,2'-偶氮雙(4-甲氧基-2,4-二甲基
戊腈)","2,2'-Azobis(4-methoxy-2,4-dimethylpentanenitrile)",優先化學品,,,,,,,
10326-27-9,氯化鋇二水合物,"Barium chloride, dihydrate",優先化學品,,,,,,,
22326-55-2,氫氧化鋇一水合物,"Barium hydroxide,
monohydrate",優先化學品,,,,,,,
12069-69-1,鹼式碳酸銅,Basic copper carbonate,優先化學品,,,,,,,
8001-54-5,氯化苄二鉀烴銨,Benzalkonium chloride,優先化學品,,,,,,,
1998/11/3,苯磺酸,Benzenesulfonic acid,優先化學品,,,,,,,
139-07-1,氯化十二烷基二甲基苄銨,Benzododecinium chloride,優先化學品,,,,,,,
119-61-9,二苯基酮,Benzophenone,優先化學品,,,,,,,
16432-81-8,丙烯酸 2-(4-苯甲醯-3-羥苯氧基)乙酯,2-(4-Benzoyl-3-hydroxyphenoxy)ethyl acrylate,優先化學品,,,,,,,
68424-85-1,苄基-C12-16-烷基二甲基銨氯化物,"Benzyl-C12-16- alkyldimethylammonium
chloride",優先化學品,,,,,,,
68391-01-5,苄基-C12-18-烷基二甲基銨氯化物,"Benzyl-C12-16- alkyldimethylammonium
chloride",優先化學品,,,,,,,
122-57-6,亞苄丙酮,Benzylidene acetone,優先化學品,,,,,,,
102561-46-6,"4-羥基-1-萘磺酸 N,N,N,-三丁基苯甲銨鹽","Benzyltributylammonium 4- hydroxynaphthalene-1-
sulfonate",優先化學品,,,,,,,
366-18-7,聯吡啶,Bipyridine,優先化學品,,,,,,,
553-26-4,"4,4'-聯吡啶","4,4'-Bipyridyl",優先化學品,,,,,,,
2778-42-9,"1,3-雙(1-異氰酸基-1-甲基乙基)苯","1,3-Bis(1-isocyanato-1-methylethyl)benzene",優先化學品,,,,,,,
52829-07-9,"泌脂酸雙(2,2,6,6-四甲基-4-哌啶)
酯","Bis(2,2,6,6-tetramethyl-4-piperidyl) sebacate",優先化學品,,,,,,,
103-23-1,己二酸雙(2-乙基己基)酯,Bis(2-ethylhexyl) adipate,優先化學品,,,,,,,
10563-26-5,"1,2-雙(3-胺基丙胺基)乙烷","1,2-Bis(3-aminopropylamino)ethane",優先化學品,,,,,,,
895-85-2,雙(4-甲基苯甲醯基)過氧化物,Bis(4-methylbenzoyl)peroxide,優先化學品,,,,,,,
143-23-7,雙(六亞甲基)三胺,Bis(hexamethylene)triamine,優先化學品,,,,,,,
61788-63-4,二(氫化牛脂烷基)甲基胺,"Bis(hydrogenated
tallowalkyl)methylamine",優先化學品,,,,,,,
25854-16-4,"1,2-雙(異氰酸基甲基)苯","1,2-Bis(isocyanatomethyl)benzene",優先化學品,,,,,,,
3634-83-1,"1,3-雙(異氰酸基甲基)苯","1,3-Bis(isocyanatomethyl)benzene",優先化學品,,,,,,,
13676-54-5,"4,4'-雙(順丁烯二醯亞胺苯基)甲
烷","4,4'-Bis(maleimidophenyl)methane",優先化學品,,,,,,,
82985-35-1,雙(3-三甲氧矽基丙基)胺,"Bis(trimethoxysilylpropyl)ami
ne",優先化學品,,,,,,,
10294-34-5,三氯化硼,Boron trichloride,優先化學品,,,,,,,
52-51-7,"2-溴-2-硝基-1,3-丙二醇","2-Bromo-2-nitro-1,3-propanediol",優先化學品,,,,,,,
16079-88-2,"1-溴-5-氯-5,5-二甲基海因","1-Bromo-3-chloro-5,5-dimethylhydantoin",優先化學品,,,,,,,
32718-18-6,"溴氯-5,5-二甲基咪唑啶-2,4-二酮","1-Bromo-3-chloro-5,5- dimethylimidazolidine-2,4-
dione",優先化學品,,,,,,,
110-60-1,"1,4-丁二胺","Butane-1,4-diamine",優先化學品,,,,,,,
91788-83-9,"1,2,3,4-丁四甲酸四(1,2,2,6,6-五甲
基-4-哌啶基)酯","1,2,3,4-
Butanetetracarboxylicacid,tetra kis(1,2,2,6,6-pentamethyl-4- piperidinyl) ester",優先化學品,,,,,,,
57018-52-7,1-三級丁氧基-2-丙醇,1-tert-Butoxypropan-2-ol,優先化學品,,,,,,,
13122-18-4,"3,5,5- 三甲基過氧己酸三級丁基
酯","tert-Butyl 3,5,5-
trimethylperoxyhexanoate",優先化學品,,,,,,,
12788-93-1,酸式磷酸丁酯,Butyl acid phosphate,優先化學品,,,,,,,
1623-15-0,磷酸單丁酯,Butyl dihydrogen phosphate,優先化學品,,,,,,,
7397-62-8,羥乙酸丁酯,Butyl glycolate,優先化學品,,,,,,,
2372-21-6,"O,O-過氧碳酸三級丁酯異丙酯","O,O-tert-Butyl isopropyl
monoperoxycarbonate",優先化學品,,,,,,,
97-88-1,甲基丙烯酸丁酯,Butyl methacrylate,優先化學品,,,,,,,
107-71-1,過氧乙酸三級丁基酯,tert-Butyl peracetate,優先化學品,,,,,,,
2409-55-4,2-三級丁基-4-甲酚,2-tert-Butyl-4-methylphenol,優先化學品,,,,,,,
109-73-9,丁胺,Butylamine,優先化學品,,,,,,,
69739-34-0,三氟甲磺酸三級丁基二甲矽基酯,"tert-Butyldimethylsilyl
trifluoromethanesulfonate",優先化學品,,,,,,,
594-19-4,三級丁基鋰,tert-Butyllithium,優先化學品,,,,,,,
88-60-8,6-三級丁基鄰甲酚,6-tert-Butyl-m-cresol,優先化學品,,,,,,,
89-72-5,鄰-第二丁酚,o-sec-Butyl-phenol,優先化學品,,,,,,,
110-65-6,"1,4-丁炔二醇","1,4-Butynediol",優先化學品,,,,,,,
96-48-0,γ-丁內酯,γ-Butyrolactone,優先化學品,,,,,,,
1934-21-0,C.I.酸性黃 23,C.I. Acid Yellow 23,優先化學品,,,,,,,
54060-92-3,C.I.鹼性黃 28,C.I. Basic Yellow 28,優先化學品,,,,,,,
2475-44-7,C.I.分散藍 14,C.I. Disperse Blue 14,優先化學品,,,,,,,
6408-72-6,C.I.分散紫 26,C.I. Disperse violet 26,優先化學品,,,,,,,
71872-76-9,C.I.活性藍 160,C.I. Reactive Blue 160,優先化學品,,,,,,,
20262-58-2,C.I.活性橙 16,C.I. Reactive Orange 16,優先化學品,,,,,,,
12225-83-1,C.I.活性橙 7,C.I. Reactive Orange 7,優先化學品,,,,,,,
7758-23-8,磷酸二氫鈣,Calcium dihydrogenphoshate,優先化學品,,,,,,,
7789-79-9,次磷酸鈣,Calcium hypophosphite,優先化學品,,,,,,,
10124-37-5,硝酸鈣,Calcium nitrate,優先化學品,,,,,,,
13477-34-4,四水合硝酸鈣,Calcium nitrate tetrahydrate,優先化學品,,,,,,,
63-25-2,加保利,Carbaryl,優先化學品,,,,,,,
353-50-4,二氟化羰基,Carbonyl difluoride,優先化學品,,,,,,,
55285-14-8,丁基加保扶,Carbosulfan,優先化學品,,,,,,,
5994-61-6,N-(羧甲基)-N-(膦醯甲基)甘胺酸,"N-(Carboxymethyl)-N-
(phosphonomethyl)glycine",優先化學品,,,,,,,
15263-52-2,培丹,Cartap,優先化學品,,,,,,,
27164-46-1,頭孢唑啉鈉,Cefazolin sodium,優先化學品,,,,,,,
12014-56-1,氫氧化鈰,Cerium hydroxide,優先化學品,,,,,,,
3327-22-8,氯化 3-氯-2-羥丙基三甲基銨,"(3-Chloro-2-
hydroxypropyl)trimethylammo nium chloride",優先化學品,,,,,,,
6283-25-6,2-氯-5-硝基苯胺,2-Chloro-5-nitroaniline,優先化學品,,,,,,,
1897-45-6,四氯異苯腈,Chlorothalonil,優先化學品,,,,,,,
69-09-0,氯丙啡噻胼鹽酸鹽,Chlorpromazine hydrochloride,優先化學品,,,,,,,
2921-88-2,陶斯松,Chlorpyrifos,優先化學品,,,,,,,
7440-47-3,鉻,Chromium,優先化學品,,,,,,,
12336-95-7,硫酸羥鉻,Chromium hydroxide sulfate,優先化學品,,,,,,,
1308-38-9,氧化鉻(III),Chromium(III) oxide,優先化學品,,,,,,,
93107-08-5,環丙沙星鹽酸鹽,Ciprofloxacin hydrochloride,優先化學品,,,,,,,
68457-13-6,硼酸新癸酸鈷,Cobalt borate neodecanoate,優先化學品,,,,,,,
68140-01-2,胺基丙基二甲基椰脂醯胺,"Cocamidopropyldimethylamid
e",優先化學品,,,,,,,
61789-71-7,椰脂烷基二甲基苄基銨氯化物,"Cocoalkyl dimethylbenzylammonium
chloride",優先化學品,,,,,,,
10380-28-6,快得寧,Copper 8-quinolinol,優先化學品,,,,,,,
3251-23-8,硝酸銅,Copper nitrate,優先化學品,,,,,,,
7758-99-8,硫酸銅(II)五水合物,Copper sulfate pentahydrate,優先化學品,,,,,,,
56-72-4,蠅毒磷,Coumaphos,優先化學品,,,,,,,
123-73-9,巴豆醛,Crotonaldehyde,優先化學品,,,,,,,
294-93-9,12-冠醚-4,12-Crown-4,優先化學品,,,,,,,
10031-43-3,硝酸銅,Cupric nitrate trihydrate,優先化學品,,,,,,,
372-09-8,氰乙酸,Cyanoacetic acid,優先化學品,,,,,,,
110-82-7,環己烷,Cyclohexane,優先化學品,,,,,,,
2579-20-6,"1,3-環己二甲胺","1,3-Cyclohexanedimethanamine",優先化學品,,,,,,,
14228-73-0,"1,4-環己烷二甲醇二環氧丙基醚","1,4-Cyclohexanedimethanol
diglycidyl ether",優先化學品,,,,,,,
12262-58-7,環己酮過氧化物,"Cyclohexanone, peroxide",優先化學品,,,,,,,
52315-07-8,賽滅寧,Cypermethrin,優先化學品,,,,,,,
91-17-8,十氫萘,Decahydronaphthalene,優先化學品,,,,,,,
298-07-7,二(2-乙基己基)磷酸,"Di(2-ethylhexyl)phosphoric
acid",優先化學品,,,,,,,
24424-99-5,貳(三級丁基)碳酸酯,Di(tert-butyl) carbonate,優先化學品,,,,,,,
999-21-3,順丁烯二酸二烯丙基酯,Diallyl maleate,優先化學品,,,,,,,
131-17-9,鄰苯二甲酸二烯丙酯,Diallyl phthalate,優先化學品,,,,,,,
124-02-7,二烯丙胺,Diallylamine,優先化學品,,,,,,,
1333-88-6,鋁酸鈷,Dialuminium cobalt tetraoxide,優先化學品,,,,,,,
88-63-1,"2,4-二胺基苯磺酸","2,4-Diaminobenzene sulfonic
acid",優先化學品,,,,,,,
56-18-8,"3,3'-二胺基二丙基胺","3,3'-Diaminodipropylamine",優先化學品,,,,,,,
109-76-2,"1,3-二胺基丙烷","1,3-Diaminopropane",優先化學品,,,,,,,
6674-22-2,"1,8-二氮雙環[5.4.0]十一碳-7-烯","1-8-Diazabicyclo[5.4.0]undec-
7-ene",優先化學品,,,,,,,
3001-72-7,"1,5-重氮雙環[4.3.0]壬-5-烯","1,5-Diazobicyclo[4.3.0]non-5-
ene",優先化學品,,,,,,,
19287-45-7,二硼烷,Diborane,優先化學品,,,,,,,
10222-01-2,"2,2-二溴-3-氮基丙醯胺","2,2-Dibromo-3-
nitrilopropionamide",優先化學品,,,,,,,
608-33-3,"2,6-二溴苯酚","2,6-Dibromophenol",優先化學品,,,,,,,
1809-19-4,亞磷酸二丁酯,Dibutyl phosphite,優先化學品,,,,,,,
1067-33-0,二乙酸二丁錫,Dibutyltin diacetate,優先化學品,,,,,,,
1978/4/6,順丁烯二酸二丁基錫,Dibutyltin maleate,優先化學品,,,,,,,
818-08-6,氧化二丁錫,Dibutyltin oxide,優先化學品,,,,,,,
68937-72-4,C4-11 二羧酸,C4-11 Dicarboxylic acids,優先化學品,,,,,,,
68603-87-2,C4-6 二羧酸,"Dicarboxylic acids, C4-6",優先化學品,,,,,,,
64359-81-5,"4,5-二氯-2-正辛基-4-異噻唑啉-3-
酮","4-5-Dichloro-2-n-octyl-4-
isothiazolin-3-one",優先化學品,,,,,,,
34893-92-0,"1,3-二氯-5-異氰酸基苯","1,3-Dichloro-5-isocyanatobenzene",優先化學品,,,,,,,
2893-78-9,二氯異三聚氰酸鈉鹽,"Dichloroisocyanuric acid,
sodium salt",優先化學品,,,,,,,
36734-19-7,貝芬同,"3-(3,5-Dichlorophenyl)-2,4- dioxo-N- isopropylimidazolidine-1-
carboxamide",優先化學品,,,,,,,
78-88-6,"2,3-二氯丙烯","2,3-Dichloropropene",優先化學品,,,,,,,
15307-79-6,二氯芬酸鈉鹽,Diclofenac sodium,優先化學品,,,,,,,
61789-77-3,二椰脂二甲基銨氯化物,"Dicocodimethylammonium
chloride",優先化學品,,,,,,,
538-75-0,二(環己亞胺)甲烷,"N,N-
Dicyclohexylcarbodiimide",優先化學品,,,,,,,
7173-51-5,氯化二癸二甲基銨,"Didecyldimethylammonium
chloride",優先化學品,,,,,,,
3179-76-8,3-(二乙氧基)甲基矽基丙胺,"3-
(Diethoxymethylsilyl)propyla mine",優先化學品,,,,,,,
91-66-7,"N,N-二乙基苯胺","N,N-Diethykaniline",優先化學品,,,,,,,
2524/4/1,"O,O-二乙基硫代磷醯氯","O,O-Diethyl
phosphorochloridothioate",優先化學品,,,,,,,
627-54-3,二乙基碲,Diethyl telluride,優先化學品,,,,,,,
1996/10/6,氯化二乙基鋁,Diethylaluminum chloride,優先化學品,,,,,,,
4074-88-8,二甘醇二丙烯酸酯,Diethylene glycol diacrylate,優先化學品,,,,,,,
120570-77-6,二乙二醇二甲酸酯,Diethylene glycol diformate,優先化學品,,,,,,,
557-20-0,二乙鋅,Diethylzinc,優先化學品,,,,,,,
5026-74-4,"4-(二環氧丙基胺基)苯基環氧丙
基醚","4-(Diglycidylamino)phenyl
glycidyl ether",優先化學品,,,,,,,
593-85-1,碳酸胍,Diguanidinium carbonate,優先化學品,,,,,,,
92-88-6,"4,4'-二羥基聯苯",4-4'-Dihydroxydiphenyl,優先化學品,,,,,,,
92-44-4,"2,3-二羥基萘","2,3-Dihydroxynaphthalene",優先化學品,,,,,,,
1779-25-5,氯化二異丁基鋁,Diisobutylaluminum chloride,優先化學品,,,,,,,
74091-64-8,"2,5(或2,6)-雙(異氰酸根甲基)雙環 [2.2.1]庚烷","2,5(or 2,6)-
Diisocyanatomethylbicyclo[2.2
.1]heptane",優先化學品,,,,,,,
108-18-9,二異丙胺,Diisopropylamine,優先化學品,,,,,,,
26762-93-6,過氧化二異丙苯,"Diisopropylbenzene
hydroperoxide",優先化學品,,,,,,,
120-20-7,"2-(3,4-二甲氧基苯基)乙胺","2-(3,4-
Dimethoxyphenyl)ethylamine",優先化學品,,,,,,,
2524-03-0,二甲基硫代磷醯氯,Dimethyl chlorothiophosphate,優先化學品,,,,,,,
624-48-6,順丁烯二酸二甲酯,Dimethyl maleate,優先化學品,,,,,,,
868-85-9,磷酸二甲酯,Dimethyl phosphonate,優先化學品,,,,,,,
78-63-7,"2,5-二甲基-2,5-貳(三級丁基過氧)
己烷","2,5-Dimethyl-2,5-di(tert-
butylperoxy)hexane",優先化學品,,,,,,,
80-73-9,"1,3-二甲基-2-咪唑啶酮","1,3-Dimethyl-2-
imidazolidinone",優先化學品,,,,,,,
2680/3/7,"N,N-二甲基丙烯醯胺","N,N-Dimethylacrylamide",優先化學品,,,,,,,
1704-62-7,2-[2-(二甲基胺基)乙氧基]乙醇,"2-[2-
(Dimethylamino)ethoxy]ethano l",優先化學品,,,,,,,
7651/2/7,N-[3-(二甲胺基)丙基]十八醯胺,"N-[3-
(Dimethylamino)propyl]octade camide",優先化學品,,,,,,,
61788-93-0,二甲基椰脂胺,Dimethylcocoamine,優先化學品,,,,,,,
98-94-2,二甲基環己胺,Dimethylcyclohexylamine,優先化學品,,,,,,,
1120-24-7,"N,N-二甲基癸-1-胺","N,N-Dimethyldecan-1-amine",優先化學品,,,,,,,
112-69-6,"N,N-二甲基-1-十六胺","N,N-Dimethylhexadecylamine",優先化學品,,,,,,,
1118-92-9,"N,N-二甲基辛醯胺","N,N-Dimethyloctanamide",優先化學品,,,,,,,
105-67-9,"2,4-二甲酚","2,4-Dimethylphenol",優先化學品,,,,,,,
126-30-7,"2,2-二甲基-1,3-丙二醇","2,2-Dimethylpropane-1,3-diol",優先化學品,,,,,,,
99-97-8,"N,N-二甲基對甲苯胺","N,N-Dimethyl-p-toluidine",優先化學品,,,,,,,
71750-79-3,3-[2-(胺乙基)胺基]丙基甲基二甲基矽氧烷,"Dimethylsiloxane, 3-[2-
(aminoethyl)amino]propyl methyl",優先化學品,,,,,,,
106842-44-8,3-[2-(胺乙基)胺基]-2-異丁基甲基二甲基矽氧烷,"Dimethylsiloxane,3-[(2- aminoethyl)amino]-2-isobutyl
methyl",優先化學品,,,,,,,
112-75-4,二甲基十四胺,Dimethyltetradecylamine,優先化學品,,,,,,,
3542-36-7,二辛基錫二氯化物,Dioctylstannium dichloride,優先化學品,,,,,,,
4712-55-4,亞磷酸二苯酯,Diphenyl phosphonate,優先化學品,,,,,,,
1980/10/4,二苯二氯矽烷,Diphenyldichlorosilane,優先化學品,,,,,,,
142-84-7,二正丙胺,Dipropylamine,優先化學品,,,,,,,
1590-87-0,二矽烷,Disilane,優先化學品,,,,,,,
13870-28-5,二矽酸二鈉,Disodium disilicate,優先化學品,,,,,,,
10213-79-3,矽酸二鈉五水合物,"Disodium silicate,
pentahydrate",優先化學品,,,,,,,
61789-80-8,二牛脂二甲基銨氯化物,"Ditallow dimethyl ammonium
chloride",優先化學品,,,,,,,
110-05-4,過氧化二(三級丁基),Di-tert-butyl peroxide,優先化學品,,,,,,,
96-76-4,"2,4-貳三級丁基苯酚","2,4-Di-tert-butylphenol",優先化學品,,,,,,,
120-95-6,"2,4-貳三級戊基苯酚","2,4-Di-tert-pentylphenol",優先化學品,,,,,,,
28519-02-0,十二基(磺苯氧基)-苯磺酸二鈉鹽,"Dodecyl(sulfophenoxy)benzen
esulfonic acid, disodium salt",優先化學品,,,,,,,
1643-20-5,十二烷基二甲基胺氧化物,Dodecyldimethylamine oxide,優先化學品,,,,,,,
9002-92-0,α-十二基-ω-羥基聚氧乙烯,"α-Dodecyl-ω-hydroxy-
polyoxyethylene",優先化學品,,,,,,,
136434-34-9,杜洛西丁鹽酸鹽,Duloxetine hydrochloride,優先化學品,,,,,,,
26761-45-5,"新癸酸 2,3-環氧丙酯","2,3-Epoxypropyl neodecanoate",優先化學品,,,,,,,
563-12-2,愛殺松,Ethion,優先化學品,,,,,,,
7328-17-8,丙烯酸乙氧基乙氧基乙酯,Ethoxyethoxyethyl acrylate,優先化學品,,,,,,,
37203-76-2,磷酸乙酯,Ethyl phosphate,優先化學品,,,,,,,
94-96-2,"2-乙基-1,3-己二醇","2-Ethyl-1,3-hexanediol",優先化學品,,,,,,,
23996-25-0,2-乙基-4-甲基-1H-咪唑-1-丙腈,"2-Ethyl-4-methylimidazole-1-
propionitrile",優先化學品,,,,,,,
2224-15-9,乙二醇二環氧丙基醚,"Ethylene glycol diglycidyl
ether",優先化學品,,,,,,,
3586-55-8,(伸乙二氧基)二甲醇,(Ethylenedioxy)dimethanol,優先化學品,,,,,,,
12645-31-7,磷酸 2-乙基己酯,2-Ethylhexyl phosphate,優先化學品,,,,,,,
78-27-3,1-乙炔基環己醇,1-Ethynylcyclohexanol,優先化學品,,,,,,,
97-53-0,丁香酚,Eugenol,優先化學品,,,,,,,
122-14-5,撲滅松,Fenitrothion,優先化學品,,,,,,,
10421-48-4,硝酸鐵,Ferric nitrate,優先化學品,,,,,,,
13478-10-9,氯化亞鐵四水合物,"Ferrous chloride, tetrahydrate",優先化學品,,,,,,,
1998/1/1,呋喃甲醛,Furfural,優先化學品,,,,,,,
7440-55-3,鎵,Gallium,優先化學品,,,,,,,
7782-65-2,四氫化鍺,Germanium tetrahydride,優先化學品,,,,,,,
13453-07-1,三氯化金,Gold trichloride,優先化學品,,,,,,,
21652-27-7,"(Z)-2-(8-十七烯基)-4,5-二氫-1H-
咪唑-1-乙醇","(Z)-2-(8-Heptadecenyl)-4,5- dihydro-1H-imidazole-1-
ethanol",優先化學品,,,,,,,
111-14-8,庚酸,Heptanoic acid,優先化學品,,,,,,,
3031-66-1,"3-己炔-2,5-二醇","3-Hexyne-2,5-diol",優先化學品,,,,,,,
10034-93-2,硫酸肼,Hydrazine sulfate,優先化學品,,,,,,,
10034-85-2,氫碘酸,Hydriodic acid,優先化學品,,,,,,,
55919-77-2,"丙烯酸 3-羥基-2,2-雙(羥基甲基)
丙酯","3-Hydroxy-2,2- bis(hydroxymethyl)propyl
acrylate",優先化學品,,,,,,,
1115-20-4,"3-羥基-2,2-二甲基丙酸 3-羥基-
2,2-二甲基丙酯","3-Hydroxy-2,2-dimethylpropyl 3-hydroxy-2,2-
dimethylpropionate",優先化學品,,,,,,,
92-70-6,3-羥基-2-萘甲酸,3-Hydroxy-2-naphthoic acid,優先化學品,,,,,,,
583-91-5,2-羥基-4-甲硫基丁酸,"2-Hydroxy-4-
(methylthio)butyric acid",優先化學品,,,,,,,
4065-45-6,2-羥基-4-甲氧二苯基酮-5-磺酸,"2-Hydroxy-4- methoxybenzophenone-5-
sulfonic acid",優先化學品,,,,,,,
1333-39-7,羥基苯磺酸,Hydroxybenzenesulfonic acid,優先化學品,,,,,,,
107-75-5,7-羥香茅醛,7-Hydroxycitronellal,優先化學品,,,,,,,
542-59-6,乙酸 2-羥乙酯,2-Hydroxyethyl acetate,優先化學品,,,,,,,
68140-00-1,N-(羥乙基)椰脂醯胺,N-(Hydroxyethyl) cocoamide,優先化學品,,,,,,,
61791-39-7,"1-(2- 羥乙基)-2-( 松油烷基)-2- 咪
唑啉","1-(2-Hydroxyethyl)-2-(tall oil
alkyl)-2-imidazoline",優先化學品,,,,,,,
111-57-9,N-(2-羥乙基)硬脂醯胺,N-(2-Hydroxyethyl)stearamide,優先化學品,,,,,,,
288-32-4,咪唑,Imidazole,優先化學品,,,,,,,
142-73-4,亞胺基二乙酸,Iminodiacetic acid,優先化學品,,,,,,,
7440-74-6,銦,Indium,優先化學品,,,,,,,
7553-56-2,碘,Iodine,優先化學品,,,,,,,
55406-53-6,丁胺甲酸 3-碘-2-丙炔酯,"3-Iodo-2-propynyl
butylcarbamate",優先化學品,,,,,,,
10025-77-1,氯化鐵六水合物,"Iron chloride, hexahydrate",優先化學品,,,,,,,
79-30-1,異丁醯氯,Isobutyryl chloride,優先化學品,,,,,,,
5873-54-1,"1- 異氰酸基-2-(4- 異氰酸基苯甲
基)苯","1-Isocyanato-2-(4-
isocyanatobenzyl)benzene",優先化學品,,,,,,,
15396-00-6,3-異氰酸基丙基三甲氧基矽烷,3-Isocyanatopropyltrimethoxysil ane,優先化學品,,,,,,,
465-73-6,異艾劑,Isodrin,優先化學品,,,,,,,
26896-18-4,異壬酸,Isononanoic acid,優先化學品,,,,,,,
1795-48-8,異氰酸異丙酯,Isopropyl isocyanate,優先化學品,,,,,,,
1745-89-7,"4,4'-亞異丙基雙[2-烯丙基酚]","4,4'-Isopropylidenebis[2-
allylphenol]",優先化學品,,,,,,,
683-10-3,月桂基甜菜鹼,Lauryl betaine,優先化學品,,,,,,,
7447-41-8,氯化鋰,Lithium chloride,優先化學品,,,,,,,
21324-40-3,六氟磷酸鋰,"Lithium
hexafluorophosphate(1-)",優先化學品,,,,,,,
1310-66-3,氫氧化鋰一水合物,"Lithium hydroxide,
monohydrate",優先化學品,,,,,,,
865-34-9,甲氧鋰,Lithium methoxide,優先化學品,,,,,,,
12057-24-8,氧化鋰,Lithium oxide,優先化學品,,,,,,,
12031-80-0,過氧化鋰,Lithium peroxide,優先化學品,,,,,,,
141-82-2,丙二酸,Malonic acid,優先化學品,,,,,,,
12108-13-3,三羰基 2-甲基環戊二烯基錳,"Manganese 2- methylcyclopentadienyl
tricarbonyl",優先化學品,,,,,,,
2032-65-7,滅賜克,Mercaptodimethur,優先化學品,,,,,,,
107-96-0,3-氫硫丙酸,3-Mercaptopropionic acid,優先化學品,,,,,,,
105-13-5,4-甲氧基苯甲醇,4-Methoxybenzyl alcohol,優先化學品,,,,,,,
3121-61-7,丙烯酸甲氧基乙酯,Methoxyethyl acrylate,優先化學品,,,,,,,
5332-73-0,3-甲氧基丙胺,3-Methoxypropylamine,優先化學品,,,,,,,
2935-90-2,3-巰基丙酸甲酯,Methyl 3-mercaptopropionate,優先化學品,,,,,,,
74-99-7,甲基乙炔,Methyl acetylene,優先化學品,,,,,,,
19438-60-9,甲基六氫酞酐,"Methyl hexahydrophthalic
anhydride",優先化學品,,,,,,,
80-62-6,甲基丙烯酸甲酯,Methyl methacrylate,優先化學品,,,,,,,
80-47-7,1-甲基-1-(4-甲基環己基)乙基過氧化氫,"1-Methyl-1-(4- methylcyclohexyl)ethyl
hydroperoxide",優先化學品,,,,,,,
563-45-1,3-甲基-1-丁烯,3-Methyl-1-butene,優先化學品,,,,,,,
88477-37-6,"2,2'-[[(甲基-1H-苯并三唑-1-基)甲基]亞胺基]雙乙醇","2,2'-[[(Methyl-1H-benzotriazol-1-yl)methyl]imino]bisethanol",優先化學品,,,,,,,
107-86-8,3-甲基-2-丁烯醛,3-Methyl-2-butenal,優先化學品,,,,,,,
760-93-0,2-甲基-2-丙烯酸酸酐,"2-Methyl-2-Propenoic acid
anhydride",優先化學品,,,,,,,
88-19-7,2-甲苯磺醯胺,2-Methylbenzenesulfonamide,優先化學品,,,,,,,
104-15-4,對甲苯磺酸,p-Methylbenzenesulfonic acid,優先化學品,,,,,,,
6192-52-5,4-甲基苯磺酸一水合物,"4-Methylbenzenesulfonic acid
monohydrate",優先化學品,,,,,,,
2536/5/2,"1,1'-亞甲基雙(2-異氰酸基苯)","1,1'-Methylenebis(2-
isocyanatobenzene)",優先化學品,,,,,,,
5625-90-1,"N,N'-亞甲基雙【口末】啉","N,N'-Methylenebismorpholine",優先化學品,,,,,,,
119-47-1,"2,2'-亞甲基雙(4-甲基-6-三級丁基
苯酚)","2,2'-Methylenedis(4-methyl-6-
tert-butylphenol)",優先化學品,,,,,,,
95-71-6,甲基氫醌,Methylhydroquinone,優先化學品,,,,,,,
616-47-7,1-甲基咪唑,1-Methylimidazole,優先化學品,,,,,,,
917-54-4,甲基鋰,Methyllithium,優先化學品,,,,,,,
676-58-4,氯化甲基镁,Methylmagnesium chloride,優先化學品,,,,,,,
109-02-4,甲基嗎福林,Methylmorpholine,優先化學品,,,,,,,
15520-10-2,2-甲基戊二胺,"2-
Methylpentamethylenediamine",優先化學品,,,,,,,
1070-03-7,磷酸單(2-乙基己基)酯,Mono(2-ethylhexyl)phosphate,優先化學品,,,,,,,
7378-99-6,"N,N-二甲基-1-辛胺","N,N-Dimethyloctan-1-amine",優先化學品,,,,,,,
571-60-8,"1,4-萘二醇","1,4-Naphthalenediol",優先化學品,,,,,,,
2820-51-1,菸鹼鹽酸鹽,Nicotine hydrochloride,優先化學品,,,,,,,
88-74-4,2-硝基苯胺,2-Nitroaniline,優先化學品,,,,,,,
55-63-0,硝化甘油,Nitroglycerin,優先化學品,,,,,,,
2235-00-9,N-乙烯基己內醯胺,N-Vinylcaprolactam,優先化學品,,,,,,,
112-03-8,氯化十八烷基三甲基銨,"Octadecytrimethylammonium
chloride",優先化學品,,,,,,,
28805-58-5,辛烯基丁二酸,Octenylsuccinic acid,優先化學品,,,,,,,
26530-20-1,2-正辛基-4-異噻唑啉-3-酮,2-n-Octy1-4-isothiazolin-3-one,優先化學品,,,,,,,
2687-94-7,N-正辛基-2-吡咯啶酮,N-(N-Octyl)-2-pyrrolidinone,優先化學品,,,,,,,
1806-26-4,對辛基苯酚,p-Octylphenol,優先化學品,,,,,,,
2646-15-3,油藍 N,Oil blue N,優先化學品,,,,,,,
112-90-3,油胺,Oleylamine,優先化學品,,,,,,,
1113-02-6,毆滅松,Omethoate,優先化學品,,,,,,,
5117/12/4,4-(1-側氧-2-丙烯基)【口末】啉,"4-(1-Oxo-2-propenyl)-
morpholine",優先化學品,,,,,,,
57472-68-1,"二丙烯酸氧代雙( 甲基-2,1- 乙二
基)酯","Oxybis(methyl-2,1-ethanediyl)
diacrylate",優先化學品,,,,,,,
301-12-2,滅多松,Oxydemeton-methyl,優先化學品,,,,,,,
80-51-3,"4,4'-氧雙(苯磺醯肼)","4,4'-
Oxydi(benzenesulfonohydrazid e)",優先化學品,,,,,,,
2657-87-6,"3,4'-氧二苯胺","3,4'-Oxydianiline",優先化學品,,,,,,,
73807-15-5,棕櫚仁油二乙醇醯胺,Palm kernel oil diethanolamide,優先化學品,,,,,,,
591-93-5,"1,4-戊二烯","1,4-Pentadiene",優先化學品,,,,,,,
2403-89-6,"1,2,2,6,6-五甲基-4-哌啶醇","1,2,2,6,6-Pentamethyl-4-
piperidinol",優先化學品,,,,,,,
3030-47-5,五甲基二伸乙三胺,Pentamethyldiethylenetriamine,優先化學品,,,,,,,
109-66-0,戊烷,Pentane,優先化學品,,,,,,,
57-33-0,戊巴比妥鈉,Pentobarbital sodium,優先化學品,,,,,,,
7601-90-3,過氯酸,Perchloric acid,優先化學品,,,,,,,
1977/9/8,酚酞,Phenolphthalein,優先化學品,,,,,,,
51630-58-1,芬化利,Phenvalerate,優先化學品,,,,,,,
122-60-1,苯基去水甘油醚,"Phenyl glycidyl etherpropene
oxide",優先化學品,,,,,,,
534-85-0,"N-苯基-1,2-苯二胺","N-Phenyl-1,2-
phenylenediamine",優先化學品,,,,,,,
936-49-2,2-苯基咪唑啉,2-Phenyl-2-imidazoline,優先化學品,,,,,,,
92-43-3,1-苯基-3-吡唑啉酮,1-Phenyl-3-pyrazolidone,優先化學品,,,,,,,
135-88-6,N-苯基-β-萘胺,N-Phenyl-beta-naphthylamine,優先化學品,,,,,,,
108-45-2,間伸苯二胺,m-Phenylenediamine,優先化學品,,,,,,,
95-54-5,鄰伸苯二胺,o-Phenylenediamine,優先化學品,,,,,,,
106-50-3,對-苯二胺,p-Phenylenediamine,優先化學品,,,,,,,
1960/12/8,2-苯乙醇,2-Phenylethanol,優先化學品,,,,,,,
1571-33-1,苯膦酸,Phenylphosphonic acid,優先化學品,,,,,,,
68954-77-8,二(C8-18 烷基)磷酸酯,"Phosphoric acid, di-C8-18-
alkyl esters",優先化學品,,,,,,,
1623-24-1,磷酸單(1-甲基乙基)酯,"Phosphoric acid, mono(1-
methylethyl)ester",優先化學品,,,,,,,
13598-36-2,亞磷酸,Phosphorous acid,優先化學品,,,,,,,
1314-85-8,三硫化四磷,Phosphorus sesquisulfide,優先化學品,,,,,,,
88-95-9,"1,2-苯二甲醯二氯",Phthaloyl dichloride,優先化學品,,,,,,,
110-85-0,哌【口井】,Piperazine,優先化學品,,,,,,,
103-76-4,2-(1-哌【口井】基)乙醇,2-(1-Piperazinyl)ethanol,優先化學品,,,,,,,
110-89-4,哌啶,Piperidine,優先化學品,,,,,,,
58253-49-9,"α,α'-[(9-十八烯基亞胺)二-2,1-亞乙基]-雙-(ω-羥基)聚氧乙烯","Poly(oxy-1,2-ethanediyl), α,α'- [(9-octadecen-1-ylimino)di-
2,1-ethanediyl]bis[ω-hydroxy-",優先化學品,,,,,,,
39423-51-3,聚醚胺 T403,Polyetheramine T403,優先化學品,,,,,,,
7440/9/7,鉀,Potassium,優先化學品,,,,,,,
13762-51-1,硼氫化鉀,Potassium borohydride,優先化學品,,,,,,,
13967-50-5,氰金酸鉀,Potassium cyanoaurate,優先化學品,,,,,,,
7789-23-3,氟化鉀,Potassium fluoride,優先化學品,,,,,,,
7789-29-9,二氟氫化鉀,Potassium hydrogendifluoride,優先化學品,,,,,,,
7758/5/6,碘酸鉀,Potassium iodate,優先化學品,,,,,,,
31795-24-1,甲基矽三醇鉀鹽,Potassium methylsilanetriolate,優先化學品,,,,,,,
7758-09-0,亞硝酸鉀,Potassium nitrite,優先化學品,,,,,,,
70693-62-8,過氧單硫酸鉀,Potassium peroxymonosulfate,優先化學品,,,,,,,
10058-23-8,過氧化單硫酸鉀鹽,Potassium peroxymonosulfate,優先化學品,,,,,,,
1312-76-1,矽酸鉀,Potassium silicate,優先化學品,,,,,,,
2312-35-8,毆蟎多,Propargite,優先化學品,,,,,,,
107-98-2,丙二醇甲醚,"Propylene glycol monomethyl
ether",優先化學品,,,,,,,
108-65-6,丙二醇甲醚乙酸酯,"Propylene glycol monomethyl
ether acetate",優先化學品,,,,,,,
78-90-0,"1,2-丙二胺","1,2-Propylenediamine",優先化學品,,,,,,,
130-86-9,原阿片鹼,Protopine,優先化學品,,,,,,,
13463-41-7,吡硫鋅,Pyrithione zinc,優先化學品,,,,,,,
616-45-5,2-吡咯啶酮,2-Pyrrolidone,優先化學品,,,,,,,
63449-41-2,芐基 C8-18  烷基二甲基四級銨氯化物,"Quaternary ammonium compounds, benzyl-C8-18-
alkyldimethyl, chlorides",優先化學品,,,,,,,
61790-47-4,松香胺,Rosin amine,優先化學品,,,,,,,
85536-14-7,4-C10-13-二級烷基苯磺酸,"4-C10-13-sec-
Alkylbenzenesulfonic acid",優先化學品,,,,,,,
7761-88-8,硝酸銀,Silver nitrate,優先化學品,,,,,,,
506-61-6,氰化鉀銀,Silver potassium cyanide,優先化學品,,,,,,,
10294-26-5,硫酸銀,Silver sulfate,優先化學品,,,,,,,
126-92-1,硫酸 2-乙基己酯鈉,Sodium 2-ethylhexyl sulfate,優先化學品,,,,,,,
6152-33-6,2-羥基聯苯鈉四水合物,"Sodium 2-hydroxydiphenyl
tetrahydrate",優先化學品,,,,,,,
132-27-4,2-苯基苯酚鈉,Sodium 2-phenylphenolate,優先化學品,,,,,,,
1302-42-7,鋁酸鈉,Sodium aluminate,優先化學品,,,,,,,
134-03-2,抗壞血酸鈉,Sodium ascorbate,優先化學品,,,,,,,
7789-38-0,溴酸鈉,Sodium bromate,優先化學品,,,,,,,
141-52-6,乙氧鈉,Sodium ethoxide,優先化學品,,,,,,,
7681-49-4,氟化鈉,Sodium fluoride,優先化學品,,,,,,,
6362-79-4,5-磺酸間苯二甲酸單鈉鹽,"Sodium hydrogen-5-
sulfoisophthalate",優先化學品,,,,,,,
1333-83-1,二氟氫化鈉,Sodium hydrogendifluoride,優先化學品,,,,,,,
629-25-4,月桂酸鈉,Sodium laurate,優先化學品,,,,,,,
68585-47-7,十二烷基硫酸鈉,Sodium lauryl sulfate,優先化學品,,,,,,,
13517-24-3,偏矽酸鈉九水合物,"Sodium metasilicate
nonahydrate",優先化學品,,,,,,,
5188/7/8,甲硫醇鈉,Sodium methanethiolate,優先化學品,,,,,,,
73296-89-6,硫酸單-C12-16-烷基酯鈉,"Sodium mono-C12-16-alkyl
sulfate",優先化學品,,,,,,,
137-16-6,N-月桂醯肌胺酸鈉,Sodium N-lauroylsarcosinate,優先化學品,,,,,,,
10101-89-0,十二水合磷酸鈉,"Sodium orthophosphate
dodecahydrate",優先化學品,,,,,,,
7601-89-0,過氯酸鈉,Sodium perchlorate,優先化學品,,,,,,,
1344-09-8,矽酸鈉,Sodium silicate,優先化學品,,,,,,,
865-48-5,三級丁氧化鈉,Sodium tert-butoxide,優先化學品,,,,,,,
7646-78-8,氯化錫,Stannic chloride,優先化學品,,,,,,,
10025-69-1,氯化亞錫二水合物,Stannous chloride dihydrate,優先化學品,,,,,,,
8052-41-3,斯陶大溶劑,Stoddard solvent,優先化學品,,,,,,,
10476-85-4,氯化鍶,Strontium chloride,優先化學品,,,,,,,
10042-76-9,硝酸鍶,Strontium nitrate,優先化學品,,,,,,,
1314-11-0,氧化鍶,Strontium oxide,優先化學品,,,,,,,
110-61-2,丁二腈,Succinonitrile,優先化學品,,,,,,,
68608-15-1,磺酸烷烴鈉鹽,"Sulfonic acids, alkane, sodium salts",優先化學品,,,,,,,
85711-69-9,C13-17-二級烷磺酸鈉鹽,"Sulfonic acids, C13-17-sec-
alkane, sodium salts",優先化學品,,,,,,,
5965-83-3,5-磺基水楊酸二水合物,5-Sulfosalicylic acid dihydrate,優先化學品,,,,,,,
5138-18-1,磺丁二酸,Sulfosuccinic acid,優先化學品,,,,,,,
3689-24-5,硫特普,Sulfotep,優先化學品,,,,,,,
7791-25-5,硫醯二氯,Sulfuryl chloride,優先化學品,,,,,,,
8011-76-5,過磷酸,Superphosphates,優先化學品,,,,,,,
61790-33-8,牛脂胺,Tallow alkylamine,優先化學品,,,,,,,
61788-45-2,氫化牛脂烷基胺,"Tallow alkylamine,
hydrogenated",優先化學品,,,,,,,
61791-53-5,"N-牛脂烷基-1,3-丙二胺二油酸鹽","N-Tallow(alkyl)-1,3-
propanediamine dioleate",優先化學品,,,,,,,
13071-79-9,托福松,Terbufos,優先化學品,,,,,,,
68955-53-3,(C12-14)三級烷基胺,(C12-14)tert-Alkylamines,優先化學品,,,,,,,
169896-41-7,三級丁基亞胺基參(二乙胺基)鉭,"tert- Butylimidotris(diethylamido)ta
ntalum",優先化學品,,,,,,,
12004-88-5,四鋁鈣七氧化物,"Tetraaluminium calcium
heptaoxide",優先化學品,,,,,,,
1643-19-2,溴化四丁基銨,Tetrabutylammonium bromide,優先化學品,,,,,,,
1461-25-2,正丁基錫,Tetrabutyltin,優先化學品,,,,,,,
630-20-6,"1,1,1,2-四氯乙烷","1,1,1,2-Tetrachloroethane",優先化學品,,,,,,,
78-00-2,四乙基鉛,Tetraethyl lead,優先化學品,,,,,,,
26590-20-5,"1,2,3,6-四氫甲基酞酸酐","1,2,3,6-
Tetrahydromethylphthalic anhydride",優先化學品,,,,,,,
28768-32-3,"N,N,N',N'- 肆環氧丙基-4,4'- 亞甲基二苯胺","N,N,N',N'-Tetrakis(oxiran-2- ylmethyl)-4,4'-
methylenedianiline",優先化學品,,,,,,,
75-74-1,四甲基鉛,Tetramethyl lead,優先化學品,,,,,,,
85954-11-6,"2,2'-[(3,3',5,5'- 四甲基[1,1'- 聯苯]-
4,4'-二基)雙(氧亞甲基)]雙環氧乙烷","2,2'-((3,3',5,5'-Tetramethyl-
(1,1'-biphenyl)-4,4'-diyl)- bis(oxymethylene))-bis-oxirane",優先化學品,,,,,,,
7691/2/3,"1,1,3,3-四甲基-1,3-二乙烯基二矽
氮","1,1,3,3-Tetramethyl-1,3-
divinyl-disilazane",優先化學品,,,,,,,
2403-88-5,"2,2,6,6-四甲基-4-哌啶醇","2,2,6,6-Tetramethyl-4-
piperidinol",優先化學品,,,,,,,
36768-62-4,"2,2,6,6-四甲基-4-哌啶胺","2,2,6,6-Tetramethyl-4-
piperidylamine",優先化學品,,,,,,,
140-66-9,"4-(1,1,3,3-四甲基丁基)苯酚","4-(1,1,3,3-
Tetramethylbutyl)phenol",優先化學品,,,,,,,
111-18-2,"N,N,N',N'-四甲基-1,6-己二胺","N,N,N',N'-
Tetramethylhexamethylenedia mine",優先化學品,,,,,,,
7328-97-4,四酚乙烷-環氧氯丙烷樹脂,"Tetraphenyloethane-
epichlorohydrin resin",優先化學品,,,,,,,
1964/2/8,伸乙二胺四乙酸四鈉,"Tetrasodium
ethylenediaminetetraacetate",優先化學品,,,,,,,
21564-17-0,2-(氰硫基甲硫基)苯并噻唑,"2-
(Thiocyanatomethylthio)benzot hiazole",優先化學品,,,,,,,
2664-63-3,"4,4'-硫二苯酚","4,4'-Thiodiphenol",優先化學品,,,,,,,
60-24-2,硫甘醇,Thioglycol,優先化學品,,,,,,,
7719/9/7,氯化亞硫醯,Thionyl chloride,優先化學品,,,,,,,
23564-05-8,甲基硫菌靈,Thiophanate-methyl,優先化學品,,,,,,,
3982-91-0,三氯化硫磷醯,Thiophosphoryl trichloride,優先化學品,,,,,,,
89-83-8,瑞香酚,Thymol,優先化學品,,,,,,,
137330-13-3,替米考星磷酸鹽,Tilmicosin phosphate,優先化學品,,,,,,,
7488-55-3,硫酸錫(Ⅱ),Tin(II) sulfate,優先化學品,,,,,,,
7705/7/9,三氯化鈦,Titanium trichloride,優先化學品,,,,,,,
1576-35-8,對甲苯磺醯肼,p-Toluenesulfonyl hydrazide,優先化學品,,,,,,,
93-69-6,鄰甲苯縮二胍,o-Tolyl biguanide,優先化學品,,,,,,,
17689-77-9,三乙醯氧基乙基矽烷,Triacetoxyethylsilane,優先化學品,,,,,,,
102-70-5,三烯丙胺,Triallylamine,優先化學品,,,,,,,
1116-70-7,三丁基鋁,Tributylaluminium,優先化學品,,,,,,,
545-06-2,三氯乙腈,Trichloroacetonitrile,優先化學品,,,,,,,
41814-78-2,三環唑,Tricyclazole,優先化學品,,,,,,,
24801-88-5,三乙氧基(3-異氰酸丙基)矽烷,"Triethoxy(3-
isocyanatopropyl)silane",優先化學品,,,,,,,
12075-68-2,三氯化三乙基二鋁,"Triethyldialuminium
trichloride",優先化學品,,,,,,,
280-57-9,三伸乙二胺,Triethylenediamine,優先化學品,,,,,,,
420-46-2,"1,1,1-三氟乙烷","1,1,1-Trifluoroethane",優先化學品,,,,,,,
87-66-1,"1,2,3-三羥基苯","1,2,3-Trihydroxybenzene",優先化學品,,,,,,,
100-99-2,三(異丁基)鋁,Triisobutylaluminum,優先化學品,,,,,,,
2768/2/7,三甲氧基乙烯基矽烷,Trimethoxyvinylsilane,優先化學品,,,,,,,
3282-30-2,三甲基乙醯氯,Trimethylacetyl chloride,優先化學品,,,,,,,
75-77-4,三甲基氯矽烷,Trimethylchlorosilane,優先化學品,,,,,,,
471-01-2,"3,5,5-三甲基環己-3-烯-1-酮","3,5,5-Trimethylcyclohex-3-en-
1-one",優先化學品,,,,,,,
25620-58-0,三甲基六亞甲基二胺,"Trimethylhexamethylene
diamine",優先化學品,,,,,,,
3302/10/1,"3,5,5-三甲基己酸","3,5,5-Trimethylhexanoic acid",優先化學品,,,,,,,
52234-82-9,"三羥甲基丙烷-三(3-吖丙啶基丙
酸酯)","Trimethylolpropane tris(3-
aziridinylpropanoate)",優先化學品,,,,,,,
2416-94-6,"2,3,6-三甲基苯酚","2,3,6-Trimethylphenol",優先化學品,,,,,,,
603-36-1,三苯基銻,Triphenylantimony,優先化學品,,,,,,,
90-72-2,"2,4,6-參[(二甲胺基)甲基]苯酚","2,4,6-
Tris[(dimethylamino)methyl]p henol",優先化學品,,,,,,,
13674-87-8,磷酸參[2-氯-1-(氯甲基)乙基]酯,"Tris[2-chloro-1-
(chloromethyl)ethyl] phosphate",優先化學品,,,,,,,
13775-53-6,六氟鋁酸鈉,"Trisodium
hexafluoroaluminate",優先化學品,,,,,,,
7601-54-9,磷酸三鈉,Trisodium orthophosphate,優先化學品,,,,,,,
25155-23-1,磷酸三(二甲苯)基酯,Trixylyl phosphate,優先化學品,,,,,,,
112-38-9,十一烯酸,Undecylenic acid,優先化學品,,,,,,,
557-75-5,乙烯醇,Vinyl alcohol,優先化學品,,,,,,,
107-25-5,乙烯基甲基醚,Vinyl methyl ether,優先化學品,,,,,,,
75-94-5,乙烯基三氯矽烷,Vinyl trichlorosilane,優先化學品,,,,,,,
95-47-6,鄰二甲苯,o-Xylene,優先化學品,,,,,,,
108-38-3,間二甲苯,m-Xylene,優先化學品,,,,,,,
106-42-3,對-二甲苯,p-Xylene,優先化學品,,,,,,,
25321-41-9,二甲苯磺酸,Xylenesulfonic acid,優先化學品,,,,,,,
95-87-4,"2,5-二甲苯酚","2,5-Xylenol",優先化學品,,,,,,,
576-26-1,"2,6-二甲苯酚","2,6-Xylenol",優先化學品,,,,,,,
1300-71-6,二甲苯酚,Xylenol,優先化學品,,,,,,,
87-59-2,"2,3-二甲苯胺","2,3-Xylidine",優先化學品,,,,,,,
1300-73-8,二甲苯胺,Xylidine,優先化學品,,,,,,,
68457-79-4,二硫代磷酸二烷基鋅,Zinc dialkyl dithiophosphate,優先化學品,,,,,,,
10139-47-6,碘化鋅,Zinc iodide,優先化學品,,,,,,,
7446-20-0,硫酸鋅七水合物,Zinc sulfate heptahydrate,優先化學品,,,,,,,
7446-19-7,硫酸鋅一水合物,Zinc sulfate monohydrate,優先化學品,,,,,,,
12185-10-3,黃磷,Phosphorus (yellow),優先化學品,,,,,,,
7782-50-5,氯氣,Chlorine,優先化學品,,,,,,,
74-90-8,氰化氫,Hydrogen cyanide,優先化學品,,,,,,,
62-53-3,苯胺,Aniline,優先化學品,,,,,,,
75-15-0,二硫化碳,Carbon disulfide,優先化學品,,,,,,,
1979/1/6,三氯乙烯,Trichloroethylene,優先化學品,,,,,,,
75-21-8,環氧乙烷,Ethylene oxide,優先化學品,,,,,,,
1979/6/1,丙烯醯胺,Acrylamide,優先化學品,,,,,,,
151-56-4,次乙亞胺,Ethylenimine,優先化學品,,,,,,,
7439-92-1,鉛,Lead,優先化學品,,,,,,,
6080-56-4,乙酸鉛,Lead acetate,優先化學品,,,,,,,
301-08-6,2-乙基己酸鉛,Lead bis(2-ethylhexanoate),優先化學品,,,,,,,
598-63-0,碳酸鉛,Lead carbonate,優先化學品,,,,,,,
7758-95-4,氯化鉛,Lead chloride,優先化學品,,,,,,,
7758-97-6,鉻酸鉛,Lead chromate,優先化學品,,,,,,,
7783-46-2,氟化鉛,Lead fluoride,優先化學品,,,,,,,
10101-63-0,碘化鉛,Lead iodide,優先化學品,,,,,,,
1317-36-8,一氧化鉛,Lead monoxide,優先化學品,,,,,,,
61790-14-5,環烷酸鉛,Lead naphthenate,優先化學品,,,,,,,
1314-41-6,四氧化三鉛,Lead oxide,優先化學品,,,,,,,
1344-40-7,二鹼式亞磷酸鉛,"Lead phosphite, dibasic",優先化學品,,,,,,,
7446-14-2,硫酸鉛,Lead sulfate,優先化學品,,,,,,,
1314-87-0,硫化鉛,Lead sulfide,優先化學品,,,,,,,
1344-37-2,硫酸鉻酸鉛,Lead sulfochromate,優先化學品,,,,,,,
1319-46-6,鹼式碳酸鉛,Lead(II) carbonate basic,優先化學品,,,,,,,
17570-76-2,甲基磺酸鉛,Lead(II) methanesulfonate,優先化學品,,,,,,,
13424-46-9,疊氮化鉛,Lead azide,優先化學品,,,,,,,
1309-60-0,二氧化鉛,Lead dioxide,優先化學品,,,,,,,
10099-74-8,硝酸鉛,Lead nitrate,優先化學品,,,,,,,
13637-76-8,過氯酸鉛,Lead perchlorate,優先化學品,,,,,,,
63918-97-8,史蒂芬酸鉛,Lead styphnate,優先化學品,,,,,,,
69011-06-9,二鹼式鄰苯二甲酸鉛,Dibasic lead phthalate,優先化學品,,,,,,,
56189-09-4,二鹽基性硬脂酸鉛,Dioxobis(stearato)dilead,優先化學品,,,,,,,
51404-69-4,鹼式醋酸鉛,"Lead acetate, basic",優先化學品,,,,,,,
301-04-2,"醋酸鉛,無水","Lead acetate,anhydrous",優先化學品,,,,,,,
13510-89-9,銻酸鉛,Lead antimonate,優先化學品,,,,,,,
18454-12-1,鉻酸氧鉛,Lead chromate oxide,優先化學品,,,,,,,
20837-86-9,氰胺化鉛,Lead cyanamidate,優先化學品,,,,,,,
13814-96-5,氟硼酸鉛,Lead fluoborate,優先化學品,,,,,,,
19783-14-3,氫氧化鉛,Lead hydroxide,優先化學品,,,,,,,
12069-00-0,硒化鉛,Lead selenide,優先化學品,,,,,,,
10099-76-0,偏矽酸鉛(II),Lead silicate,優先化學品,,,,,,,
12578-12-0,三鹼式十八酸鉛,Lead stearate tribasic,優先化學品,,,,,,,
1335-32-6,次醋酸鉛,Lead subacetate,優先化學品,,,,,,,
546-67-8,四乙酸鉛,Lead tetraacetate,優先化學品,,,,,,,
12626-81-2,鉛鈦鋯氧化物,Lead titanium zirconium oxide,優先化學品,,,,,,,
12060-01-4,鉛鋯氧化物,Lead zirconium oxide,優先化學品,,,,,,,
11113-70-5,鹼式矽鉻酸鉛,"Lead   silicochromate, basic",優先化學品,,,,,,,
10031-22-8,溴化鉛(II),Lead(II) bromide,優先化學品,,,,,,,
10190-55-3,鉬酸鉛(II),Lead(II) molybdate,優先化學品,,,,,,,
1072-35-1,十八酸鉛(II),Lead(II) stearate,優先化學品,,,,,,,
12060-00-3,鈦酸鉛(II),Lead(II) titanate,優先化學品,,,,,,,
12202-17-4,三鹼式硫酸鉛,Tribasic lead sulfate,優先化學品,,,,,,,
13007-92-6,[六]羰鉻,Chromium carbonyl,優先化學品,,,,,,,
10294-40-3,鉻酸鋇,Barium chromate,優先化學品,,,,,,,
13765-19-0,鉻酸鈣,Calcium chromate,優先化學品,,,,,,,
24613-89-6,鉻酸鉻,Chromium chromate,優先化學品,,,,,,,
14977-61-8,氧氯化鉻,Chromium oxychloride,優先化學品,,,,,,,
14307-35-8,鉻酸鋰,Lithium chromate,優先化學品,,,,,,,
7789-00-6,鉻酸鉀,Potassium chromate,優先化學品,,,,,,,
7775/11/3,鉻酸鈉,Sodium chromate,優先化學品,,,,,,,
7789/6/2,鉻酸鍶,Strontium chromate,優先化學品,,,,,,,
13530-65-9,鉻酸鋅,Zine chromate,優先化學品,,,,,,,
1333-82-0,鉻酸,Chromic acid,優先化學品,,,,,,,
13548-38-4,硝酸鉻,Chromium nitrate,優先化學品,,,,,,,
7784/1/2,鉻酸銀,Silver chromate,優先化學品,,,,,,,
7788-98-9,鉻酸銨,Ammonium chromate,優先化學品,,,,,,,
7778-50-9,重鉻酸鉀,Potassium dichromate,優先化學品,,,,,,,
7789-12-0,重鉻酸鈉,Sodium dichromate,優先化學品,,,,,,,
7789/9/5,重鉻酸銨,Ammonium dichromate,優先化學品,,,,,,,
7439-97-6,汞,Mercury,優先化學品,,,,,,,
7487-94-7,氯化汞,Mercuric chloride,優先化學品,,,,,,,
7783-35-9,硫酸汞,Mercuric sulfate,優先化學品,,,,,,,
10112-91-1,氯化亞汞,Mercurous chloride,優先化學品,,,,,,,
1600-27-7,乙酸汞,Mercury acetate,優先化學品,,,,,,,
7789-47-1,溴化汞,Mercury bromide,優先化學品,,,,,,,
592-04-1,氰化汞,Mercury cyanide,優先化學品,,,,,,,
7774-29-0,碘化汞,Mercury iodide,優先化學品,,,,,,,
592-85-8,硫氰化汞,Mercury thiocyanate,優先化學品,,,,,,,
628-86-4,雷汞,Mercury fulminate,優先化學品,,,,,,,
7783-33-7,四碘汞酸二鉀,Dipotassium tetraiodomercurate,優先化學品,,,,,,,
10045-94-0,硝酸汞(II),Mercuric nitrate,優先化學品,,,,,,,
7783-34-8,硝酸汞一水合物,"Mercuric nitrate, monohydrate",優先化學品,,,,,,,
10415-75-5,硝酸亞汞,Mercurous nitrate,優先化學品,,,,,,,
100-56-1,氯化苯汞,Phenylmercury chloride,優先化學品,,,,,,,
7778-39-4,砷酸,Arsenic acid,優先化學品,,,,,,,
1303-28-2,五氧化二砷,Arsenic pentoxide,優先化學品,,,,,,,
1303-33-9,三硫化二砷,Arsenic trisulfide,優先化學品,,,,,,,
10048-95-0,砷酸氫二鈉七水合物,"Sodium acid arsenate
heptahydrate",優先化學品,,,,,,,
7784-46-5,亞砷酸鈉,Sodium arsenite,優先化學品,,,,,,,
7440-38-2,砷,Arsenic,優先化學品,,,,,,,
1327-53-3,三氧化二砷,Arsenic trioxide,優先化學品,,,,,,,
7784-42-1,砷化氫,Arsine,優先化學品,,,,,,,
7778-44-1,砷酸鈣,Calcium arsenate,優先化學品,,,,,,,
1303-00-0,砷化鎵,Gallium arsenide,優先化學品,,,,,,,
29935-35-1,六氟砷酸鋰,Lithium hexafluoroarsenate,優先化學品,,,,,,,
7784-41-0,砷酸二氫鉀,Potassium dihydrogenarsenate,優先化學品,,,,,,,
15606-95-8,砷酸三乙酯,Triethyl arsenate,優先化學品,,,,,,,
1763-23-1,,Perfluorooctane sulfonic acid,毒化物,,,,,,,
2795-39-3,,Potassium perfluorooctane sulfonate,毒化物,,,,,,,
29457-72-5,,Lithium perfluorooctane sulfonate,毒化物,,,,,,,
29081-56-9,,Ammonium perfluorooctane sulfonate,毒化物,,,,,,,
70225-14-8,,Diethanolammonium perfluorooctane sulfonate,毒化物,,,,,,,
56773-42-3,,Tetraethylammonium perfluorooctane sulfonate,毒化物,,,,,,,
251099-16-8,,Didecyldimethylammonium perfluorooctane sulfonate,毒化物,,,,,,,
307-35-7,,Perfluorooctane sulfonyl fluoride,毒化物,,,,,,,
335-67-1,,Perfluorooctanoic acid,毒化物,,,,,,,
45285-51-6,,"Perfluorooctanoate (conjugate base of the free acid)
Octanoic acid, 2,2,3,3,4,4,5,5,6,6,7,7,8,8,8-pentadecafluoro-, ion(1-)",毒化物,,,,,,,
90480-55-0,,Branched perfluorooctanoic acid,毒化物,,,,,,,
1882109-81-0,,"Hexanoic acid, 2,2,3,4,5,5,6,6,6-nonafluoro-3,4-bis(trifluoromethyl)-",毒化物,,,,,,,
1882109-80-9,,"Hexanoic acid, 2,3,3,4,4,5,6,6,6-nonafluoro-2,5-bis(trifluoromethyl)-",毒化物,,,,,,,
1882109-79-6,,"Hexanoic acid, 2,2,3,3,4,5,5,6,6,6-decafluoro-4-(1,1,2,2,2- pentafluoroethyl)-",毒化物,,,,,,,
1882109-78-5,,"Hexanoic acid, 2,2,3,4,4,5,5,6,6,6-decafluoro-3-(1,1,2,2,2- pentafluoroethyl)-",毒化物,,,,,,,
1882109-77-4,,"Pentanoic acid, 2,3,3,4,4,5,5,5-octafluoro-2-(1,1,2,2,3,3,3- heptafluoropropyl)-",毒化物,,,,,,,
1882109-76-3,,"Pentanoic acid, 2,3,3,4,4,5,5,5-octafluoro-2-[1,2,2,2-tetrafluoro-1- (trifluoromethyl)ethyl]-",毒化物,,,,,,,
1882109-75-2,,"Pentanoic acid, 2,2,3,5,5,5-hexafluoro-3,4,4-tris(trifluoromethyl)-",毒化物,,,,,,,
1882109-74-1,,"Pentanoic acid, 2,2,4,5,5,5-hexafluoro-3,3,4-tris(trifluoromethyl)-",毒化物,,,,,,,
1882109-73-0,,"Pentanoic acid, 2,3,3,5,5,5-hexafluoro-2,4,4-tris(trifluoromethyl)-",毒化物,,,,,,,
1882109-72-9,,"Pentanoic acid, 2,3,4,5,5,5-hexafluoro-2,3,4-tris(trifluoromethyl)-",毒化物,,,,,,,
1882109-71-8,,"Pentanoic acid, 2,4,4,5,5,5-hexafluoro-2,3,3-tris(trifluoromethyl)-",毒化物,,,,,,,
1882109-70-7,,"Pentanoic acid, 3,3,4,5,5,5-hexafluoro-2,2,4-tris(trifluoromethyl)-",毒化物,,,,,,,
1882109-68-3,,"Pentanoic acid, 2,2,3,4,5,5,5-heptafluoro-3-(1,1,2,2,2- pentafluoroethyl)-4-(trifluoromethyl)-",毒化物,,,,,,,
1882109-67-2,,"Pentanoic acid, 2,2,4,4,5,5,5-heptafluoro-3-(1,1,2,2,2- pentafluoroethyl)-3-(trifluoromethyl)-",毒化物,,,,,,,
1882109-66-1,,"Pentanoic acid, 2,3,4,4,5,5,5-heptafluoro-3-(1,1,2,2,2- pentafluoroethyl)-2-(trifluoromethyl)-",毒化物,,,,,,,
1882109-65-0,,"Pentanoic acid, 2,3,3,4,5,5,5-heptafluoro-2-(1,1,2,2,2- pentafluoroethyl)-4-(trifluoromethyl)-",毒化物,,,,,,,
1882109-64-9,,"Pentanoic acid, 2,3,4,4,5,5,5-heptafluoro-2-(1,1,2,2,2- pentafluoroethyl)-3-(trifluoromethyl)-",毒化物,,,,,,,
1882109-63-8,,"Pentanoic acid, 3,3,4,4,5,5,5-heptafluoro-2-(1,1,2,2,2- pentafluoroethyl)-2-(trifluoromethyl)-",毒化物,,,,,,,
1882109-69-4,,"Pentanoic acid, 3,4,4,5,5,5-hexafluoro-2,2,3-tris(trifluoromethyl)-",毒化物,,,,,,,
1882109-62-7,,"Butanoic acid, 4,4,4-trifluoro-2,2,3,3-tetrakis(trifluoromethyl)-",毒化物,,,,,,,
1882109-61-6,,"Butanoic acid, 2,3,4,4,4-pentafluoro-2-[1,2,2,2-tetrafluoro-1- (trifluoromethyl)ethyl]-3-(trifluoromethyl)-",毒化物,,,,,,,
1882109-60-5,,"Butanoic acid, 2,3,3,4,4,4-hexafluoro-2-[2,2,2-trifluoro-1,1- bis(trifluoromethyl)ethyl]-",毒化物,,,,,,,
1882109-59-2,,"Butanoic acid, 3,3,4,4,4-pentafluoro-2-[1,2,2,2-tetrafluoro-1- (trifluoromethyl)ethyl]-2-(trifluoromethyl)-",毒化物,,,,,,,
1882109-58-1,,"Butanoic acid, 3,3,4,4,4-pentafluoro-2,2-bis(1,1,2,2,2-pentafluoroethyl)-",毒化物,,,,,,,
1812247-20-3,,"Hexanoic acid, 2,2,4,4,5,5,6,6,6-nonafluoro-3,3-bis(trifluoromethyl)-",毒化物,,,,,,,
1812247-19-0,,"Hexanoic acid, 2,3,3,4,5,5,6,6,6-nonafluoro-2,4-bis(trifluoromethyl)-",毒化物,,,,,,,
1812247-18-9,,"Hexanoic acid, 2,3,4,4,5,5,6,6,6-nonafluoro-2,3-bis(trifluoromethyl)-",毒化物,,,,,,,
1812247-17-8,,"Hexanoic acid, 3,3,4,4,5,5,6,6,6-nonafluoro-2,2-bis(trifluoromethyl)-",毒化物,,,,,,,
1192593-79-5,,"Hexanoic acid, 2,2,3,3,5,5,6,6,6-nonafluoro-4,4-bis(trifluoromethyl)-",毒化物,,,,,,,
1144512-36-6,,"Hexanoic acid, 2,2,3,3,4,5,6,6,6-nonafluoro-4,5-bis(trifluoromethyl)-",毒化物,,,,,,,
1144512-35-5,,"Hexanoic acid, 2,2,3,4,4,5,6,6,6-nonafluoro-3,5-bis(trifluoromethyl)-",毒化物,,,,,,,
1144512-34-4,,"Hexanoic acid, 2,2,3,3,4,4,6,6,6-nonafluoro-5,5-bis(trifluoromethyl)-",毒化物,,,,,,,
1144512-18-4,,"Heptanoic acid, 2,2,3,3,4,5,5,6,6,7,7,7-dodecafluoro-4- (trifluoromethyl)-",毒化物,,,,,,,
909009-42-3,,"Heptanoic acid, 2,2,3,3,4,4,5,6,6,7,7,7-dodecafluoro-5- (trifluoromethyl)-",毒化物,,,,,,,
705240-04-6,,"Heptanoic acid, 2,2,3,4,4,5,5,6,6,7,7,7-dodecafluoro-3- (trifluoromethyl)-",毒化物,,,,,,,
207678-51-1,,"Heptanoic acid, 2,3,3,4,4,5,5,6,6,7,7,7-dodecafluoro-2- (trifluoromethyl)-",毒化物,,,,,,,
123116-17-6,,"Isooctanoic acid, pentadecafluoro-",毒化物,,,,,,,
35605-76-6,,"Hexanoic acid, 2,3,3,4,4,5,5,6,6,6-decafluoro-2-(1,1,2,2,2- pentafluoroethyl)-",毒化物,,,,,,,
15166-06-0,,"Heptanoic acid, 2,2,3,3,4,4,5,5,6,7,7,7-dodecafluoro-6- (trifluoromethyl)-",毒化物,,,,,,,
90480-56-1,,"Octanoic acid, pentadecafluoro-, branched, ammonium salt",毒化物,,,,,,,
3825-26-1,,"Octanoic acid, 2,2,3,3,4,4,5,5,6,6,7,7,8,8,8-pentadecafluoro-, ammonium salt (1:1)",毒化物,,,,,,,
335-95-5,,"Octanoic acid, 2,2,3,3,4,4,5,5,6,6,7,7,8,8,8-pentadecafluoro-, sodium salt (1:1)",毒化物,,,,,,,
2395-00-8,,"Octanoic acid, 2,2,3,3,4,4,5,5,6,6,7,7,8,8,8-pentadecafluoro-, potassium salt (1:1)",毒化物,,,,,,,
17125-58-5,,"Octanoic acid, 2,2,3,3,4,4,5,5,6,6,7,7,8,8,8-pentadecafluoro-, lithium salt (1:1)",毒化物,,,,,,,
335-93-3,,"Octanoic acid, 2,2,3,3,4,4,5,5,6,6,7,7,8,8,8-pentadecafluoro-, silver(1+) salt (1:1)",毒化物,,,,,,,
68141-02-6,,"Octanoic acid, 2,2,3,3,4,4,5,5,6,6,7,7,8,8,8-pentadecafluoro-, chromium(3+) salt (3:1)",毒化物,,,,,,,
98241-25-9,,"Ethanaminium, N,N,N-triethyl-, 2,2,3,3,4,4,5,5,6,6,7,7,8,8,8-
pentadecafluorooctanoate (1:1)",毒化物,,,,,,,
13058-06-5,,"Hexanoic acid, 2,3,3,4,4,5,5,6,6,6-decafluoro-2-(1,1,2,2,2- pentafluoroethyl)-, ammonium salt (1:1)",毒化物,,,,,,,
1195164-59-0,,"Hexanoic acid, 2,3,3,4,4,5,5,6,6,6-decafluoro-2-(1,1,2,2,2- pentafluoroethyl)-, sodium salt (1:1)",毒化物,,,,,,,
19742-57-5,,"Heptanoic acid, 2,2,3,3,4,4,5,5,6,7,7,7-dodecafluoro-6- (trifluoromethyl)-, ammonium salt (1:1)",毒化物,,,,,,,
61436-04-2,,"Heptanoic acid, 2,2,3,3,4,4,5,5,6,7,7,7-dodecafluoro-6- (trifluoromethyl)-, iron salt (1:x)",毒化物,,,,,,,
29457-73-6,,"Heptanoic acid, 2,2,3,3,4,4,5,5,6,7,7,7-dodecafluoro-6- (trifluoromethyl)-, potassium salt (1:1)",毒化物,,,,,,,
18017-22-6,,"Heptanoic acid, 2,2,3,3,4,4,5,5,6,7,7,7-dodecafluoro-6- (trifluoromethyl)- , sodium salt (1:1)",毒化物,,,,,,,
15739-82-9,,"Heptanoic acid, 2,2,3,3,4,4,5,5,6,7,7,7-dodecafluoro-6- (trifluoromethyl)-, chromium salt (1:x)",毒化物,,,,,,,
15715-47-6,,"Heptanoic acid, 2,2,3,3,4,4,5,5,6,7,7,7-dodecafluoro-6- (trifluoromethyl)-, aluminum salt (3:1)",毒化物,,,,,,,
68333-92-6,,"Fatty acids, C7-13, perfluoro",毒化物,,,,,,,
69278-80-4,,Ethylamine salts of C7-C13  perfluorinated fatty acids,毒化物,,,,,,,
91032-01-8,,"Fatty acids, C7-19, perfluoro",毒化物,,,,,,,
72968-38-8,,"Fatty acids, C7-13, perfluoro, ammonium salts",毒化物,,,,,,,
72623-77-9,,"Fatty acids, C6-18, perfluoro, ammonium salts",毒化物,,,,,,,
376-27-2,,"Octanoic acid, 2,2,3,3,4,4,5,5,6,6,7,7,8,8,8-pentadecafluoro-, methyl ester",毒化物,,,,,,,
3108-24-5,,"Octanoic acid, 2,2,3,3,4,4,5,5,6,6,7,7,8,8,8-pentadecafluoro-, ethyl ester",毒化物,,,,,,,
33496-48-9,,"Octanoic acid, 2,2,3,3,4,4,5,5,6,6,7,7,8,8,8-pentadecafluoro-, 1,1'- anhydride",毒化物,,,,,,,
68412-69-1,,"Phosphinic acid, bis(perfluoro-C6-12-alkyl) derivs.",毒化物,,,,,,,
93062-53-4,,"Phosphinic acid, bis(perfluoro-C6-12-alkyl) derivs., aluminum salts",毒化物,,,,,,,
40143-79-1,,Bis(perfluorooctyl)phosphinic acid,毒化物,,,,,,,
610800-34-5,,"Phosphinic acid, P-(1,1,2,2,3,3,4,4,5,5,6,6,7,7,8,8,8-
heptadecafluorooctyl)-P-(1,1,2,2,3,3,4,4,5,5,6,6,6-tridecafluorohexyl)-",毒化物,,,,,,,
335-66-0,,"Octanoyl fluoride, 2,2,3,3,4,4,5,5,6,6,7,7,8,8,8-pentadecafluoro-",毒化物,,,,,,,
507-63-1,,Perfluorooctyl iodide,毒化物,,,,,,,
307-50-6,,"Undecane, 1,1,1,2,2,3,3,4,4,5,5,6,6,7,7,8,8,9,9,10,10,11,11-
tricosafluoro-11-iodo-",毒化物,,,,,,,
307-60-8,,"Dodecane, 1,1,1,2,2,3,3,4,4,5,5,6,6,7,7,8,8,9,9,10,10,11,11,12,12-
pentacosafluoro-12-iodo-",毒化物,,,,,,,
307-63-1,,"Tetradecane, 1,1,1,2,2,3,3,4,4,5,5,6,6,7,7,8,8,9,9,10,10,11,11,12,12,13,13,14,14-
nonacosafluoro-14-iodo-",毒化物,,,,,,,
335-79-5,,"Pentadecane, 1,1,1,2,2,3,3,4,4,5,5,6,6,7,7,8,8,9,9,10,10,11,11,12,12,13,13,14,14,15,1
5-hentriacontafluoro-15-iodo-",毒化物,,,,,,,
376-04-5,,"Tridecane, 1,1,1,2,2,3,3,4,4,5,5,6,6,7,7,8,8,9,9,10,10,11,11,12,12,13,13-
heptacosafluoro-13-iodo-",毒化物,,,,,,,
423-62-1,,"Decane, 1,1,1,2,2,3,3,4,4,5,5,6,6,7,7,8,8,9,9,10,10-heneicosafluoro-10-
iodo-",毒化物,,,,,,,
558-97-4,,"Nonane, 1,1,1,2,2,3,3,4,4,5,5,6,6,7,7,8,8,9,9-nonadecafluoro-9-iodo-",毒化物,,,,,,,
677-93-0,,"Decane, 1,1,1,2,3,3,4,4,5,5,6,6,7,7,8,8,9,9,10,10-eicosafluoro-10-iodo- 2-(trifluoromethyl)-",毒化物,,,,,,,
3248-61-1,,"Dodecane, 1,1,1,2,3,3,4,4,5,5,6,6,7,7,8,8,9,9,10,10,11,11,12,12-
tetracosafluoro-12-iodo-2-(trifluoromethyl)-",毒化物,,,,,,,
3248-63-3,,"Tetradecane, 1,1,1,2,3,3,4,4,5,5,6,6,7,7,8,8,9,9,
10,10,11,11,12,12,13,13,14,14-octacosafluoro-14-iodo-2- (trifluoromethyl)-",毒化物,,,,,,,
90622-71-2,,"Alkyl iodides, C6-18, perfluoro",毒化物,,,,,,,
2043-53-0,,"Decane, 1,1,1,2,2,3,3,4,4,5,5,6,6,7,7,8,8-heptadecafluoro-10-iodo-",毒化物,,,,,,,
2043-54-1,,"Dodecane, 1,1,1,2,2,3,3,4,4,5,5,6,6,7,7,8,8,9,9,10,10-heneicosafluoro- 12-iodo-",毒化物,,,,,,,
30046-31-2,,"Tetradecane, 1,1,1,2,2,3,3,4,4,5,5,6,6,7,7,8,8,9,9,10,10,11,11,12,12-
pentacosafluoro-14-iodo-",毒化物,,,,,,,
65510-55-6,,"Hexadecane, 1,1,1,2,2,3,3,4,4,5,5,6,6,7,7,8,8,9,9,10,10,11,11,12,12,13,13,14,14-
nonacosafluoro-16-iodo-",毒化物,,,,,,,
65510-56-7,,"Undecane, 1,1,1,2,2,3,3,4,4,5,5,6,6,7,7,8,8,9,9-nonadecafluoro-11- iodo-",毒化物,,,,,,,
68188-12-5,,"Alkyl iodides, C4-20, γ-ω-perfluoro",毒化物,,,,,,,
68390-33-0,,"Alkyl iodides, C10-12, γ-ω-perfluoro",毒化物,,,,,,,
21652-58-4,,"1-Decene, 3,3,4,4,5,5,6,6,7,7,8,8,9,9,10,10,10-heptadecafluoro-",毒化物,,,,,,,
30389-25-4,,"1-Dodecene, 3,3,4,4,5,5,6,6,7,7,8,8,9,9,10,10,11,11,12,12,12-
heneicosafluoro-",毒化物,,,,,,,
60699-51-6,,"1-Hexadecanol, 3,3,4,4,5,5,6,6,7,7,8,8,9,9,10,10,11,11,12,12,13,13,14,14,15,15,16,16,16-nonacosafluoro-",毒化物,,,,,,,
176676-70-3,,"1-Pentadecanol, 3,3,4,4,5,5,6,6,7,7,8,8,9,9,10,10,11,11,12,12,13,13,14,14,15,15,15-
heptacosafluoro-",毒化物,,,,,,,
39239-77-5,,"1-Tetradecanol, 3,3,4,4,5,5,6,6,7,7,8,8,9,9,10,10,11,11,12,12,13,13,14,14,14-
pentacosafluoro-",毒化物,,,,,,,
1545-59-1,,"1-Tridecanol, 3,3,4,4,5,5,6,6,7,7,8,8,9,9,10,10,11,11,12,12,13,13,13-
tricosafluoro-",毒化物,,,,,,,
865-86-1,,"1-Dodecanol, 3,3,4,4,5,5,6,6,7,7,8,8,9,9,10,10,11,11,12,12,12-
heneicosafluoro-",毒化物,,,,,,,
87017-97-8,,"1-Undecanol, 3,3,4,4,5,5,6,6,7,7,8,8,9,9,10,10,11,11,11-
nonadecafluoro-",毒化物,,,,,,,
678-39-7,,"1-Decanol, 3,3,4,4,5,5,6,6,7,7,8,8,9,9,10,10,10-heptadecafluoro-",毒化物,,,,,,,
70887-94-4,,"2-Dodecenoic acid, 3,4,4,5,5,6,6,7,7,8,8,9,9,10,10,11,11,12,12,12-
eicosafluoro-",毒化物,,,,,,,
53826-13-4,,"Dodecanoic acid, 3,3,4,4,5,5,6,6,7,7,8,8,9,9,10,10,11,11,12,12,12-
heneicosafluoro-",毒化物,,,,,,,
191852-87-6,,"Undecanoic acid, 3,3,4,4,5,5,6,6,7,7,8,8,9,9,10,10,11,11,11-
nonadecafluoro-",毒化物,,,,,,,
70887-84-2,,"2-Decenoic acid, 3,4,4,5,5,6,6,7,7,8,8,9,9,10,10,10-hexadecafluoro-",毒化物,,,,,,,
27854-31-5,,"Decanoic acid, 3,3,4,4,5,5,6,6,7,7,8,8,9,9,10,10,10-heptadecafluoro-",毒化物,,,,,,,
54009-73-3,,"1,2-Undecanediol, 4,4,5,5,6,6,7,7,8,8,9,9,10,11,11,11-hexa decafluoro- 10-(trifluoromethyl)-, 1-(dihydrogen phosphate)",毒化物,,,,,,,
63295-27-2,,"1,2-Tridecanediol, 4,4,5,5,6,6,7,7,8,8,9,9,10,10,11,11,12,13,13,13-
eicosafluoro-12-(trifluoromethyl)-, 1-(dihydrogen phosphate)",毒化物,,,,,,,
63295-28-3,,"1,2-Pentadecanediol, 4,4,5,5,6,6,7,7,8,8,9,9,10,10,11,11,12,12,13,13,14,15,15,15-
tetracosafluoro-14-(trifluoromethyl)-, 1-(dihydrogen phosphate)",毒化物,,,,,,,
63295-29-4,,"1,2-Heptadecanediol, 4,4,5,5,6,6,7,7,8,8,9,9,10,10,11,11,12,12,13,13,14,14,15,15,16,17,17,17
-octacosafluoro-16-(trifluoromethyl)-, 1-(dihydrogen phosphate)",毒化物,,,,,,,
63295-18-1,,"1,2-Undecanediol, 4,4,5,5,6,6,7,7,8,8,9,9,10,11,11,11-hexa decafluoro- 10-(trifluoromethyl)-, 1-(dihydrogen phosphate), diammonium salt",毒化物,,,,,,,
63295-19-2,,"1,2-Undecanediol, 4,4,5,5,6,6,7,7,8,8,9,9,10,11,11,11-hexa decafluoro- 10-(trifluoromethyl)-, 1-(dihydrogen phosphate), compd. with 2,2′- iminobis[ethanol] (1:2)",毒化物,,,,,,,
63295-23-8,,"2-Undecanol, 4,4,5,5,6,6,7,7,8,8,9,9,10,11,11,11-hexadecafluoro-10- (trifluoromethyl)-, dihydrogen phosphate, diammonium salt",毒化物,,,,,,,
63295-24-9,,"Acetic acid, 2-[[3,3,4,4,5,5,6,6,7,7,8,8,9,10,10,10-hexadeca fluoro-1- [(phosphonooxy)methyl]-9-(trifluoromethyl) decyl]oxy]-, ammonium salt (1:2)",毒化物,,,,,,,
63295-22-7,,"1-Undecanol, 2-chloro-4,4,5,5,6,6,7,7,8,8,9,9,10,11,11,11-
hexadecafluoro-10-(trifluoromethyl)-, dihydrogen phosphate",毒化物,,,,,,,
94158-70-0,,"1,2-Tridecanediol, 4,4,5,5,6,6,7,7,8,8,9,9,10,10,11,11,12,12,13,13,13-
heneicosafluoro-, 1-(dihydrogen phosphate)",毒化物,,,,,,,
94200-46-1,,"1,2-Tridecanediol, 4,4,5,5,6,6,7,7,8,8,9,9,10,10,11,11,12,12,13,13,13-
heneicosafluoro-, 1-(dihydrogen phosphate), diammonium salt",毒化物,,,,,,,
94200-47-2,,"1,2-Pentadecanediol, 4,4,5,5,6,6,7,7,8,8,9,9,10,10,11,11,12,12,13,13,14,14,15,15,15-
pentacosafluoro-, 1-(dihydrogen phosphate), diammonium salt",毒化物,,,,,,,
94200-48-3,,"1,2-Heptadecanediol, 4,4,5,5,6,6,7,7,8,8,9,9,10,10,11,11,12,12,13,13,14,14,15,15,16,16,17,17
,17-nonacosafluoro-, 1-(dihydrogen phosphate), diammonium salt",毒化物,,,,,,,
94200-50-7,,"1,2-Tridecanediol, 4,4,5,5,6,6,7,7,8,8,9,9,10,10,11,11,12,13,13,13-
eicosafluoro-12-(trifluoromethyl)-, 1-(dihydrogen phosphate), diammonium salt",毒化物,,,,,,,
94200-51-8,,"1,2-Pentadecanediol, 4,4,5,5,6,6,7,7,8,8,9,9,10,10,11,11,12,12,13,13,14,15,15,15-
tetracosafluoro-14-(trifluoromethyl)-, 1-(dihydrogen phosphate),
diammonium salt",毒化物,,,,,,,
94200-52-9,,"1,2-Heptadecanediol, 4,4,5,5,6,6,7,7,8,8,9,9,10,10,11,11,12,12,13,13,14,14,15,15,16,17,17,17
-octacosafluoro-16-(trifluoromethyl)-, 1-(dihydrogen phosphate),
diammonium salt",毒化物,,,,,,,
57678-03-2,,"1-Decanol, 3,3,4,4,5,5,6,6,7,7,8,8,9,9,10,10,10-heptadecafluoro-, 1- (dihydrogen phosphate)",毒化物,,,,,,,
678-41-1,,"1-Decanol, 3,3,4,4,5,5,6,6,7,7,8,8,9,9,10,10,10-heptadecafluoro-, 1,1'- (hydrogen phosphate)",毒化物,,,,,,,
93857-44-4,,"1-Decanol, 3,3,4,4,5,5,6,6,7,7,8,8,9,9,10,10,10-heptadecafluoro-, dihydrogen phosphate, diammonium salt",毒化物,,,,,,,
93857-45-5,,"1-Dodecanol, 3,3,4,4,5,5,6,6,7,7,8,8,9,9,10,10,11,11,12,12,12-
heneicosafluoro-, 1-(dihydrogen phosphate), ammonium salt (1:2)",毒化物,,,,,,,
57678-05-4,,"1-Dodecanol, 3,3,4,4,5,5,6,6,7,7,8,8,9,9,10,10,11,11,12,12,12-
heneicosafluoro-, 1-(dihydrogen phosphate)",毒化物,,,,,,,
1895-26-7,,"1-Dodecanol, 3,3,4,4,5,5,6,6,7,7,8,8,9,9,10,10,11,11,12,12,12-
heneicosafluoro-, 1,1'-(hydrogen phosphate)",毒化物,,,,,,,
90179-37-6,,"2-Undecanol, 4,4,5,5,6,6,7,7,8,8,9,9,10,10,11,11,11-heptadecafluoro-, dihydrogen phosphate, potassium salt",毒化物,,,,,,,
98005-85-7,,"Diphosphoric acid, mono(3,3,4,4,5,5,6,6,7,7,8,8,9,9,10,10,10- heptadecafluorodecyl) ester, compd. with 2,2′,2′′-nitrilotris[ethanol] (1:3)",毒化物,,,,,,,
98005-84-6,,"Diphosphoric acid, mono(3,3,4,4,5,5,6,6,7,7,8,8,9,9,10,10,10- heptadecafluorodecyl) ester, compd. with 2-aminoethanol (1:3)",毒化物,,,,,,,
1158182-60-5,,"Phosphoric acid, mono(3,3,4,4,5,5,6,6,7,7,8,8, 9,9,10,10,11,11,12,12,12-heneicosafluoro dodecyl) mono(3,3,4,4,5,5,6,6,7,7,8,8,9,9,10,10,10-heptadecafluorodecyl) ester",毒化物,,,,,,,
1578186-42-1,,"Phosphoric acid, mono(3,3,4,4,5,5,6,6,7,7,8,8, 9,9,10,10,10-
heptadecafluorodecyl) mono(3,3,4, 4,5,5,6,6,7,7,8,8,9,9,10,10,11,11,12,12,13,13,14,14,14-
pentacosafluorotetradecyl) ester",毒化物,,,,,,,
1158182-61-6,,"Phosphoric acid, mono(3,3,4,4,5,5,6,6,7,7,8,8,9, 9,10,10,11,11,12,12,12-heneicosafluorododecyl) mono(3,3,4,4,5,5,6,6,7,7,8,8,9,9,10,10,11,11,12,12,13,13,14,14,14-
pentacosafluorotetradecyl) ester",毒化物,,,,,,,
93776-20-6,,"Ammonium bi(3,3,4,4,5,5,6,6,7,7,8,8,9,9,10,10,10-
heptadecafluorodecyl) phosphate",毒化物,,,,,,,
93776-21-7,,"Ammonium bis(3,3,4,4,5,5,6,6,7,7,8,8,9,9,10,10,11,11,12,12,12-
heneicosafluorodecyl) phosphate",毒化物,,,,,,,
63295-20-5,,"1,2-Undecanediol, 4,4,5,5,6,6,7,7,8,8,9,9,10,11,11,11-hexadecafluoro- 10-(trifluoromethyl)-, 1,1-(hydrogen phosphate)",毒化物,,,,,,,
63295-26-1,,"1-Undecanol, 2-chloro-4,4,5,5,6,6,7,7,8,8,9,9,10,11,11,11-
hexadecafluoro-10-(trifluoromethyl)-, hydrogen phosphate",毒化物,,,,,,,
2343-53-5,,"1-Nonadecanol, 12,12,13,13,14,14,15,15,16,16,17,17,18,18,19,19,19-
heptadecafluoro-, dihydrogen phosphate",毒化物,,,,,,,
1578186-53-4,,"Phosphoric acid, 3,3,4,4,5,5,6,6,7,7,8,8,9,9,10,10,10-
heptadecafluorodecyl bis(3,3,4,4,5,5,6,6,7,7,8,8,8-tridecafluorooctyl) ester",毒化物,,,,,,,
1578186-56-7,,"Phosphoric acid, bis(3,3,4,4,5,5,6,6,7,7,8,8,9,9,10,10,10-
heptadecafluorodecyl) 3,3,4,4,5,5,6,6,7,7,8,8,8-tridecafluorooctyl ester",毒化物,,,,,,,
1578186-64-7,,"Phosphoric acid, 3,3,4,4,5,5,6,6,7,7,8,8,9,9,10,10,11,11,12,12,12-
heneicosafluorododecyl 3,3,4,4,5,5,6,6,7,7,8,8,9,9,10,10,10- heptadecafluorodecyl 3,3,4,4,5,5,6,6,7,7,8,8,8-tridecafluorooctyl ester",毒化物,,,,,,,
1578186-57-8,,"Phosphoric acid, 3,3,4,4,5,5,6,6,7,7,8,8,9,9,10,10,11,11,12,12,12-
heneicosafluorododecylbis (3,3,4,4,5,5,6,6,7,7,8,8,8-tridecafluorooctyl) ester",毒化物,,,,,,,
149790-22-7,,"1-Decanol, 3,3,4,4,5,5,6,6,7,7,8,8,9,9,10,10,10-heptadecafluoro-, 1,1’,1’’-phosphate",毒化物,,,,,,,
441765-20-4,,"1-Decanesulfonamide, 3,3,4,4,5,5,6,6,7,7,8,8,9,9,10,10,10-
heptadecafluoro-N-[3-(phosphorno oxy)propyl]-N-propyl-, sodium salt (1:2)",毒化物,,,,,,,
16083-78-6,,"2-Propenoic acid, 4,4,5,5,6,6,7,7,8,8,9,9,10,10,11,11,12,12,13,13,14,14,15,15,16,17,17,17
-octacosafluoro-2-hydroxy-16-(trifluoromethyl)heptadecyl ester",毒化物,,,,,,,
4980-53-4,,"2-Propenoic acid, 2-methyl-, 3,3,4,4,5,5,6,6,7,7,8,8,9,9,10,10,11,11,12,12,13,13,14,14,15,15,16,16,1
6-nonacosafluorohexadecyl ester",毒化物,,,,,,,
6014-75-1,,"2-Propenoic acid, 2-methyl-, 3,3,4,4,5,5,6,6,7,7,8,8,9,9,10,10,11,11,12,12,13,13,14,14,14-
pentacosafluorotetradecyl ester",毒化物,,,,,,,
16083-87-7,,"2-Propenoic acid, 4,4,5,5,6,6,7,7,8,8,9,9,10,10,11,11,12,12,13,13,14,15,15,15-
tetracosafluoro-2-hydroxy-14-(trifluoromethyl)pentadecyl ester",毒化物,,,,,,,
52956-82-8,,"2-Propenoic acid, 3,3,4,4,5,5,6,6,7,7,8,8,9,9,10,10,11,11,12,12,13,14,14,14-
tetracosafluoro-13-(trifluoromethyl)tetradecyl ester",毒化物,,,,,,,
74256-14-7,,"2-Propenoic acid, 2-methyl-, 3,3,4,4,5,5,6,6,7,7,8,8,9,9,10,10,11,12,12,12-eicosafluoro-11-
(trifluoromethyl)dodecyl ester",毒化物,,,,,,,
74256-15-8,,"2-Propenoic acid, 2-methyl-, 3,3,4,4,5,5,6,6,7,7, 8,8,9,9,10,10,11,11,12,12,13,14,14,14-tetra cosafluoro-13-
(trifluoromethyl)tetradecyl ester",毒化物,,,,,,,
17741-60-5,,"2-Propenoic acid, 3,3,4,4,5,5,6,6,7,7,8,8,9,9,10,10,11,11,12,12,12-
heneicosafluorododecyl ester",毒化物,,,,,,,
2144-54-9,,"2- Propenoic acid, 2-methyl-, 3,3,4,4,5,5,6,6,7,7,8,8,9,9,10,10,11,11,12,12,12-
heneicosafluorododecyl ester",毒化物,,,,,,,
27905-45-9,,"2-Propenoic acid, 3,3,4,4,5,5,6,6,7,7,8,8,9,9,10,10,10-
heptadecafluorodecyl ester",毒化物,,,,,,,
1996-88-9,,"2-Propenoic acid, 2-methyl-, 3,3,4,4,5,5,6,6,7,7,8,8,9,9,10,10,10-
heptadecafluorodecyl ester",毒化物,,,,,,,
85631-54-5,,"2-Propenoic acid, γ-ω-perfluoro-C8-14-alkyl esters",毒化物,,,,,,,
91615-22-4,,"2-Propenoic acid, 3,3,4,4,5,5,6,6,7,7,8,8,9,9,10,10,11,11,12,12,13,13,14,14,15,16,16,16-
octacosafluoro-15-(trifluoromethyl)hexadecyl ester",毒化物,,,,,,,
94158-63-1,,"2-Propenoic acid, 3,3,4,4,5,5,6,6,7,7,8,8,9,9,10,10,11,11,12,12,13,13,14,14,15,15,16,16,1
7,18,18,18-dotriacontafluoro-17-(trifluoromethyl)octadecyl ester",毒化物,,,,,,,
94158-64-2,,"2-Propenoic acid, 2-methyl-, 3,3,4,4,5,5,6,6,7,7,8,8,9,9,10,10,11,11,12,12,13,13,14,14,15,16,16,16-
octacosafluoro-15-(trifluoromethyl)hexadecyl ester",毒化物,,,,,,,
94158-65-3,,"2-Propenoic acid, 2-methyl-, 3,3,4,4,5,5,6,6,7,7,8,8,9,9,10,10,11,11,12,12,13,13,14,14,15,15,16,16,1
7,18,18,18-dotriacontafluoro-17-(trifluoromethyl)octadecyl ester",毒化物,,,,,,,
146955-29-5,,"2-Propenoic acid, 3,3,4,4,5,5,6,6,7,7,8,8,9,9,10,10,10-heptadecafluoro- 1-(hydroxymethyl)decyl ester",毒化物,,,,,,,
76962-34-0,,"2-Propenoic acid, 4,4,5,5,6,6,7,7,8,8,9,9,10,10,11,11,11-
heptadecafluoro-2-hydroxyundecyl ester",毒化物,,,,,,,
93776-12-6,,"1-Propanaminium, N-(2-carboxyethyl)-N,N-dimethyl-3- [(4,4,5,5,6,6,7,7,8,8,9,9,10,10,11,11,12,12,13,13,14,14,15,15,15-
pentacosafluoro-2-hydroxypentadecyl) amino]-, inner salt",毒化物,,,,,,,
93776-13-7,,"1-Propanaminium, N-(2-carboxyethyl)-3- [(4,4,5,5,6,6,7,7,8,8,9,9,10,10,11,11,12,12,13,13,13-heneicosafluoro-2-
hydroxytridecyl)amino] -N,N-dimethyl-, inner salt",毒化物,,,,,,,
93776-15-9,,"1-Propanaminium, N-(2-carboxyethyl)-N,N-dimethyl-3- [[4,4,5,5,6,6,7,7,8,8,9,9,10,10,11,11,12,12,13,13,14,15,15,15-
tetracosafluoro-2-hydroxy-14- (trifluoromethyl)pentadecyl]amino]-,
inner salt",毒化物,,,,,,,
94159-83-8,,"2-Tridecanol, 1-[[3-(dimethylamino)propyl]amino]- 4,4,5,5,6,6,7,7,8,8,9,9,10,10,11,11,12,13,13,13-eicosafluoro-12-
(trifluoromethyl)-",毒化物,,,,,,,
94159-79-2,,"2-Pentadecanol, 1-[[3-(dimethylamino)propyl]amino]- 4,4,5,5,6,6,7,7,8,8,9,9,10,10,11,11,12,12,13,13,14,14,15,15,15-
pentacosafluoro-",毒化物,,,,,,,
94159-80-5,,"2-Tridecanol, 1-[[3-(dimethylamino)propyl]amino]- 4,4,5,5,6,6,7,7,8,8,9,9,10,10,11,11,12,12,13,13,13-heneicosafluoro-",毒化物,,,,,,,
94159-82-7,,"2-Pentadecanol, 1-[[3-(dimethylamino)propyl]amino]- 4,4,5,5,6,6,7,7,8,8,9,9,10,10,11,11,12,12,13,13,14,15,15,15-
tetracosafluoro-14-(trifluoromethyl)-",毒化物,,,,,,,
99955-83-6,,"Octadecanoic acid, 3,3,4,4,5,5,6,6,7,7,8,8,9,9,10,10,10-
heptadecafluorodecyl ester",毒化物,,,,,,,
302911-86-0,,"Pentanedioic acid, 3-[2-[(3,3,4,4,5,5,6,6,7,7,8,8,9,9,10,10,10-
heptadecafluorodecyl)oxy]-2-oxoethyl]-3-hydroxy-, 1,5- bis(3,3,4,4,5,5,6,6,7,7,8,8,9,9,10,10,10-heptadecafluorodecyl) ester",毒化物,,,,,,,
3102-79-2,,Perfluorooctylethyldichloromethyl silane,毒化物,,,,,,,
74612-30-9,,Perfluorooctylethyldimethylchlorosilane,毒化物,,,,,,,
101947-16-4,,Perfluorooctylethyltriethoxysilane,毒化物,,,,,,,
146090-84-8,,"Silane, triethoxy(3,3,4,4,5,5,6,6,7,7,8,8,9,9,10,10,11,11,12,12,12-
heneicosafluorododecyl)-",毒化物,,,,,,,
78560-44-8,,Perfluorooctylethyltrichlorosilane,毒化物,,,,,,,
83048-65-1,,Perfluorooctylethyltrimethoxysilane,毒化物,,,,,,,
123445-18-1,,"Silane, (3,3,4,4,5,5,6,6,7,7,8,8,9,9,10,10,11,11,12,12,12-
heneicosafluorododecyl)trimethoxy-",毒化物,,,,,,,
246234-80-0,,"Silane, (3,3,4,4,5,5,6,6,7,7,8,8,9,9,10,10,10-
heptadecafluorodecyl)tris(1-methylethoxy)-",毒化物,,,,,,,
1189587-64-1,,"Silane, tetrakis[2-[(3,3,4,4,5,5,6,6,7,7,8,8,9,9,10,10,10-
heptadecafluorodecyl)thio]ethyl]-",毒化物,,,,,,,
68187-42-8,,"Propanamide, 3-[(γ-ω-perfluoro-C4–10-alkyl)thio] derivatives",毒化物,,,,,,,
70969-47-0,,"Thiols, C8-20, γ-ω-perfluoro, telomers with acrylamide",毒化物,,,,,,,
95370-51-7,,"Carbamic acid, [2-(sulphothio)ethyl]-, C-(γ-ω-perfluoro-C6–9-alkyl) esters, monosodium salts",毒化物,,,,,,,
148240-85-1,,"1,3-Propanediol, 2,2-bis[[(γ-ω-perfluoro-C4–10-alkyl)thio]methyl] derivatives, phosphates, ammonium salts",毒化物,,,,,,,
148240-87-3,,"1,3-Propanediol, 2,2-bis[[(γ-ω-perfluoro-C6–12-alkyl)thio]methyl] derivatives, phosphates, ammonium salts",毒化物,,,,,,,
148240-89-5,,"1,3-Propanediol, 2,2-bis[[(γ-ω-perfluoro-C10-20-alkyl)thio]methyl] derivs., phosphates, ammonium salts",毒化物,,,,,,,
183146-60-3,,"Oxirane, methyl-, polymer with oxirane, mono[2-hydroxy-3-[( γ-ω-perfluoro-C8-20-alkyl)thio]propyl] ethers",毒化物,,,,,,,
71608-61-2,,"Pentanoic acid, 4,4-bis[(γ-ω-perfluoro-C8-20-alkyl)thio]derivs., compds. with diethanolamine",毒化物,,,,,,,
94200-45-0,,"1,2-Undecanediol, 4,4,5,5,6,6,7,7,8,8,9,9,10,10,11,11,11-
heptadecafluoro-, 1-(dihydrogen phosphate), ammonium salt (1:2)",毒化物,,,,,,,
93776-00-2,,"2-Pentadecanol, 1,1'-[oxybis[(1-methyl-2,1- ethanediyl)oxy]]bis[4,4,5,5,6,6,7,7,8,8,9,9,10,10,11,11,12,12,13,13,14,
14,15,15,15-pentacosafluoro-",毒化物,,,,,,,
77117-48-7,,"Decane, 1,1,1,2,2,3,3,4,4,5,5,6,6,7,7,8,8-heptadecafluoro-",毒化物,,,,,,,
1835250-28-6,,"Undecane, 1,1,1,2,2,3,3,4,4,5,5,6,6,7,7,8,8-heptadecafluoro-",毒化物,,,,,,,
182130-12-7,,"Dodecane, 1,1,1,2,2,3,3,4,4,5,5,6,6,7,7,8,8-heptadecafluoro-",毒化物,,,,,,,
1835250-47-9,,"Tridecane, 1,1,1,2,2,3,3,4,4,5,5,6,6,7,7,8,8-heptadecafluoro-",毒化物,,,,,,,
182130-14-9,,"Tetradecane, 1,1,1,2,2,3,3,4,4,5,5,6,6,7,7,8,8-heptadecafluoro-",毒化物,,,,,,,
182130-15-0,,"Pentadecane, 1,1,1,2,2,3,3,4,4,5,5,6,6,7,7,8,8-heptadecafluoro-",毒化物,,,,,,,
6145-05-7,,"Hexadecane, 1,1,1,2,2,3,3,4,4,5,5,6,6,7,7,8,8-heptadecafluoro-",毒化物,,,,,,,
931415-52-0,,"Heptadecane, 1,1,1,2,2,3,3,4,4,5,5,6,6,7,7,8,8-heptadecafluoro-",毒化物,,,,,,,
138472-76-1,,"Octadecane, 1,1,1,2,2,3,3,4,4,5,5,6,6,7,7,8,8-heptadecafluoro-",毒化物,,,,,,,
117146-18-6,,"Tetracosane, 1,1,1,2,2,3,3,4,4,5,5,6,6,7,7,8,8-heptadecafluoro-",毒化物,,,,,,,
133310-73-3,,"Hexacosane, 1,1,1,2,2,3,3,4,4,5,5,6,6,7,7,8,8-heptadecafluoro-",毒化物,,,,,,,
137338-39-7,,"Octacosane, 1,1,1,2,2,3,3,4,4,5,5,6,6,7,7,8,8-heptadecafluoro-",毒化物,,,,,,,
137338-40-0,,"Triacontane, 1,1,1,2,2,3,3,4,4,5,5,6,6,7,7,8,8-heptadecafluoro-",毒化物,,,,,,,
137338-41-1,,"Dotriacontane, 1,1,1,2,2,3,3,4,4,5,5,6,6,7,7,8,8-heptadecafluoro-",毒化物,,,,,,,
154478-87-2,,"Dodecane, 1,1,1,2,2,3,3,4,4,5,5,6,6,7,7,8,8,9,9,10,10-heneicosafluoro-",毒化物,,,,,,,
1835251-22-3,,"Tridecane, 1,1,1,2,2,3,3,4,4,5,5,6,6,7,7,8,8,9,9,10,10-heneicosafluoro-",毒化物,,,,,,,
1244062-17-6,,"Tetradecane, 1,1,1,2,2,3,3,4,4,5,5,6,6,7,7,8,8,9,9,10,10-
heneicosafluoro-",毒化物,,,,,,,
250738-42-2,,"Pentadecane, 1,1,1,2,2,3,3,4,4,5,5,6,6,7,7,8,8,9,9,10,10-
heneicosafluoro-",毒化物,,,,,,,
116177-54-9,,"Hexadecane, 1,1,1,2,2,3,3,4,4,5,5,6,6,7,7,8,8,9,9,10,10-
heneicosafluoro-",毒化物,,,,,,,
200817-54-5,,"Heptadecane, 1,1,1,2,2,3,3,4,4,5,5,6,6,7,7,8,8,9,9,10,10-
heneicosafluoro-",毒化物,,,,,,,
93454-70-7,,"Octadecane, 1,1,1,2,2,3,3,4,4,5,5,6,6,7,7,8,8,9,9,10,10-heneicosafluoro-",毒化物,,,,,,,
125635-85-0,,"Nonadecane, 1,1,1,2,2,3,3,4,4,5,5,6,6,7,7,8,8,9,9,10,10-
heneicosafluoro-",毒化物,,,,,,,
90499-29-9,,"Eicosane, 1,1,1,2,2,3,3,4,4,5,5,6,6,7,7,8,8,9,9,10,10-heneicosafluoro-",毒化物,,,,,,,
93454-71-8,,"Docosane, 1,1,1,2,2,3,3,4,4,5,5,6,6,7,7,8,8,9,9,10,10-heneicosafluoro-",毒化物,,,,,,,
133299-41-9,,"Eicosane, 1,1,1,2,2,3,3,4,4,5,5,6,6,7,7,8,8,
13,13,14,14,15,15,16,16,17,17,18,18,19,19,20,20,20-
tetratriacontafluoro-",毒化物,,,,,,,
100550-08-1,,"Tetracosane, 1,1,1,2,2,3,3,4,4,5,5,6,6,7,7,8,8,17, 17,18,18,19,19,20,20,21,21,22,22,23,23,24,24,24-tetratriacontafluoro-",毒化物,,,,,,,
1244062-16-5,,"9-Tetracosene, 1,1,1,2,2,3,3,4,4,5,5,6,6,7,7,8,8-heptadecafluoro-",毒化物,,,,,,,
31200-97-2,,"1-Undecanol, 4,4,5,5,6,6,7,7,8,8,9,9,10,11,11,11-hexadecafluoro-10- (trifluoromethyl)-",毒化物,,,,,,,
423-56-3,,"1-Nonanol, 2,2,3,3,4,4,5,5,6,6,7,7,8,8,9,9,9-heptadecafluoro-",毒化物,,,,,,,
307-37-9,,"1-Decanol, 2,2,3,3,4,4,5,5,6,6,7,7,8,8,9,9,10,10,10-nonadecafluoro-",毒化物,,,,,,,
307-46-0,,"1-Undecanol, 2,2,3,3,4,4,5,5,6,6,7,7,8,8,9,9,10,10,11,11,11-
heneicosafluoro-",毒化物,,,,,,,
135984-68-8,,"Decanal, 3,3,4,4,5,5,6,6,7,7,8,8,9,9,10,10,10-heptadecafluoro-",毒化物,,,,,,,
864551-38-2,,"Dodecanal, 3,3,4,4,5,5,6,6,7,7,8,8,9,9,10,10,11,11,12,12,12-heneicosafluoro-",毒化物,,,,,,,
864551-40-6,,"2-Dodecenal, 3,4,4,5,5,6,6,7,7,8,8,9,9,10,10,11,11,12,12,12-
eicosafluoro-",毒化物,,,,,,,
63967-40-8,,"Nonanal, 2,2,3,3,4,4,5,5,6,6,7,7,8,8,9,9,9-heptadecafluoro-",毒化物,,,,,,,
335-73-9,,"Decanal, 2,2,3,3,4,4,5,5,6,6,7,7,8,8,9,9,10,10,10-nonadecafluoro-",毒化物,,,,,,,
63967-42-0,,"Undecanal, 2,2,3,3,4,4,5,5,6,6,7,7,8,8,9,9,10,10,11,11,11-
heneicosafluoro-",毒化物,,,,,,,
56900-98-2,,"Ethanol, 2-[2-[(3,3,4,4,5,5,6,6,7,7,8,8,9,9,10,10,10-
heptadecafluorodecyl)oxy]ethoxy]-",毒化物,,,,,,,
88243-13-4,,"Propanol, [2-[(3,3,4,4,5,5,6,6,7,7,8,8,9,9,10,10,10-
heptadecafluorodecyl)oxy]methylethoxy]-",毒化物,,,,,,,
88243-12-3,,"Ethanol, 2-[2-[2-[(3,3,4,4,5,5,6,6,7,7,8,8,9,9,10,10,10-
heptadecafluorodecyl)oxy]methylethoxy] methylethoxy]-",毒化物,,,,,,,
55427-54-8,,"3,6,9,12-Tetraoxadocosan-1-ol, 15,15,16,16,17, 17,18,18,19,19,20,20,21,21,22,22,22-heptadecafluoro-",毒化物,,,,,,,
88271-22-1,,"3,6,9,12-Tetraoxadocosan-1-ol, 15,15,16,16,17, 17,18,18,19,19,20,20,21,21,22,22,22-heptadecafluorodimethyl-",毒化物,,,,,,,
88243-14-5,,"3,6,9,12-Tetraoxadocosan-1-ol, 15,15,16,16,17, 17,18,18,19,19,20,20,21,21,22,22,22-heptadecafluorotetramethyl-",毒化物,,,,,,,
88243-15-6,,"3,6,9,12,15-Pentaoxapentacosan-1-ol, 18,18,19,
19,20,20,21,21,22,22,23,23,24,24,25,25,25-
heptadecafluoropentamethyl-",毒化物,,,,,,,
88247-39-6,,"3,6,9,12,15,18-Hexaoxaoctacosan-1-ol, 21,21,22, 22,23,23,24,24,25,25,26,26,27,27,28,28,28-heptadecafluoro-",毒化物,,,,,,,
88243-11-2,,"3,6,9,12,15,18-Hexaoxaoctacosan-1-ol, 21,21,22,
22,23,23,24,24,25,25,26,26,27,27,28,28,28-
heptadecafluoropentamethyl-",毒化物,,,,,,,
88243-16-7,,"3,6,9,12,15,18-Hexaoxaoctacosan-1-ol, 21,21,22, 22,23,23,24,24,25,25,26,26,27,27,28,28,28-heptadecafluoro
hexamethyl-",毒化物,,,,,,,
88243-10-1,,"3,6,9,12,15,18,21-Heptaoxahentriacontan-1-ol, 24,24,25,25,26,26,27,27,28,28,29,29,30,30,31,31,31-
heptadecafluoropentamethyl-",毒化物,,,,,,,
88247-40-9,,"3,6,9,12,15,18,21,24-Octaoxatetratriacontan-1-ol, 27,27,28,28,29,29,30,30,31,31,32,32,33,33,34,34,34-heptadecafluoro-",毒化物,,,,,,,
88243-17-8,,"3,6,9,12,15,18,21,24-Octaoxatetratriacontan-1-ol, 27,27,28,28,29,29,30,30,31,31,32,32,33,33,34,34,34-
heptadecafluorooctamethyl-",毒化物,,,,,,,
88243-09-8,,"3,6,9,12,15-Pentaoxapentacosan-1-ol, 18,18,
19,19,20,20,21,21,22,22,23,23,24,24,25,25,25-
heptadecafluoropentamethyl-, acetate",毒化物,,,,,,,
121500-31-0,,"1,2-Propanediol, 3-[(3,3,4,4,5,5,6,6,7,7,8,8,9,9,10,10,10-
heptadecafluorodecyl)oxy]-",毒化物,,,,,,,
67549-47-7,,"11,14,17,20,23,26,29,32-Octaoxaoctatetracontan-33-one, 1,1,1,2,2,3,3,4,4,5,5,6,6,7,7,8,8-heptadecafluoro-",毒化物,,,,,,,
67535-33-5,,"Tridecanoic acid, 27,27,28,28,29,29,30,30,31,31,32,32,33,33,34,34,34-
heptadecafluoro-3,6,9,12, 15,18,21,24-octaoxatetra triacont-1-yl ester",毒化物,,,,,,,
38565-53-6,,"Oxirane, 2-(2,2,3,3,4,4,5,5,6,6,7,7,8,8,9,9,9-heptadecafluorononyl)-",毒化物,,,,,,,
114482-33-6,,"Oxirane, 2-[[(3,3,4,4,5,5,6,6,7,7,8,8,9,9,10,10,10-
heptadecafluorodecyl)oxy]methyl]-",毒化物,,,,,,,
99679-40-0,,"1-Decanaminium, N,N-diethyl-3,3,4,4,5,5,6,6,7,7,8,8,9,9,10,10,10-
heptadecafluoro-2-hydroxy-N-methyl-, iodide (1:1)",毒化物,,,,,,,
93776-18-2,,"1-Undecanaminium, 4,4,5,5,6,6,7,7,8,8,9,9,10,10,11,11,11-
heptadecafluoro-2-hydroxy-N,N-bis(2-hydroxyethyl)-N-methyl-, iodide (1:1)",毒化物,,,,,,,
94817-79-5,,"2-Undecanol, 3,3,4,4,5,5,6,6,7,7,8,8,9,9,10,10,11,11,11-
nonadecafluoro-1-[(1-methylpropyl) amino]-",毒化物,,,,,,,
94817-80-8,,"2-Dodecanol, 4,4,5,5,6,6,7,7,8,8,9,9,10,10,11,11,12,12,12-
nonadecafluoro-1-[(1-methylpropyl) amino]-",毒化物,,,,,,,
121912-26-3,,"1-Propanaminium, 3-[[4-[(3,3,4,4,5,5,6,6,7,7,8,8,9,9,10,10,10-
heptadecafluorodecyl)oxy]-1,4-dioxo-2-buten-1-yl]amino]-N,N,N- trimethyl-, iodide (1:1)",毒化物,,,,,,,
25935-14-2,,"Pyridinium, 1-(3,3,4,4,5,5,6,6,7,7,8,8,9,9,10,10,10-
heptadecafluorodecyl)-, iodide (1:1)",毒化物,,,,,,,
100155-23-5,,"Ethanaminium, N-ethyl-2-[[[[3-[[[[3-[[[[3-
[[[(3,3,4,4,5,5,6,6,7,7,8,8,9,9,10,10,10-heptadeca
fluorodecyl)oxy]carbonyl]amino]methylphenyl] amino]carbonyl]amino]methylphenyl]amino]carbonyl]amino]methylph enyl]amino]carbonyl]oxy]-N,N-dimethyl-, ethyl sulfate",毒化物,,,,,,,
-,,"1-Decanamine, 3,3,4,4,5,5,6,6,7,7,8,8,9,9,10,10,10-heptadecafluoro- N,N-dimethyl-, N-oxide",毒化物,,,,,,,
-,,"1-Dodecanamine, 3,3,4,4,5,5,6,6,7,7,8,8,9,9,10,10,11,11,11-
nonadecafluoro-N,N-dimethyl-, N-oxide",毒化物,,,,,,,
100107-48-0,,"Ethanaminium, N-ethyl-2-[[[[3-[[[3-[[[3-
[[[(3,3,4,4,5,5,6,6,7,7,8,8,9,9,10,10,10-heptadeca
fluorodecyl)oxy]carbonyl]amino]methylphenyl] carbonimidoyl]amino]methylphenyl]carbonimidoyl]amino]methylphen yl]amino]carbonyl]oxy]-N,N-dimethyl-, ethyl sulfate",毒化物,,,,,,,
2089109-26-0,,"1-Decanaminium, N-(carboxymethyl)-3,3,4,4,5,5, 6,6,7,7,8,8,9,9,10,10,10-heptadecafluoro-N,N-dimethyl-",毒化物,,,,,,,
2089109-27-1,,"1-Dodecanaminium, N-(carboxymethyl)- 3,3,4,4,5,5,6,6,7,7,8,8,9,9,10,10,11,11,12,12,12-heneicosafluoro-N,N-
dimethyl-",毒化物,,,,,,,
145441-32-3,,"1-Decanaminium, N-(carboxymethyl)-3,3,4,4,5,5, 6,6,7,7,8,8,9,9,10,10,10-heptadecafluoro-N,N-dimethyl-, inner salt",毒化物,,,,,,,
171184-16-0,,"1-Dodecanaminium, N-(carboxymethyl)- 4,4,5,5,6,6,7,7,8,8,9,9,10,10,11,11,12,12,12-nonadecafluoro-N,N-
dimethyl-, inner salt",毒化物,,,,,,,
171184-17-1,,"1-Tetradecanaminium, N-(carboxymethyl)- 4,4,5,5,6,6,7,7,8,8,9,9,10,10,11,11,12,12,13,13,14,14,14-tricosafluoro-
N,N-dimethyl-, inner salt",毒化物,,,,,,,
171184-04-6,,"1-Dodecanaminium, N-(carboxymethyl)- 3,4,4,5,5,6,6,7,7,8,8,9,9,10,10,11,11,12,12,12-eicosafluoro-N,N-
dimethyl-, inner salt",毒化物,,,,,,,
2089109-30-6,,"1-Dodecanaminium, N-(carboxymethyl)-5,5,6,6, 7,7,8,8,9,9,10,10,11,11,12,12,12-heptadecafluoro-N,N-dimethyl-",毒化物,,,,,,,
80234-03-3,,"1-Undecanaminium, 2-(acetyloxy)-N-(carboxy methyl)- 4,4,5,5,6,6,7,7,8,8,9,9,10,10,11,11,11-heptadecafluoro-N,N-dimethyl-, inner salt",毒化物,,,,,,,
80244-66-2,,"1-Tridecanaminium, 2-(acetyloxy)-N-(carboxy methyl)- 4,4,5,5,6,6,7,7,8,8,9,9,10,10,11,11,12,12,13,13,13-heneicosafluoro-
N,N-dimethyl-, inner salt",毒化物,,,,,,,
34143-74-3,,"1-Decanethiol, 3,3,4,4,5,5,6,6,7,7,8,8,9,9,10,10,10-heptadecafluoro-",毒化物,,,,,,,
76830-13-2,,"2-Propenamide, telomer with 3,3,4,4,5,5,6,6,7,7,8,8,9,9,10,10,10- heptadecafluoro-1-decanethiol",毒化物,,,,,,,
121913-10-8,,"2-Propenamide, telomer with 3,3,4,4,5,5,6,6,7,7,8,8,9,9,10,10,11,11,12,12,12-heneicosafluoro-1-
dodecanethiol",毒化物,,,,,,,
39108-34-4,,"1-Decanesulfonic acid, 3,3,4,4,5,5,6,6,7,7,8,8,9,9,10,10,10-
heptadecafluoro-",毒化物,,,,,,,
120226-60-0,,"1-Dodecanesulfonic acid,3,3,4,4,5,5,6,6,7,7,8,8,9,9,10,10,11,11,12,12,12-heneicosafluoro-",毒化物,,,,,,,
438237-73-1,,"1-Decanesulfonic acid, 3,3,4,4,5,5,6,6,7,7,8,8,9,9,10,10,10-
heptadecafluoro-, potassium salt (1:1)",毒化物,,,,,,,
63225-57-0,,"1-Decanol, 3,3,4,4,5,5,6,6,7,7,8,8,9,9,10,10,10-hepta decafluoro-, 1- (hydrogen sulfate), ammonium salt (1:1)",毒化物,,,,,,,
63225-58-1,,"1-Dodecanol, 3,3,4,4,5,5,6,6,7,7,8,8,9,9,10,10,11,11,12,12,12-
heneicosafluoro-, 1-(hydrogen sulfate), ammonium salt (1:1)",毒化物,,,,,,,
54950-06-0,,"Butanedioic acid, 2-sulfo-, 1,4-bis(3,3,4,4,5,5,6,6,7,7,8,8,9,9,10,10,10- heptadecafluorodecyl) ester, sodium salt (1:1)",毒化物,,,,,,,
441765-12-4,,"Acetic acid, 2-[(3,3,4,4,5,5,6,6,7,7,8,8,9,9,10,10,10-
heptadecafluorodecyl)thio]-, lithium salt (1:1)",毒化物,,,,,,,
54207-62-4,,"Propanoic acid, 3-[(3,3,4,4,5,5,6,6,7,7,8,8,9,9,10,10,10-
heptadecafluorodecyl)thio]-",毒化物,,,,,,,
481050-04-8,,"Propanoic acid, 3-[(3,3,4,4,5,5,6,6,7,7,8,8,9,9,10,10,10-
heptadecafluorodecyl)thio]-, lithium salt (1:1)",毒化物,,,,,,,
441765-14-6,,"Ethanesulfonic acid, 2-[(3,3,4,4,5,5,6,6,7,7,8,8,9,9,10,10,10-
heptadecafluorodecyl)thio]-, lithium salt (1:1)",毒化物,,,,,,,
160819-47-6,,"2-Propanol, 1,3-bis[(3,3,4,4,5,5,6,6,7,7,8,8,9,9,10,10,10-
heptadecafluorodecyl)thio]-",毒化物,,,,,,,
160819-50-1,,"2-Propanol, 1-[(2-dodecylhexadecyl)oxy]-3- [(3,3,4,4,5,5,6,6,7,7,8,8,9,9,10,10,10-heptadecafluorodecyl)thio]-",毒化物,,,,,,,
160819-49-8,,"2-Propanol, 1-[(2-decyltetradecyl)oxy]-3- [(3,3,4,4,5,5,6,6,7,7,8,8,9,9,10,10,10-heptadecafluorodecyl)thio]-",毒化物,,,,,,,
121912-28-5,,"2,5,8,11,14,17,20,23-Octaoxa-27-thiaheptatria contan-25-ol, 30,30,31,31,32,32,33,33,34,34,35,35,36,36,37,37,37-heptadecafluoro-",毒化物,,,,,,,
727351-53-3,,"1-Propanaminium, 2-hydroxy-N,N,N-trimethyl-3- [(3,3,4,4,5,5,6,6,7,7,8,8,9,9,10,10,10-heptadecafluorodecyl)thio]-",毒化物,,,,,,,
1513864-17-9,,"1-Propanaminium, 2-hydroxy-N,N,N-trimethyl-3- [(3,3,4,4,5,5,6,6,7,7,8,8,9,9,10,10,11,11,12,12,12-
heneicosafluorododecyl)sulfinyl]-",毒化物,,,,,,,
71940-07-3,,"1-Propanaminium, 2-hydroxy-N,N,N-trimethyl-3- [(3,3,4,4,5,5,6,6,7,7,8,8,9,9,10,10,10-heptadecafluorodecyl)thio]-, chloride (1:1)",毒化物,,,,,,,
-,,"1-Propanaminium, 2-hydroxy-N,N,N-trimethyl-3- [(3,3,4,4,5,5,6,6,7,7,8,8,9,9,10,10,11,11,12,12,12-
heneicosafluorododecyl)thio]-, chloride (1:1)",毒化物,,,,,,,
71625-52-0,,"Ethanaminium, 2-[2-[(3,3,4,4,5,5,6,6,7,7,8,8,9,9,10,10,10-
heptadecafluorodecyl)thio]ethoxy]-N,N,N-trimethyl-, iodide (1:1)",毒化物,,,,,,,
1513863-91-6,,"Acetamide, N-[3-(dimethylamino)propyl]-2- [(3,3,4,4,5,5,6,6,7,7,8,8,9,9,10,10,10-heptadecafluorodecyl)thio]-",毒化物,,,,,,,
1513863-92-7,,"Acetamide, N-[3-(dimethylamino)propyl]-2- [(3,3,4,4,5,5,6,6,7,7,8,8,9,9,10,10,11,11,12,12,12-
heneicosafluorododecyl) thio]-",毒化物,,,,,,,
704870-51-9,,"1-Propanaminium, 3-[[2-[(3,3,4,4,5,5,6,6,7,7,8,8,9,9,10,10,10-
heptadecafluorodecyl)thio]acetyl] amino]-N,N,N-trimethyl-",毒化物,,,,,,,
1513864-01-1,,"1-Propanaminium, 3-[[2-[(3,3,4,4,5,5,6,6,7,7,8,8,
9,9,10,10,11,11,12,12,12-heneicosafluorododecyl)thio]acetyl]amino]- N,N,N-trimethyl-",毒化物,,,,,,,
67333-62-4,,"1-Propanaminium, N-ethyl-3-[[3-[(3,3,4,4,5,5,6,6,7,7,8,8,9,9,10,10,10-
heptadecafluorodecyl) thio]-2-methyl-1-oxopropyl]amino]-N,N- dimethyl-, ethyl sulfate (1:1)",毒化物,,,,,,,
1513863-96-1,,"1-Propanaminium, N-(carboxymethyl)-3-[[2- [(3,3,4,4,5,5,6,6,7,7,8,8,9,9,10,10,10-heptadecafluorodecyl)thio]acetyl] amino]-N,N-dimethyl-, inner salt",毒化物,,,,,,,
1513863-97-2,,"1-Propanaminium, N-(carboxymethyl)-3-[[2- [(3,3,4,4,5,5,6,6,7,7,8,8,9,9,10,10,11,11,12,12,12-
heneicosafluorododecyl) thio]acetyl] amino]-N,N-dimethyl-, inner salt",毒化物,,,,,,,
1383438-89-8,,"Butanoic acid, 4-[[3-(dimethylamino)propyl] amino]-2- [(3,3,4,4,5,5,6,6,7,7,8,8,9,9,10,10,10-heptadecafluorodecyl) thio]-4- oxo-",毒化物,,,,,,,
1383438-90-1,,"Butanoic acid, 4-[[3-(dimethylamino)propyl] amino]-2- [(3,3,4,4,5,5,6,6,7,7,8,8,9,9,10,10,11,11,12,12,12-heneicosa
fluorododecyl)thio]-4-oxo-",毒化物,,,,,,,
93128-66-6,,"Glycine, N-[3-[(3,3,4,4,5,5,6,6,7,7,8,8,9,9,10,10,10-
heptadecafluorodecyl)thio]-2-hydroxypropyl]-N-methyl-",毒化物,,,,,,,
755698-73-8,,"1-Propanesulfonic acid, 2-[[3-[(3,3,4,4,5,5,6,6,7,7,8,8,9,9,10,10,10-
heptadecafluorodecyl)thio]-1-oxopropyl]amino]-2-methyl-",毒化物,,,,,,,
690947-60-5,,"1-Propanesulfonic acid, 2-[[3-[(3,3,4,4,5,5,6,6, 7,7,8,8,9,9,10,10,11,11,12,12,12-heneicosafluorododecyl)thio]-1- oxopropyl] amino]-2-methyl-",毒化物,,,,,,,
62880-96-0,,"1-Propanesulfonic acid, 2-[[3-[(3,3,4,4,5,5,6,6,7,7,8,8,9,9,10,10,10-
heptadecafluorodecyl)thio]-1-oxopropyl]amino]-2-methyl-, sodium salt (1:1)",毒化物,,,,,,,
62880-98-2,,"1-Propanesulfonic acid, 2-[[3-
[(3,3,4,4,5,5,6,6,7,7,8,8,9,9,10,10,11,11,12,12,12-
heneicosafluorododecyl)thio]-1-oxopropyl]amino]-2-methyl-, sodium salt (1:1)",毒化物,,,,,,,
1513864-19-1,,"1-Propanaminium, 2-hydroxy-N,N,N-trimethyl-3- [(3,3,4,4,5,5,6,6,7,7,8,8,9,9,10,10,10-heptadecafluorodecyl)sulfinyl]-",毒化物,,,,,,,
1513864-12-4,,"1-Propanesulfonic acid, 2-[[3-[(3,3,4,4,5,5,6,6,7,7,8,8,9,9,10,10,10-
heptadecafluorodecyl) sulfinyl]-1-oxopropyl]amino]-2-methyl-",毒化物,,,,,,,
1513864-11-3,,"1-Propanesulfonic acid, 2-[[3-
[(3,3,4,4,5,5,6,6,7,7,8,8,9,9,10,10,11,11,12,12,12-
heneicosafluorododecyl)sulfinyl]-1-oxopropyl]amino]-2-methyl-",毒化物,,,,,,,
80475-33-8,,"1-Decanesulfonamide, N-[3-(dimethyloxido amino)propyl]- 3,3,4,4,5,5,6,6,7,7,8,8,9,9,10,10,10-heptadecafluoro-",毒化物,,,,,,,
34455-23-7,,"1-Decanesulfonamide, N-[3-(dimethylamino) propyl]- 3,3,4,4,5,5,6,6,7,7,8,8,9,9,10,10,10-heptadecafluoro-",毒化物,,,,,,,
34455-24-8,,"1-Dodecanesulfonamide, N-[3-(dimethylamino) propyl]- 3,3,4,4,5,5,6,6,7,7,8,8,9,9,10,10,11,11,12,12,12-heneicosafluoro-",毒化物,,,,,,,
438237-77-5,,"1-Propanaminium, 3-[[(3,3,4,4,5,5,6,6,7,7,8,8,9,9,10,10,10-
heptadecafluorodecyl)sulfonyl] amino]-N,N,N-trimethyl-, 4-
methylbenzene sulfonate (1:1)",毒化物,,,,,,,
34455-21-5,,"1-Propanaminium, N-(carboxymethyl)-3- [[(3,3,4,4,5,5,6,6,7,7,8,8,9,9,10,10,10-
heptadecafluorodecyl)sulfonyl]amino]-N,N-dimethyl-, inner salt",毒化物,,,,,,,
34455-35-1,,"1-Propanaminium, N-(carboxymethyl)-3- [[(3,3,4,4,5,5,6,6,7,7,8,8,9,9,10,10,11,11,12,12,12-
heneicosafluorododecyl)sulfonyl]amino]-N,N-dimethyl-, inner salt",毒化物,,,,,,,
34695-29-9,,"Ethanaminium, N-(2-carboxyethyl)-2-[[(3,3,4,4, 5,5,6,6,7,7,8,8,9,9,10,10,10-heptadecafluorodecyl)sulfonyl]amino]- N,N-dimethyl-, inner salt",毒化物,,,,,,,
34695-31-3,,"Ethanaminium, N-(2-carboxyethyl)-2-[[(3,3,4,4, 5,5,6,6,7,7,8,8,9,9,10,10,11,11,12,12,12-heneicosafluorododecyl) sulfonyl]amino]-N,N-dimethyl-, inner salt",毒化物,,,,,,,
441765-18-0,,"Glycine, N-[(3,3,4,4,5,5,6,6,7,7,8,8,9,9,10,10,10-
heptadecafluorodecyl)sulfonyl]-N-propyl-, lithium salt",毒化物,,,,,,,
98900-53-9,,"β-Alanine, N-(2-carboxyethyl)-N-[6-[[(3,3,4,4, 5,5,6,6,7,7,8,8,9,9,10,10,10-heptadecafluoro decyl)sulfonyl]amino]hexyl]-, dipotassium salt",毒化物,,,,,,,
115592-83-1,,"2-Propenoic acid, 3,3,4,4,5,5,6,6,7,7,8,8,9,9,10,10,11,11,12,12,12-
heneicosafluorododecyl ester, polymer with 3,3,4,4,5,5,6,6,7,7,8,8,9,9,10,10,10-heptadecafluorodecyl 2-propenoate, hexadecyl 2-propenoate, N-(hydroxymethyl)-2-propenamide, octadecyl 2-propenoate, 3,3,4,4,5,5,6,6,7,7,
8,8,9,9,10,10,11,11,12,12,13,13,14,14,14-pentacosafluorotetradecyl 2- propenoate and 3,3,4,4,5,5,6,6,7,7,8,8,8-tridecafluorooctyl 2-
propenoate",毒化物,,,,,,,
129783-45-5,,"2-Propenoic acid, 2-methyl-, C10-16-alkyl esters, polymers with 2-
hydroxyethyl methacrylate, Me methacrylate and γ-ω-perfluoro-C8-14- alkyl acrylate",毒化物,,,,,,,
144031-01-6,,"2-Propenoic acid, dodecyl ester, polymers with Bu (1-oxo-2-
propenyl)carbamate and γ-ω-perfluoro-C8-14-alkyl acrylate",毒化物,,,,,,,
116984-14-6,,"2-Propenoic acid, 3,3,4,4,5,5,6,6,7,7,8,8,9,9,10,10,11,11,12,12,12-
heneicosafluorododecyl ester, polymer with 3,3,4,4,5,5,6,6,7,7,8,8,9,9,10,10,10-heptadecafluorodecyl 2-propenoate, alpha-(2-methyl-1-oxo-2-propenyl)-omega-[(2-methyl-1-oxo-2- propenyl)oxy]poly(oxy-1,2-ethanediyl), 3,3,4,4,5,5,6,6,7,7,8,8,9,9,10,10,11,11,12,12,13,13,14,14,15,15,16,16,1
6-nonacosafluorohexadecyl 2-propenoate, octadecyl 2-propenoate, 3,3,4,4,5,5,6,6,7,7,8,8,9,9,10,10,11,11,12,12,13,13,14,14,14-
pentacosafluorotetradecyl 2-propenoate and 3,3,4,4,5,5,6,6,7,7,8,8,9,9,10,10,
11,11,12,12,13,13,14,14,15,15,16,16,17,17,18,18,18-
tritriacontafluorooctadecyl 2-propenoate",毒化物,,,,,,,
74049-08-4,,"2-Propenoic acid, 3,3,4,4,5,5,6,6,7,7,8,8,9,9,10,10,10-
heptadecafluorodecyl ester, homopolymer",毒化物,,,,,,,
65104-45-2,,"2-Propenoic acid, 2-methyl-, 3,3,4,4,5,5,6,6,7,7,8,8,9,9,10,10,11,11,12,12,12-
heneicosafluorododecyl ester, polymer with 3,3,4,4,5,5,6,6,7,7,8,8,9,9,10,10,10-heptadecafluorodecyl 2-methyl-2- propenoate, methyl 2-methyl-2-propenoate,3,3,4,4,5,5,6,6, 7,7,8,8,9,9,10,10,11,11,12,12,13,13,14,14,14-pentacosafluorotetradecyl 2-methyl-2-propenoate and 3,3,4,4,5,5,6,6,7,7,8,8,8-tridecafluorooctyl
2-methyl-2-propenoate",毒化物,,,,,,,
53515-73-4,,"2-Propenoic acid, 2-methyl-, 2,2,3,3,4,4,5,5,6,6,7,7,8,8,8- pentadecafluorooctyl ester, polymer with 2-propenoic acid",毒化物,,,,,,,
93480-00-3,,"Poly(oxy-1,2-ethanediyl),a-[2-[2,2,3,3,4,4,5,5,6,6,7,7,8,8,8-
pentadecafluoro-1-oxooctyl) amino]ethyl]-ɷ-hydroxy",毒化物,,,,,,,
934505-67-6,,"2-Propenoic acid, polymer with 2-ethenylnaphthalene and 4,4,5,5,6,6,7,7,8,8,9,9,10,10,11,11,11-heptadecafluoro-2-
hydroxyundecyl 2-propenoate",毒化物,,,,,,,
142636-88-2,,"2-Propenoic acid, 2-methyl-, octadecyl ester, polymer with 3,3,4,4,5,5,6,6,7,7,8,8,9,9,10,10,11,11,12,12,12-
heneicosafluorododecyl 2-propenoate, 3,3,4,4,5,5,6,6,7,7,8,8,9,9,10,10,10-heptadecafluorodecyl 2-propenoate and 3,3,4,4,5,5,6,6,7,7,8,8,9,9,10,10,11,11,12,12,13,13,14,14,14-
pentacosafluorotetradecyl 2-propenoate",毒化物,,,,,,,
90622-99-4,,"Amides, C7-19, α-ω-perfluoro-N,N-bis(hydroxyethyl)",毒化物,,,,,,,
71356-38-2,,"Piperazinium, 1-(carboxymethyl)-1-(2-hydroxyethyl)-4- (2,2,3,3,4,4,5,5,6,6,7,7,8,8,9,9,10,10,10-nonadecafluoro-1-oxodecyl)-, inner salt",毒化物,,,,,,,
85681-64-7,,"2-Propenoic acid, perfluoro-C8-16-alkyl esters",毒化物,,,,,,,
125328-29-2,,"2-Propenoic acid, 2-methyl-, C10-16-alkyl esters, polymers with 2-
hydroxyethylmethacrylate, Me methacrylate and perfluoro-C8-14-alkyl acrylate",毒化物,,,,,,,
325459-92-5,,"Phosphine, tris[4-(3,3,4,4,5,5,6,6,7,7,8,8,9,9,10,10,10-heptadecafluorodecyl)phenyl]-",毒化物,,,,,,,
326475-46-1,,"Palladium, dichlorobis[tris[4-(3,3,4,4,5,5,6,6,7,7,8,8,9,9,10,10,10- heptadecafluorodecyl)phenyl]phosphine-κP]-",毒化物,,,,,,,
39186-68-0,,"1-Propanaminium, N-(2-carboxyethyl)-N,N-bis(2-hydroxyethyl)-3- [(2,2,3,3,4,4,5,5,6,6,7,7,8,8,8-pentadecafluoro-1-oxooctyl)amino]-, inner salt",毒化物,,,,,,,
41358-63-8,,"Octanamide, N-[3-[bis(2-hydroxyethyl)amino]propyl]- 2,2,3,3,4,4,5,5,6,6,7,7,8,8,8-pentadecafluoro-",毒化物,,,,,,,
24216-05-5,,"Benzenesulfonyl chloride, 3,4-bis[(2,2,3,3,4,4,5,5,6,6,7,7,8,8,8- pentadecafluoro-1-oxooctyl)amino]-",毒化物,,,,,,,
53517-98-9,,"1-Propanaminium,N,N,N-trimethyl-3- [(2,2,3,3,4,4,5,5,6,6,7,7,8,8,8- pentadecafluoro-1-oxooctyl) amino]-, chloride (1:1)",毒化物,,,,,,,
335-90-0,,"1-Propanaminium, N,N,N-trimethyl-3-[(2,2,3,3,4,4,5,5,6,6,7,7,8,8,8- pentadecafluoro-1-oxooctyl) amino]-, iodide (1:1)",毒化物,,,,,,,
85938-56-3,,"Octanamide, N-(3-aminopropyl)-2,2,3,3,4,4,5,5,6,6,7,7,8,8,8- pentadecafluoro-",毒化物,,,,,,,
89685-61-0,,"1-Propanesulfonic acid,3-[ethyl (2,2,3,3,4,4,5,5,6,6,7,7,8,8,8-
pentadecafluoro-1-oxooctyl)amino]-,sodium salt (1:1)",毒化物,,,,,,,
84029-60-7,,"Nonene, heptadecafluoro-1-[(2,2,3,3,4,4,5,5,6,6,7,7,8,8,8- pentadecafluorooctyl)oxy]-",毒化物,,,,,,,
138473-79-7,,"Glycine, N-ethyl-N-(2,2,3,3,4,4,5,5,6,6,7,7,8,8,8-pentadecafluoro-1- oxooctyl)-, ammonium salt",毒化物,,,,,,,
89932-71-8,,"Octanamide, 2,2,3,3,4,4,5,5,6,6,7,7,8,8,8-pentadecafluoro-N-(14- hydroxy-3,6,9,12-tetraoxatetradec-1-yl)-",毒化物,,,,,,,
178766-44-4,,"Ethanaminium, N,N,N-trimethyl-2-[(2,2,3,3,4,4,5,5,6,6,7,7,7- pentadecafluoro-1-oxooctyl)amino]-, chloride (1:1)",毒化物,,,,,,,
376-23-8,,"Octanamide, N-[3-(dimethylamino)propyl]- 2,2,3,3,4,4,5,5,6,6,7,7,8,8,8-pentadecafluoro-",毒化物,,,,,,,
91707-61-8,,"1-Pentanaminium, N,N,N-trimethyl-5-[(2,2,3,3,4,4,5,5,6,6,7,7,8,8,8- pentadecafluoro-1-oxooctyl)amino]-, iodide (1:1)",毒化物,,,,,,,
30295-53-5,,"Octanamide, N-[3-(dimethyloxidoamino)propyl]- 2,2,3,3,4,4,5,5,6,6,7,7,8,8,8-pentadecafluoro-",毒化物,,,,,,,
308-01-0,,"Pyridinium, 1-[2-[(2,2,3,3,4,4,5,5,6,6,7,7,8,8,8-pentadecafluoro-1- oxooctyl)amino]ethyl]-, chloride (1:1)",毒化物,,,,,,,
331755-02-3,,"Pyridinium, 1-[2-[(2,2,3,3,4,4,5,5,6,6,7,7,8,8,8-pentadecafluoro-1- oxooctyl)amino]ethyl]-, bromide (1:1)",毒化物,,,,,,,
103555-98-2,,"Piperazinium, 1-(2-hydroxyethyl)-1-methyl-4- (2,2,3,3,4,4,5,5,6,6,7,7,8,8,8-pentadecafluoro-1-oxooctyl)-, chloride (1:1)",毒化物,,,,,,,
90179-39-8,,"1-Propanaminium, N-(carboxymethyl)-N,N-dimethyl-3- [(2,2,3,3,4,4,5,5,6,6,7,7,8,8,8-pentadecafluoro-1-oxooctyl)amino]-, inner salt",毒化物,,,,,,,
5158-52-1,,"1-Propanaminium, N-(2-carboxyethyl)-3-[(2,2,3,3,4,4,5,5,6,6,7,7,8,8,8- pentadecafluoro-1-oxooctyl)amino]-N,N-dimethyl-, inner salt",毒化物,,,,,,,
57670-46-9,,"Ethanesulfonic acid, 2-[ethyl(2,2,3,3,4,4,5,5,6,6,7,7,8,8,8- pentadecafluoro-1-oxooctyl)amino]-, potassium salt (1:1)",毒化物,,,,,,,
98900-76-6,,"1-Propanesulfonic acid, 3-[(3-aminopropyl) (2,2,3,3,4,4,5,5,6,6,7,7,8,8,8-pentadecafluoro-1-oxooctyl)amino]-2- hydroxy-, sodium salt (1:1)",毒化物,,,,,,,
98900-75-5,,"Benzenesulfonic acid, 4-[[[3-(methylamino) propyl](2,2,3,3,4,4,5,5,6,6,7,7,8,8,8-pentadecafluoro-1- oxooctyl)amino]methyl]-, sodium salt (1:1)",毒化物,,,,,,,
98046-76-5,,"Octanamide, 2,2,3,3,4,4,5,5,6,6,7,7,8,8,8-pentadecafluoro-N-[3- (trimethoxysilyl)propyl]-",毒化物,,,,,,,
154380-30-0,,"Poly(oxy-1,2-ethanediyl), α-[dimethoxy[3-[(2,2,3,3,4,4,5,5,6,6,7,7,8,8,8-pentadecafluoro-1- oxooctyl)amino]propyl]silyl]-ω-[[dimethoxy[3- [(2,2,3,3,4,4,5,5,6,6,7,7,8,8,8-pentadecafluoro-1- oxooctyl)amino]propyl]silyl]oxy]-",毒化物,,,,,,,
355-46-4,,"1-Hexanesulfonic acid, 1,1,2,2,3,3,4,4,5,5,6,6,6-tridecafluoro-; Perfluorohexanesulfonic acid (PFHxS)",毒化物,,,,,,,
111393-39-6,,"1-Hexanesulfonyl bromide, 1,1,2,2,3,3,4,4,5,5,6,6,6-tridecafluoro-",毒化物,,,,,,,
1270179-82-2,,"1-Hexanesulfonamide, 1,1,2,2,3,3,4,4,5,5,6,6,6-tridecafluoro-N,N- dimethyl-",毒化物,,,,,,,
1270179-93-5,,"1-Hexanesulfonamide, N,N-diethyl-1,1,2,2,3,3,4,4,5,5,6,6,6- tridecafluoro-",毒化物,,,,,,,
127133-66-8,,"2-Propenoic acid, 2-methyl-, polymers with Bu methacrylate, lauryl methacrylate and 2-[methyl[(perfluoro-C4-8- alkyl)sulfonyl]amino]ethyl methacrylate",毒化物,,,,,,,
129813-71-4,,"Sulfonamides, C4-8-alkane, perfluoro, N-methyl-N-(2-oxiranylmethyl)",毒化物,,,,,,,
141607-32-1,,"β-Alanine, N-[3-(dimethylamino)propyl]-N-[(1,1,2,2,3,3,4,4,5,5,6,6,6-
tridecafluorohexyl)sulfonyl]-",毒化物,,,,,,,
1427176-17-7,,"1-Hexanesulfonamide, N-ethyl-1,1,2,2,3,3,4,4,5,5,6,6,6-tridecafluoro- N-methyl-",毒化物,,,,,,,
1427176-20-2,,"1-Hexanesulfonamide, 1,1,2,2,3,3,4,4,5,5,6,6,6-tridecafluoro-N,N- bis(2-methoxyethyl)-",毒化物,,,,,,,
147029-28-5,,"Benzenamine, 4-[(1,1,2,2,3,3,4,4,5,5,6,6,6-
tridecafluorohexyl)sulfonyl]-",毒化物,,,,,,,
148240-80-6,,"Fatty acids, C18-unsatd., trimers, 2-[methyl[(1,1,2,2,3,3,4,4,5,5,6,6,6- tridecafluorohexyl)sulfonyl]amino]ethyl esters",毒化物,,,,,,,
148684-79-1,,"Sulfonamides, C4-8-alkane, perfluoro, N-(hydroxyethyl)-N-methyl, reaction products with 1,6-diisocyanatohexane homopolymer and ethylene glycol",毒化物,,,,,,,
149652-30-2,,"Benzene, 1-fluoro-4-[(1,1,2,2,3,3,4,4,5,5,6,6,6-
tridecafluorohexyl)sulfonyl]-",毒化物,,,,,,,
160305-97-5,,"Benzoic acid, 2,3,4,5-tetrachloro-6-[[(3- hydroxyphenyl)amino]carbonyl]-, perfluoro-C6-8-alkanesulfonates (esters), monopotassium salts",毒化物,,,,,,,
160336-17-4,,"2-Propenoic acid, butyl ester, polymers with 2-[methyl[(perfluoro-C4- 8-alkyl)sulfonyl]amino]ethyl acrylate",毒化物,,,,,,,
160901-25-7,,"Sulfonamides, C4-8-alkane, perfluoro, N-ethyl-N-(hydroxyethyl), reaction products with 2-ethyl-1-hexanol and polymethylenepolyphenylene isocyanate",毒化物,,,,,,,
160901-26-8,,"Sulfonamides, C4-8-alkane, perfluoro, N-ethyl-N-(hydroxyethyl), reaction products with 2-ethyl-1-hexanol, Me Et ketone oxime and polymethylenepolyphenylene isocyanate",毒化物,,,,,,,
161074-58-4,,"Fatty acids, C18-unsatd., trimers, 2-[methyl[(perfluoro-C4-8- alkyl)sulfonyl]amino]ethyl esters",毒化物,,,,,,,
1645842-67-6,,"Sulfonamides, C4-8-alkane, perfluoro, N-(3-chloro-2-hydroxypropyl)- N-methyl",毒化物,,,,,,,
1645850-46-9,,"Sulfonamides, C7-8-alkane, perfluoro, N-ethyl-N-(hydroxyethyl), reaction products with 1,3-bis(isocyanatomethyl)benzene and N-butyl- 1-butanamine",毒化物,,,,,,,
1645852-09-0,,"Sulfonamides, C7-8-alkane, perfluoro, N-ethyl-N-(hydroxyethyl), reaction products with 1,3-bis(isocyanatomethyl)benzene",毒化物,,,,,,,
1645852-10-3,,"Siloxanes and Silicones, di-Me, Bu group- and 3-[(2-methyl-1-oxo-2- propen-1-yl)oxy]propyl group-terminated, telomers with acrylic acid, di-Me, Me 3-mercaptopropyl siloxanes, Me acrylate, Me methacrylate and 2-[methyl[(perfluoro-c4-8-alkyl)sulfonyl]amino]ethyl acrylate, 2,2'-(1,2-diazenediyl)bis[2-methylpropanenitrile]-initiated",毒化物,,,,,,,
1648534-82-0,,"2-Propenoic acid, polymers with lauryl acrylate and 2- [methyl[(perfluoro-C4-8-alkyl)sulfonyl]amino]ethyl acrylate",毒化物,,,,,,,
1648539-69-8,,"Poly(oxy-1,2-ethanediyl), α-[2-(methylamino)ethyl]-ω-hydroxy-, N-
[(perfluoro-C4-8-alkyl)sulfonyl] derivs., C12-16-alkyl ethers",毒化物,,,,,,,
1648540-20-8,,"2-Propenoic acid, 2-(methylamino)ethyl ester, N-[(perfluoro-C4-8- alkyl)sulfonyl] derivs., polymers with propene",毒化物,,,,,,,
171561-95-8,,"Benzene, 1-nitro-4-[(1,1,2,2,3,3,4,4,5,5,6,6,6-
tridecafluorohexyl)sulfonyl]-",毒化物,,,,,,,
178094-71-8,,"1-Hexanesulfonamide, N-[3-(dimethyloxidoamino)propyl]- 1,1,2,2,3,3,4,4,5,5,6,6,6-tridecafluoro-, potassium salt (1:1)",毒化物,,,,,,,
178535-22-3,,"Sulfonamides, C4-8-alkane, perfluoro, N-ethyl-N-(hydroxyethyl), polymers with 1,1'-methylenebis[4-isocyanatobenzene] and polymethylenepolyphenylene isocyanate, 2-ethylhexyl esters, Me Et ketone oxime-blocked",毒化物,,,,,,,
179005-06-2,,"Sulfonamides, C4-8-alkane, perfluoro, N-[3- (dimethyloxidoamino)propyl], potassium salts",毒化物,,,,,,,
179005-07-3,,"Sulfonamides, C4-8-alkane, perfluoro, N-[3- (dimethyloxidoamino)propyl]",毒化物,,,,,,,
1893-52-3,,"2-Propenoic acid, 2-[ethyl[(1,1,2,2,3,3,4,4,5,5,6,6,6- tridecafluorohexyl)sulfonyl]amino]ethyl ester",毒化物,,,,,,,
192662-29-6,,"Sulfonamides, C4-8-alkane, perfluoro, N-[3-(dimethylamino)propyl], reaction products with acrylic acid",毒化物,,,,,,,
222716-67-8,,"Sulfonamides, C4-8-alkane, perfluoro, N-ethyl-N-(hydroxyethyl), reaction products with poly(Bu acrylate) and polyethylene- polypropylene glycol mono-Bu ether",毒化物,,,,,,,
254889-10-6,,"Pyridinium, 1-[[(1,1,2,2,3,3,4,4,5,5,6,6,6-
tridecafluorohexyl)sulfonyl]amino]-, inner salt",毒化物,,,,,,,
30295-56-8,,"1-Hexanesulfonamide, N-[3-(dimethyloxidoamino)propyl]- 1,1,2,2,3,3,4,4,5,5,6,6,6-tridecafluoro-",毒化物,,,,,,,
306973-47-7,,"Sulfonamides, C4-8-alkane, perfluoro, N-(hydroxyethyl)-N-methyl, reaction products with 12-hydroxyoctadecanoic acid and 2,4-TDI, ammonium salts",毒化物,,,,,,,
306974-19-6,,"Sulfonamides, C4-8-alkane, perfluoro, N-methyl-N-[(3-octadecyl-2- oxo-5-oxazolidinyl)methyl]",毒化物,,,,,,,
306974-28-7,,"Siloxanes and Silicones, di-Me, mono[3-[(2-methyl-1-oxo-2-propen-1- yl)oxy]propyl group]-terminated, polymers with 2-[methyl[(perfluoro- C4-8-alkyl)sulfonyl]amino]ethyl acrylate and stearyl methacrylate",毒化物,,,,,,,
306974-45-8,,"Sulfonic acids, C6-8-alkane, perfluoro, compds. with polyethylene- polypropylene glycol bis(2-aminopropyl) ether",毒化物,,,,,,,
306974-63-0,,"Fatty acids, C18-unsatd., dimers, 2-[methyl[(perfluoro-C4-8-alkyl)sulfonyl]amino]ethyl esters",毒化物,,,,,,,
306975-62-2,,"2-Propenoic acid, 2-methyl-, dodecyl ester, polymers with 2- [methyl[(perfluoro-C4-8-alkyl)sulfonyl]amino]ethyl acrylate and vinylidene chloride",毒化物,,,,,,,
306975-84-8,,"Poly(oxy-1,2-ethanediyl), α-hydro-ω-hydroxy-, polymer with 1,6- diisocyanatohexane, N-(hydroxyethyl)-N-methylperfluoro-C4-8- alkanesulfonamides-blocked",毒化物,,,,,,,
306975-85-9,,"2-Propenoic acid, 2-methyl-, dodecyl ester, polymers with N- (hydroxymethyl)-2-propenamide, 2-[methyl[(perfluoro-C4-8- alkyl)sulfonyl]amino]ethyl methacrylate, stearyl methacrylate and vinylidene chloride",毒化物,,,,,,,
306976-25-0,,"1-Hexadecanaminium, N,N-dimethyl-N-[2-[(2-methyl-1-oxo-propen-1- yl)oxy]ethyl]-, bromide (1:1), polymers with Bu acrylate, Bu methacrylate and 2-[methyl[(perfluoro-C4-8- alkyl)sulfonyl]amino]ethyl acrylate",毒化物,,,,,,,
306976-55-6,,"2-Propenoic acid, 2-methyl-, 2-methylpropyl ester, polymer with 2,4- diisocyanato-1-methylbenzene, 2-ethyl-2-(hydroxymethyl)-1,3- propanediol and 2-propenoic acid, N-ethyl-N-(hydroxyethyl)perfluoro- C4-8-alkanesulfonamides-blocked",毒化物,,,,,,,
306977-10-6,,"2-Propenoic acid, 2-methyl-, 2-(dimethylamino)ethyl ester, telomer with 2-[ethyl[(perfluoro-C4-8-alkyl)sulfonyl]amino]ethyl methacrylate and 1-octanethiol, N-oxides",毒化物,,,,,,,
306977-58-2,,"2-Propenoic acid, 2-methyl-, 3-(trimethoxysilyl)propyl ester, polymers with acrylic acid, 2-[methyl[(perfluoro-C4-8- alkyl)sulfonyl]amino]ethyl acrylate and propylene glycol monoacrylate, hydrolyzed, compds. with 2,2'- (methylimino)bis[ethanol]",毒化物,,,,,,,
306978-04-1,,"2-Propenoic acid, butyl ester, polymers with acrylamide, 2- [methyl[(perfluoro-C4-8-alkyl)sulfonyl]amino]ethyl acrylate and vinylidene chloride",毒化物,,,,,,,
306978-65-4,,"Hexane, 1,6-diisocyanato-, homopolymer, N-(hydroxyethyl)-N- methylperfluoro-C4-8-alkanesulfonamides- and stearyl alc.-blocked",毒化物,,,,,,,
306979-40-8,,"Poly(oxy-1,2-ethanediyl), α-[2-(methylamino)ethyl]-ω-[(1,1,3,3-
tetramethylbutyl)phenoxy]-, N-[(perfluoro-C4-8-alkyl)sulfonyl] derivs.",毒化物,,,,,,,
306980-27-8,,"Sulfonamides, C4-8-alkane, perfluoro, N,N'-[1,6-hexanediylbis[(2-oxo- 3,5-oxazolidinediyl)methylene]]bis[N-methyl-",毒化物,,,,,,,
34455-03-3,,"1-Hexanesulfonamide, N-ethyl-1,1,2,2,3,3,4,4,5,5,6,6,6-tridecafluoro- N-(2-hydroxyethyl)-",毒化物,,,,,,,
3871-99-6,,"1-Hexanesulfonic acid, 1,1,2,2,3,3,4,4,5,5,6,6,6-tridecafluoro-, potassium salt (1:1)",毒化物,,,,,,,
38850-52-1,,"1-Propanaminium, 3-[(carboxymethyl)[(1,1,2,2,3,3,4,4,5,5,6,6,6- tridecafluorohexyl)sulfonyl]amino]-N,N,N-trimethyl-, inner salt",毒化物,,,,,,,
38850-58-7,,"1-Propanaminium, N-(2-hydroxyethyl)-N,N-dimethyl-3-[(3- sulfopropyl)[(1,1,2,2,3,3,4,4,5,5,6,6,6-
tridecafluorohexyl)sulfonyl]amino]-, inner salt",毒化物,,,,,,,
38850-60-1,,"1-Propanesulfonic acid, 3-[[3- (dimethylamino)propyl][(1,1,2,2,3,3,4,4,5,5,6,6,6- tridecafluorohexyl)sulfonyl]amino]-",毒化物,,,,,,,
41997-13-1,,"1-Hexanesulfonamide, 1,1,2,2,3,3,4,4,5,5,6,6,6-tridecafluoro-",毒化物,,,,,,,
423-50-7,,"1-Hexanesulfonyl fluoride, 1,1,2,2,3,3,4,4,5,5,6,6,6-tridecafluoro-",毒化物,,,,,,,
504396-13-8,,"2-Propenoic acid, 2-methyl-, 2-[ethyl[(perfluoro-C4-8- alkyl)sulfonyl]amino]ethyl ester, polymers with polyethylene glycol acrylate Me ether",毒化物,,,,,,,
50598-28-2,,"1-Hexanesulfonamide, N-[3-(dimethylamino)propyl]- 1,1,2,2,3,3,4,4,5,5,6,6,6-tridecafluoro-",毒化物,,,,,,,
507225-08-3,,"Siloxanes and Silicones, di-Me, 3-hydroxypropyl group-terminated, reaction products with Me Et ketone oxime, 2-mercaptoethanol, 2- [methyl[(perfluoro-C3-8-alkyl)sulfonyl]amino]ethyl acrylate, polymethylenepolyphenylene isocyanate and polypropylene glycol",毒化物,,,,,,,
52166-82-2,,"1-Propanaminium, N,N,N-trimethyl-3-[[(1,1,2,2,3,3,4,4,5,5,6,6,6- tridecafluorohexyl)sulfonyl]amino]-, chloride (1:1)",毒化物,,,,,,,
55120-77-9,,"1-Hexanesulfonic acid, 1,1,2,2,3,3,4,4,5,5,6,6,6-tridecafluoro-, lithium salt (1:1)",毒化物,,,,,,,
55591-23-6,,"1-Hexanesulfonyl chloride, 1,1,2,2,3,3,4,4,5,5,6,6,6-tridecafluoro-",毒化物,,,,,,,
56372-23-7,,"Poly(oxy-1,2-ethanediyl), α-[2-[ethyl[(1,1,2,2,3,3,4,4,5,5,6,6,6- tridecafluorohexyl)sulfonyl]amino]ethyl]-ω-hydroxy-",毒化物,,,,,,,
67584-48-9,,"1-Hexanesulfonamide, 1,1,2,2,3,3,4,4,5,5,6,6,6-tridecafluoro-N-2- propen-1-yl-",毒化物,,,,,,,
67584-53-6,,"Glycine, N-ethyl-N-[(1,1,2,2,3,3,4,4,5,5,6,6,6-
tridecafluorohexyl)sulfonyl]-, potassium salt (1:1)",毒化物,,,,,,,
67584-57-0,,"2-Propenoic acid, 2-[methyl[(1,1,2,2,3,3,4,4,5,5,6,6,6- tridecafluorohexyl)sulfonyl]amino]ethyl ester",毒化物,,,,,,,
67584-61-6,,"2-Propenoic acid, 2-methyl-, 2-[methyl[(1,1,2,2,3,3,4,4,5,5,6,6,6- tridecafluorohexyl)sulfonyl]amino]ethyl ester",毒化物,,,,,,,
67906-70-1,,"2-Propenoic acid, 2-methyl-, 2-[ethyl[(1,1,2,2,3,3,4,4,5,5,6,6,6- tridecafluorohexyl)sulfonyl]amino]ethyl ester",毒化物,,,,,,,
67906-71-2,,"2-Propenoic acid, 2-methyl-, 2-[ethyl[(1,1,2,2,3,3,4,4,5,5,6,6,6- tridecafluorohexyl)sulfonyl]amino]ethyl ester, polymer with octadecyl 2-propenoate and 2-propenoic acid",毒化物,,,,,,,
67939-61-1,,"2-Propenoic acid, 2-methyl-, 4-[methyl[(1,1,2,2,3,3,4,4,5,5,6,6,6- tridecafluorohexyl)sulfonyl]amino]butyl ester",毒化物,,,,,,,
67939-92-8,,"1-Hexanesulfonamide, N,N'-[phosphinicobis(oxy-2,1- ethanediyl)]bis[N-ethyl-1,1,2,2,3,3,4,4,5,5,6,6,6-tridecafluoro-",毒化物,,,,,,,
67969-65-7,,"1-Hexanesulfonamide, N-ethyl-1,1,2,2,3,3,4,4,5,5,6,6,6-tridecafluoro- N-[2-(phosphonooxy)ethyl]-",毒化物,,,,,,,
680187-85-3,,"Hexane, 1-(ethenylsulfinyl)-1,1,2,2,3,3,4,4,5,5,6,6,6-tridecafluoro-",毒化物,,,,,,,
680187-86-4,,"Hexane, 1-(ethenylsulfonyl)-1,1,2,2,3,3,4,4,5,5,6,6,6-tridecafluoro-",毒化物,,,,,,,
68081-83-4,,"Carbamic acid, N,N'-(4-methyl-1,3-phenylene)bis-, bis[2- [ethyl[(perfluoro-C4-8-alkyl)sulfonyl]amino]ethyl] ester",毒化物,,,,,,,
68227-87-2,,"2-Propenoic acid, 2-methyl-, 2-[ethyl[(1,1,2,2,3,3,4,4,5,5,6,6,7,7,8,8,8-heptadecafluorooctyl)sulfonyl]amino]ethyl ester, telomer with 2- [ethyl[(1,1,2,2,3,3,4,4,4-nonafluorobutyl)sulfonyl]amino]ethyl 2- methyl-2-propenoate, 2-[ethyl[(1,1,2,2,3,3,4,4,5,5,6,6,7,7,7- pentadecafluoroheptyl)sulfonyl]amino]ethyl 2-methyl-2-propenoate, 2- [ethyl[(1,1,2,2,3,3,4,4,5,5,6,6,6-
tridecafluorohexyl)sulfonyl]amino]ethyl 2-methyl-2-propenoate, 2- [ethyl[(1,1,2,2,3,3,4,4,5,5,5-undecafluoropentyl)sulfonyl]amino]ethyl 2-methyl-2-propenoate, 2-methyloxirane polymer with oxirane di-2- propenoate, 2-methyloxirane polymer with oxirane mono-2-propenoate
and 1-octanethiol",毒化物,,,,,,,
68227-94-1,,"2-Propenoic acid, 2-[[(1,1,2,2,3,3,4,4,5,5,6,6,7,7,8,8,8-
heptadecafluorooctyl)sulfonyl]methylamino]ethyl ester, polymer with 2-[methyl[(1,1,2,2,3,3,4,4,4-nonafluorobutyl)sulfonyl]amino]ethyl 2- propenoate, α-(2-methyl-1-oxo-2-propen-1-yl)-ω-hydroxypoly(oxy- 1,2-ethanediyl), α-(2-methyl-1-oxo-2-propen-1-yl)-ω-[(2-methyl-1- oxo-2-propen-1-yl)oxy]poly(oxy-1,2-ethanediyl), 2- [methyl[(1,1,2,2,3,3,4,4,5,5,6,6,7,7,7-
pentadecafluoroheptyl)sulfonyl]amino]ethyl 2-propenoate, 2- [methyl[(1,1,2,2,3,3,4,4,5,5,6,6,6-
tridecafluorohexyl)sulfonyl]amino]ethyl 2-propenoate, 2- [methyl[(1,1,2,2,3,3,4,4,5,5,5-undecafluoropentyl)sulfonyl]amino]ethyl 2-propenoate and α-(1-oxo-2-propen-1-yl)-ω-methoxypoly(oxy-1,2-
ethanediyl)",毒化物,,,,,,,
68227-96-3,,"2-Propenoic acid, butyl ester, telomer with 2- [[(1,1,2,2,3,3,4,4,5,5,6,6,7,7,8,8,8-
heptadecafluorooctyl)sulfonyl]methylamino]ethyl 2-propenoate, 2-
[methyl[(1,1,2,2,3,3,4,4,4-nonafluorobutyl)sulfonyl]amino]ethyl 2- propenoate, α-(2-methyl-1-oxo-2-propen-1-yl)-ω-hydroxypoly(oxy- 1,4-butanediyl), α-(2-methyl-1-oxo-2-propen-1-yl)-ω-[(2-methyl-1- oxo-2-propen-1-yl)oxy]poly(oxy-1,4-butanediyl), 2- [methyl[(1,1,2,2,3,3,4,4,5,5,6,6,7,7,7-
pentadecafluoroheptyl)sulfonyl]amino]ethyl 2-propenoate, 2- [methyl[(1,1,2,2,3,3,4,4,5,5,6,6,6-
tridecafluorohexyl)sulfonyl]amino]ethyl 2-propenoate, 2- [methyl[(1,1,2,2,3,3,4,4,5,5,5-undecafluoropentyl)sulfonyl]amino]ethyl
2-propenoate and 1-octanethiol",毒化物,,,,,,,
68227-98-5,,"2-Propenoic acid, 4-[methyl[(1,1,2,2,3,3,4,4,5,5,6,6,6- tridecafluorohexyl)sulfonyl]amino]butyl ester",毒化物,,,,,,,
68228-00-2,,"2-Propenoic acid, ethyl ester, polymer with 4- [[(1,1,2,2,3,3,4,4,5,5,6,6,7,7,8,8,8-
heptadecafluorooctyl)sulfonyl]methylamino]butyl 2-propenoate, 4-
[methyl[(1,1,2,2,3,3,4,4,4-nonafluorobutyl)sulfonyl]amino]butyl 2- propenoate, α-(2-methyl-1-oxo-2-propen-1-yl)-ω-hydroxypoly(oxy- 1,4-butanediyl), α-(2-methyl-1-oxo-2-propen-1-yl)-ω- hydroxypoly(oxy-1,2-ethanediyl), α-(2-methyl-1-oxo-2-propen-1-yl)- ω-[(2-methyl-1-oxo-2-propen-1-yl)oxy]poly(oxy-1,4-butanediyl), α-(2-
methyl-1-oxo-2-propen-1-yl)-ω-[(2-methyl-1-oxo-2-propen-1- yl)oxy]poly(oxy-1,2-ethanediyl), 4- [methyl[(1,1,2,2,3,3,4,4,5,5,6,6,7,7,7-
pentadecafluoroheptyl)sulfonyl]amino]butyl 2-propenoate, 4- [methyl[(1,1,2,2,3,3,4,4,5,5,6,6,6-
tridecafluorohexyl)sulfonyl]amino]butyl 2-propenoate and 4- [methyl[(1,1,2,2,3,3,4,4,5,5,5-undecafluoropentyl)sulfonyl]amino]butyl
2-propenoate",毒化物,,,,,,,
68239-74-7,,"1-Hexanesulfonamide, 1,1,2,2,3,3,4,4,5,5,6,6,6-tridecafluoro-N-(4- hydroxybutyl)-N-methyl-",毒化物,,,,,,,
68259-08-5,,"1-Hexanesulfonic acid, 1,1,2,2,3,3,4,4,5,5,6,6,6-tridecafluoro-,ammonium salt (1:1)",毒化物,,,,,,,
68259-15-4,,"1-Hexanesulfonamide, 1,1,2,2,3,3,4,4,5,5,6,6,6-tridecafluoro-N- methyl-",毒化物,,,,,,,
68259-38-1,,"Poly[oxy(methyl-1,2-ethanediyl)], α-[2-
[ethyl[(1,1,2,2,3,3,4,4,5,5,6,6,6-
tridecafluorohexyl)sulfonyl]amino]ethyl]-ω-hydroxy-",毒化物,,,,,,,
68298-09-9,,"1-Hexanesulfonamide, 1,1,2,2,3,3,4,4,5,5,6,6,6-tridecafluoro-N- (phenylmethyl)-",毒化物,,,,,,,
68298-74-8,,"2-Propenoic acid, 2-methyl-, 2-[[[[5-[[[2- [ethyl[(tridecafluorohexyl)sulfonyl]amino]ethoxy]carbonyl]amino]-2- methylphenyl]amino]carbonyl]oxy]propyl ester (9CI)",毒化物,,,,,,,
68298-78-2,,"2-Propenoic acid, 2-methyl-, 2-[[[[5-[[[2-
[ethyl[(1,1,2,2,3,3,4,4,5,5,6,6,7,7,8,8,8-
heptadecafluorooctyl)sulfonyl]amino]ethoxy]carbonyl]amino]-2- methylphenyl]amino]carbonyl]oxy]propyl ester, telomer with butyl 2- propenoate, 2-[[[[5-[[[2-[ethyl[(1,1,2,2,3,3,4,4,4- nonafluorobutyl)sulfonyl]amino]ethoxy]carbonyl]amino]-2- methylphenyl]amino]carbonyl]oxy]propyl 2-methyl-2-propenoate, 2- [[[[5-[[[2-[ethyl[(1,1,2,2,3,3,4,4,5,5,6,6,7,7,7-
pentadecafluoroheptyl)sulfonyl]amino]ethoxy]carbonyl]amino]-2- methylphenyl]amino]carbonyl]oxy]propyl 2-methyl-2-propenoate, 2- [[[[5-[[[2-[ethyl[(1,1,2,2,3,3,4,4,5,5,6,6,6-
tridecafluorohexyl)sulfonyl]amino]ethoxy]carbonyl]amino]-2- methylphenyl]amino]carbonyl]oxy]propyl 2-methyl-2-propenoate, 2- [[[[5-[[[2-[ethyl[(1,1,2,2,3,3,4,4,5,5,5-
undecafluoropentyl)sulfonyl]amino]ethoxy]carbonyl]amino]-2- methylphenyl]amino]carbonyl]oxy]propyl 2-methyl-2-propenoate, 2-
[[(1,1,2,2,3,3,4,4,5,5,6,6,7,7,8,8,8-
heptadecafluorooctyl)sulfonyl]methylamino]ethyl 2-propenoate, 2-
[methyl[(1,1,2,2,3,3,4,4,4-nonafluorobutyl)sulfonyl]amino]ethyl 2- propenoate, 2-[methyl[(1,1,2,2,3,3,4,4,5,5,6,6,7,7,7- pentadecafluoroheptyl)sulfonyl]amino]ethyl 2-propenoate, 2- [methyl[(1,1,2,2,3,3,4,4,5,5,6,6,6-
tridecafluorohexyl)sulfonyl]amino]ethyl 2-propenoate, 2- [methyl[(1,1,2,2,3,3,4,4,5,5,5-undecafluoropentyl)sulfonyl]amino]ethyl
2-propenoate and 1-octanethiol",毒化物,,,,,,,
68299-21-8,,"Benzenesulfonic acid, [[[(1,1,2,2,3,3,4,4,5,5,6,6,6- tridecafluorohexyl)sulfonyl]amino]methyl]-, sodium salt (1:1)",毒化物,,,,,,,
68299-39-8,,"2-Propenoic acid, 2-methyl-, 4-[[(1,1,2,2,3,3,4,4,5,5,6,6,7,7,8,8,8-
heptadecafluorooctyl)sulfonyl]methylamino]butyl ester, telomer with butyl 2-propenoate, 2-[[(1,1,2,2,3,3,4,4,5,5,6,6,7,7,8,8,8-
heptadecafluorooctyl)sulfonyl]methylamino]ethyl 2-propenoate, 4-
[methyl[(1,1,2,2,3,3,4,4,4-nonafluorobutyl)sulfonyl]amino]butyl 2- methyl-2-propenoate, 2-[methyl[(1,1,2,2,3,3,4,4,4- nonafluorobutyl)sulfonyl]amino]ethyl 2-propenoate, α-(2-methyl-1- oxo-2-propen-1-yl)-ω-hydroxypoly(oxy-1,4-butanediyl), α-(2-methyl- 1-oxo-2-propen-1-yl)-ω-[(2-methyl-1-oxo-2-propen-1- yl)oxy]poly(oxy-1,4-butanediyl), 4- [methyl[(1,1,2,2,3,3,4,4,5,5,6,6,7,7,7-
pentadecafluoroheptyl)sulfonyl]amino]butyl 2-methyl-2-propenoate, 2- [methyl[(1,1,2,2,3,3,4,4,5,5,6,6,7,7,7-
pentadecafluoroheptyl)sulfonyl]amino]ethyl 2-propenoate, 4- [methyl[(1,1,2,2,3,3,4,4,5,5,6,6,6-
tridecafluorohexyl)sulfonyl]amino]butyl 2-methyl-2-propenoate, 2-
[methyl[(1,1,2,2,3,3,4,4,5,5,6,6,6-tridecafluorohexyl)sulfonyl]amino]ethyl 2-propenoate, 4- [methyl[(1,1,2,2,3,3,4,4,5,5,5-undecafluoropentyl)sulfonyl]amino]butyl 2-methyl-2-propenoate, 2-[methyl[(1,1,2,2,3,3,4,4,5,5,5- undecafluoropentyl)sulfonyl]amino]ethyl 2-propenoate and 1- octanethiol",毒化物,,,,,,,
68329-56-6,,"2-Propenoic acid, eicosyl ester, polymer with 2- [[(1,1,2,2,3,3,4,4,5,5,6,6,7,7,8,8,8-
heptadecafluorooctyl)sulfonyl]methylamino]ethyl 2-propenoate, hexadecyl 2-propenoate, 2-[methyl[(1,1,2,2,3,3,4,4,4- nonafluorobutyl)sulfonyl]amino]ethyl 2-propenoate, 2- [methyl[(1,1,2,2,3,3,4,4,5,5,6,6,7,7,7-
pentadecafluoroheptyl)sulfonyl]amino]ethyl 2-propenoate, 2- [methyl[(1,1,2,2,3,3,4,4,5,5,6,6,6-
tridecafluorohexyl)sulfonyl]amino]ethyl 2-propenoate, 2- [methyl[(1,1,2,2,3,3,4,4,5,5,5-undecafluoropentyl)sulfonyl]amino]ethyl
2-propenoate and octadecyl 2-propenoate",毒化物,,,,,,,
68391-09-3,,"Sulfonic acids, C6-12-alkane, perfluoro, potassium salts",毒化物,,,,,,,
68555-70-4,,"Glycine, N-ethyl-N-[(1,1,2,2,3,3,4,4,5,5,6,6,6-
tridecafluorohexyl)sulfonyl]-, sodium salt (1:1)",毒化物,,,,,,,
68555-75-9,,"1-Hexanesulfonamide, 1,1,2,2,3,3,4,4,5,5,6,6,6-tridecafluoro-N-(2- hydroxyethyl)-N-methyl-",毒化物,,,,,,,
68555-90-8,,Polymer based on 67584-55-8,毒化物,,,,,,,
68555-91-9,,"2-Propenoic acid, 2-methyl-, 2-[ethyl[(1,1,2,2,3,3,4,4,5,5,6,6,7,7,8,8,8- heptadecafluorooctyl)sulfonyl]amino]ethyl ester, polymer with 2- [ethyl[(1,1,2,2,3,3,4,4,4-nonafluorobutyl)sulfonyl]amino]ethyl 2- methyl-2-propenoate, 2-[ethyl[(1,1,2,2,3,3,4,4,5,5,6,6,7,7,7- pentadecafluoroheptyl)sulfonyl]amino]ethyl 2-methyl-2-propenoate, 2- [ethyl[(1,1,2,2,3,3,4,4,5,5,6,6,6-
tridecafluorohexyl)sulfonyl]amino]ethyl 2-methyl-2-propenoate, 2- [ethyl[(1,1,2,2,3,3,4,4,5,5,5-undecafluoropentyl)sulfonyl]amino]ethyl
2-methyl-2-propenoate and octadecyl 2-methyl-2-propenoate",毒化物,,,,,,,
68555-92-0,,"2-Propenoic acid, 2-methyl-, 2-[[(1,1,2,2,3,3,4,4,5,5,6,6,7,7,8,8,8-
heptadecafluorooctyl)sulfonyl]methylamino]ethyl ester, polymer with 2-[methyl[(1,1,2,2,3,3,4,4,4-nonafluorobutyl)sulfonyl]amino]ethyl 2- methyl-2-propenoate, 2-[methyl[(1,1,2,2,3,3,4,4,5,5,6,6,7,7,7- pentadecafluoroheptyl)sulfonyl]amino]ethyl 2-methyl-2-propenoate, 2- [methyl[(1,1,2,2,3,3,4,4,5,5,6,6,6-
tridecafluorohexyl)sulfonyl]amino]ethyl 2-methyl-2-propenoate, 2- [methyl[(1,1,2,2,3,3,4,4,5,5,5-undecafluoropentyl)sulfonyl]amino]ethyl
2-methyl-2-propenoate and octadecyl 2-methyl-2-propenoate",毒化物,,,,,,,
68568-77-4,,"2-Propenoic acid, 2-methyl-, 2-[ethyl[(1,1,2,2,3,3,4,4,5,5,6,6,7,7,8,8,8- heptadecafluorooctyl)sulfonyl]amino]ethyl ester, polymer with 2- chloro-1,3-butadiene, 2-[ethyl[(1,1,2,2,3,3,4,4,4- nonafluorobutyl)sulfonyl]amino]ethyl 2-methyl-2-propenoate, 2- [ethyl[(1,1,2,2,3,3,4,4,5,5,6,6,7,7,7-
pentadecafluoroheptyl)sulfonyl]amino]ethyl 2-methyl-2-propenoate, 2- [ethyl[(1,1,2,2,3,3,4,4,5,5,6,6,6-
tridecafluorohexyl)sulfonyl]amino]ethyl 2-methyl-2-propenoate and 2- [ethyl[(1,1,2,2,3,3,4,4,5,5,5-undecafluoropentyl)sulfonyl]amino]ethyl
2-methyl-2-propenoate",毒化物,,,,,,,
68586-13-0,,"2-Propenoic acid, 2-[[(heptadecafluorooctyl)sulfonyl]methylamino]ethyl ester, polymer with 2-[methyl[(nonafluorobutyl)sulfonyl]amino]ethyl 2-propenoate, α- (2-methyl-1-oxo-2-propenyl)-ω-hydroxypoly(oxy-1,2-ethanediyl), α- (2-methyl-1-oxo-2-propenyl)-ω-[(2-methyl-1-oxo-2- propenyl)oxy]poly(oxy-1,2-ethanediyl), 2-
[methyl[(pentadecafluoroheptyl)sulfonyl]amino]ethyl 2-propenoate, 2- [methyl[(tridecafluorohexyl)sulfonyl]amino]ethyl 2-propenoate and 2-
[methyl[(undecafluoropentyl)sulfonyl]amino]ethyl 2-propenoate (9CI)",毒化物,,,,,,,
68586-14-1,,"2-Propenoic acid, 2-[[(1,1,2,2,3,3,4,4,5,5,6,6,7,7,8,8,8-
heptadecafluorooctyl)sulfonyl]methylamino]ethyl ester, telomer with 2-[methyl[(1,1,2,2,3,3,4,4,4-nonafluorobutyl)sulfonyl]amino]ethyl 2- propenoate, α-(2-methyl-1-oxo-2-propen-1-yl)-ω-hydroxypoly(oxy- 1,2-ethanediyl), α-(2-methyl-1-oxo-2-propen-1-yl)-ω-[(2-methyl-1- oxo-2-propen-1-yl)oxy]poly(oxy-1,2-ethanediyl), 2- [methyl[(1,1,2,2,3,3,4,4,5,5,6,6,7,7,7-
pentadecafluoroheptyl)sulfonyl]amino]ethyl 2-propenoate, 2- [methyl[(1,1,2,2,3,3,4,4,5,5,6,6,6-
tridecafluorohexyl)sulfonyl]amino]ethyl 2-propenoate, 2- [methyl[(1,1,2,2,3,3,4,4,5,5,5-undecafluoropentyl)sulfonyl]amino]ethyl
2-propenoate and 1-octanethiol",毒化物,,,,,,,
68608-13-9,,"Sulfonamides, C4-8-alkane, perfluoro, N-ethyl-N-(hydroxyethyl), reaction products with TDI",毒化物,,,,,,,
68608-14-0,,"Sulfonamides, C4-8-alkane, perfluoro, N-ethyl-N-(hydroxyethyl), reaction products with 1,1'-methylenebis[4-isocyanatobenzene]",毒化物,,,,,,,
68649-26-3,,"1-Octanesulfonamide, N-ethyl-1,1,2,2,3,3,4,4,5,5,6,6,7,7,8,8,8- heptadecafluoro-N-(2-hydroxyethyl)-, reaction products with N-ethyl- 1,1,2,2,3,3,4,4,4-nonafluoro-N-(2-hydroxyethyl)-1-butanesulfonamide, N-ethyl-1,1,2,2,3,3,4,4,5,5,6,6,7,7,7-pentadecafluoro-N-(2- hydroxyethyl)-1-heptanesulfonamide, N-ethyl-1,1,2,2,3,3,4,4,5,5,6,6,6- tridecafluoro-N-(2-hydroxyethyl)-1-hexanesulfonamide, N-ethyl- 1,1,2,2,3,3,4,4,5,5,5-undecafluoro-N-(2-hydroxyethyl)-1- pentanesulfonamide, polymethylenepolyphenylene isocyanate and stearyl alc.",毒化物,,,,,,,
68797-76-2,,"2-Propenoic acid, 2-methyl-, 2-ethylhexyl ester, polymer with 2- [[(1,1,2,2,3,3,4,4,5,5,6,6,7,7,8,8,8-
heptadecafluorooctyl)sulfonyl]methylamino]ethyl 2-propenoate, 2-
[methyl[(1,1,2,2,3,3,4,4,4-nonafluorobutyl)sulfonyl]amino]ethyl 2- propenoate, 2-[methyl[(1,1,2,2,3,3,4,4,5,5,6,6,7,7,7- pentadecafluoroheptyl)sulfonyl]amino]ethyl 2-propenoate, 2- [methyl[(1,1,2,2,3,3,4,4,5,5,6,6,6-
tridecafluorohexyl)sulfonyl]amino]ethyl 2-propenoate, 2- [methyl[(1,1,2,2,3,3,4,4,5,5,5-undecafluoropentyl)sulfonyl]amino]ethyl
2-propenoate and 2-oxiranylmethyl 2-methyl-2-propenoate",毒化物,,,,,,,
68815-72-5,,"Benzoic acid, 2,3,4,5-tetrachloro-6-[[[3-[[(1,1,2,2,3,3,4,4,5,5,6,6,6- tridecafluorohexyl)sulfonyl]oxy]phenyl]amino]carbonyl]-, potassium salt (1:1)",毒化物,,,,,,,
68867-60-7,,"2-Propenoic acid, 2-[[(1,1,2,2,3,3,4,4,5,5,6,6,7,7,8,8,8-
heptadecafluorooctyl)sulfonyl]methylamino]ethyl ester, polymer with 2-[methyl[(1,1,2,2,3,3,4,4,4-nonafluorobutyl)sulfonyl]amino]ethyl 2- propenoate, 2-[methyl[(1,1,2,2,3,3,4,4,5,5,6,6,7,7,7- pentadecafluoroheptyl)sulfonyl]amino]ethyl 2-propenoate, 2- [methyl[(1,1,2,2,3,3,4,4,5,5,6,6,6-
tridecafluorohexyl)sulfonyl]amino]ethyl 2-propenoate, 2- [methyl[(1,1,2,2,3,3,4,4,5,5,5-undecafluoropentyl)sulfonyl]amino]ethyl 2-propenoate and α-(1-oxo-2-propen-1-yl)-ω-methoxypoly(oxy-1,2-
ethanediyl)",毒化物,,,,,,,
68867-62-9,,"2-Propenoic acid, 2-methyl-, 2-[ethyl[(1,1,2,2,3,3,4,4,5,5,6,6,7,7,8,8,8-heptadecafluorooctyl)sulfonyl]amino]ethyl ester, telomer with 2- [ethyl[(1,1,2,2,3,3,4,4,4-nonafluorobutyl)sulfonyl]amino]ethyl 2- methyl-2-propenoate, 2-[ethyl[(1,1,2,2,3,3,4,4,5,5,6,6,7,7,7- pentadecafluoroheptyl)sulfonyl]amino]ethyl 2-methyl-2-propenoate, 2- [ethyl[(1,1,2,2,3,3,4,4,5,5,6,6,6-
tridecafluorohexyl)sulfonyl]amino]ethyl 2-methyl-2-propenoate, 2- [ethyl[(1,1,2,2,3,3,4,4,5,5,5-undecafluoropentyl)sulfonyl]amino]ethyl 2-methyl-2-propenoate, 1-octanethiol and α-(1-oxo-2-propen-1-yl)-ω-
methoxypoly(oxy-1,2-ethanediyl)",毒化物,,,,,,,
68877-32-7,,"2-Propenoic acid, 2-methyl-, 2-[ethyl[(1,1,2,2,3,3,4,4,5,5,6,6,7,7,8,8,8- heptadecafluorooctyl)sulfonyl]amino]ethyl ester, polymer with 2- [ethyl[(1,1,2,2,3,3,4,4,4-nonafluorobutyl)sulfonyl]amino]ethyl 2- methyl-2-propenoate, 2-[ethyl[(1,1,2,2,3,3,4,4,5,5,6,6,7,7,7- pentadecafluoroheptyl)sulfonyl]amino]ethyl 2-methyl-2-propenoate, 2- [ethyl[(1,1,2,2,3,3,4,4,5,5,6,6,6-
tridecafluorohexyl)sulfonyl]amino]ethyl 2-methyl-2-propenoate, 2- [ethyl[(1,1,2,2,3,3,4,4,5,5,5-undecafluoropentyl)sulfonyl]amino]ethyl
2-methyl-2-propenoate and 2-methyl-1,3-butadiene",毒化物,,,,,,,
68891-98-5,,"Chromium, diaquatetrachloro[μ-[N-ethyl-N-[(1,1,2,2,3,3,4,4,5,5,6,6,6- tridecafluorohexyl)sulfonyl]glycinato-κO:κO']]-μ-hydroxybis(2- propanol)di-",毒化物,,,,,,,
68909-15-9,,"2-Propenoic acid, eicosyl ester, polymers with branched octyl acrylate, 2-[[(heptadecafluorooctyl)sulfonyl]methylamino]ethyl acrylate, 2-
[methyl[(nonafluorobutyl)sulfonyl]amino]ethyl acrylate, 2-
[methyl[(pentadecafluoroheptyl)sulfonyl]amino]ethyl acrylate, 2-
[methyl[(tridecafluorohexyl)sulfonyl]amino]ethyl acrylate, 2- [methyl[(undecafluoropentyl)sulfonyl]amino]ethyl acrylate, polyethylene glycol acrylate Me ether and stearyl acrylate",毒化物,,,,,,,
68957-32-4,,"Glycine, N-ethyl-N-[(1,1,2,2,3,3,4,4,5,5,6,6,6-
tridecafluorohexyl)sulfonyl]-",毒化物,,,,,,,
68957-53-9,,"Glycine, N-ethyl-N-[(1,1,2,2,3,3,4,4,5,5,6,6,6-
tridecafluorohexyl)sulfonyl]-, ethyl ester",毒化物,,,,,,,
68957-58-4,,"1-Propanaminium, N,N,N-trimethyl-3-[[(1,1,2,2,3,3,4,4,5,5,6,6,6- tridecafluorohexyl)sulfonyl]amino]-, iodide (1:1)",毒化物,,,,,,,
68957-61-9,,"1-Hexanesulfonamide, N-[3-(dimethylamino)propyl]- 1,1,2,2,3,3,4,4,5,5,6,6,6-tridecafluoro-, hydrochloride (1:1)",毒化物,,,,,,,
70225-16-0,,"1-Hexanesulfonic acid, 1,1,2,2,3,3,4,4,5,5,6,6,6-tridecafluoro-, compd. with 2,2'-iminobis[ethanol] (1:1)",毒化物,,,,,,,
70248-52-1,,"1-Propanaminium, N,N,N-trimethyl-3-[[(1,1,2,2,3,3,4,4,5,5,6,6,6- tridecafluorohexyl)sulfonyl]amino]-, sulfate (2:1)",毒化物,,,,,,,
70776-36-2,,"2-Propenoic acid, 2-methyl-, octadecyl ester, polymer with 1,1- dichloroethene, 2-[[(1,1,2,2,3,3,4,4,5,5,6,6,7,7,8,8,8-
heptadecafluorooctyl)sulfonyl]methylamino]ethyl 2-propenoate, N- (hydroxymethyl)-2-propenamide, 2-[methyl[(1,1,2,2,3,3,4,4,4- nonafluorobutyl)sulfonyl]amino]ethyl 2-propenoate, 2- [methyl[(1,1,2,2,3,3,4,4,5,5,6,6,7,7,7-
pentadecafluoroheptyl)sulfonyl]amino]ethyl 2-propenoate, 2-
[methyl[(1,1,2,2,3,3,4,4,5,5,6,6,6-tridecafluorohexyl)sulfonyl]amino]ethyl 2-propenoate and 2- [methyl[(1,1,2,2,3,3,4,4,5,5,5-undecafluoropentyl)sulfonyl]amino]ethyl 2-propenoate",毒化物,,,,,,,
70900-36-6,,"2-Propenoic acid, 2-methyl-, 2-[[[[2-methyl-5-[[[4- [methyl[(tridecafluorohexyl)sulfonyl]amino]butoxy]carbonyl]amino]ph enyl]amino]carbonyl]oxy]propyl ester (9CI)",毒化物,,,,,,,
70900-40-2,,"2-Propenoic acid, 2-methyl-, 2-[[[[5-[[[4-
[[(1,1,2,2,3,3,4,4,5,5,6,6,7,7,8,8,8-
heptadecafluorooctyl)sulfonyl]methylamino]butoxy]carbonyl]amino]- 2-methylphenyl]amino]carbonyl]oxy]propyl ester, telomer with butyl 2-propenoate, 2-[[(1,1,2,2,3,3,4,4,5,5,6,6,7,7,8,8,8-
heptadecafluorooctyl)sulfonyl]methylamino]ethyl 2-propenoate, 2- [[[[2-methyl-5-[[[4-[methyl[(1,1,2,2,3,3,4,4,4-
nonafluorobutyl)sulfonyl]amino]butoxy]carbonyl]amino]phenyl]amino
]carbonyl]oxy]propyl 2-methyl-2-propenoate, 2-[[[[2-methyl-5-[[[4- [methyl[(1,1,2,2,3,3,4,4,5,5,6,6,7,7,7-
pentadecafluoroheptyl)sulfonyl]amino]butoxy]carbonyl]amino]phenyl] amino]carbonyl]oxy]propyl 2-methyl-2-propenoate, 2-[[[[2-methyl-5- [[[4-[methyl[(1,1,2,2,3,3,4,4,5,5,6,6,6-
tridecafluorohexyl)sulfonyl]amino]butoxy]carbonyl]amino]phenyl]ami no]carbonyl]oxy]propyl 2-methyl-2-propenoate, 2-[[[[2-methyl-5-[[[4- [methyl[(1,1,2,2,3,3,4,4,5,5,5-
undecafluoropentyl)sulfonyl]amino]butoxy]carbonyl]amino]phenyl]am ino]carbonyl]oxy]propyl 2-methyl-2-propenoate, 2-
[methyl[(1,1,2,2,3,3,4,4,4-nonafluorobutyl)sulfonyl]amino]ethyl 2- propenoate, 2-[methyl[(1,1,2,2,3,3,4,4,5,5,6,6,7,7,7- pentadecafluoroheptyl)sulfonyl]amino]ethyl 2-propenoate, 2- [methyl[(1,1,2,2,3,3,4,4,5,5,6,6,6-
tridecafluorohexyl)sulfonyl]amino]ethyl 2-propenoate, 2- [methyl[(1,1,2,2,3,3,4,4,5,5,5-undecafluoropentyl)sulfonyl]amino]ethyl
2-propenoate and 1-octanethiol",毒化物,,,,,,,
71487-20-2,,"2-Propenoic acid, 2-methyl-, methyl ester, polymer with ethenylbenzene, 2-[[(1,1,2,2,3,3,4,4,5,5,6,6,7,7,8,8,8-
heptadecafluorooctyl)sulfonyl]methylamino]ethyl 2-propenoate, 2-
[methyl[(1,1,2,2,3,3,4,4,4-nonafluorobutyl)sulfonyl]amino]ethyl 2- propenoate, 2-[methyl[(1,1,2,2,3,3,4,4,5,5,6,6,7,7,7- pentadecafluoroheptyl)sulfonyl]amino]ethyl 2-propenoate, 2- [methyl[(1,1,2,2,3,3,4,4,5,5,6,6,6-
tridecafluorohexyl)sulfonyl]amino]ethyl 2-propenoate, 2-
[methyl[(1,1,2,2,3,3,4,4,5,5,5-undecafluoropentyl)sulfonyl]amino]ethyl 2-propenoate and 2-propenoic acid",毒化物,,,,,,,
73772-32-4,,"1-Propanesulfonic acid, 3-[[3- (dimethylamino)propyl][(1,1,2,2,3,3,4,4,5,5,6,6,6- tridecafluorohexyl)sulfonyl]amino]-2-hydroxy-, sodium salt (1:1)",毒化物,,,,,,,
73772-33-5,,"1-Hexanesulfonamide, N-[3-(dimethylamino)propyl]- 1,1,2,2,3,3,4,4,5,5,6,6,6-tridecafluoro-, acetate (1:1)",毒化物,,,,,,,
73772-34-6,,"1-Hexanesulfonamide, N-[3-(dimethylamino)propyl]- 1,1,2,2,3,3,4,4,5,5,6,6,6-tridecafluoro-N-[2-[2-(2-
hydroxyethoxy)ethoxy]ethyl]-",毒化物,,,,,,,
76848-59-4,,"Benzene, 1-chloro-4-[(1,1,2,2,3,3,4,4,5,5,6,6,6-
tridecafluorohexyl)sulfonyl]-",毒化物,,,,,,,
76848-68-5,,"1H-Benzimidazolium, 1,3-diethyl-2-methyl-5- [(1,1,2,2,3,3,4,4,5,5,6,6,6-tridecafluorohexyl)sulfonyl]-, 4-
methylbenzenesulfonate (1:1)",毒化物,,,,,,,
80621-17-6,,"1-Propanesulfonic acid, 3-[methyl[3-[[(1,1,2,2,3,3,4,4,5,5,6,6,6- tridecafluorohexyl)sulfonyl]amino]propyl]amino]-, sodium salt (1:1)",毒化物,,,,,,,
81190-38-7,,"1-Propanaminium, N-(2-hydroxyethyl)-3-[(2-hydroxy-3- sulfopropyl)[(1,1,2,2,3,3,4,4,5,5,6,6,6-
tridecafluorohexyl)sulfonyl]amino]-N,N-dimethyl-, hydroxide, sodium salt (1:1:1)",毒化物,,,,,,,
82382-12-5,,"1-Hexanesulfonic acid, 1,1,2,2,3,3,4,4,5,5,6,6,6-tridecafluoro-, sodium salt (1:1)",毒化物,,,,,,,
85665-64-1,,"1-Hexanesulfonamide, 1,1,2,2,3,3,4,4,5,5,6,6,6-tridecafluoro-N-(2- hydroxyethyl)-N-propyl-",毒化物,,,,,,,
85665-66-3,,"Glycine, N-propyl-N-[(1,1,2,2,3,3,4,4,5,5,6,6,6-
tridecafluorohexyl)sulfonyl]-, potassium salt (1:1)",毒化物,,,,,,,
86525-30-6,,"1-Hexanesulfinic acid, 1,1,2,2,3,3,4,4,5,5,6,6,6-tridecafluoro-, zinc salt (2:1)",毒化物,,,,,,,
86525-43-1,,"Thiophene, 2-[2-[(tridecafluorohexyl)sulfonyl]ethenyl]-",毒化物,,,,,,,
86525-48-6,,"Furan, 2-[2-[(1,1,2,2,3,3,4,4,5,5,6,6,6-
tridecafluorohexyl)sulfonyl]ethenyl]-",毒化物,,,,,,,
86525-51-1,,"Benzene, 1-methyl-4-[2-[(1,1,2,2,3,3,4,4,5,5,6,6,6-
tridecafluorohexyl)sulfonyl]ethenyl]-",毒化物,,,,,,,
86525-52-2,,"Benzene, 1-methoxy-4-[2-[(1,1,2,2,3,3,4,4,5,5,6,6,6-
tridecafluorohexyl)sulfonyl]ethenyl]-",毒化物,,,,,,,
89863-48-9,,"Thiophene, 2-[1-(phenylthio)-2-[(1,1,2,2,3,3,4,4,5,5,6,6,6- tridecafluorohexyl)sulfonyl]ethyl]-",毒化物,,,,,,,
89863-49-0,,"Furan, 2-[1-(phenylthio)-2-[(1,1,2,2,3,3,4,4,5,5,6,6,6-
tridecafluorohexyl)sulfonyl]ethyl]-",毒化物,,,,,,,
89863-50-3,,"Benzene, 1-methyl-4-[1-(phenylthio)-2-[(1,1,2,2,3,3,4,4,5,5,6,6,6- tridecafluorohexyl)sulfonyl]ethyl]-",毒化物,,,,,,,
89863-55-8,,"Thiophene, 2-[1-(nitromethyl)-2-[(1,1,2,2,3,3,4,4,5,5,6,6,6- tridecafluorohexyl)sulfonyl]ethyl]-",毒化物,,,,,,,
89863-56-9,,"Furan, 2-[1-(nitromethyl)-2-[(1,1,2,2,3,3,4,4,5,5,6,6,6-
tridecafluorohexyl)sulfonyl]ethyl]-",毒化物,,,,,,,
89863-63-8,,"2,4-Pentanedione, 3-[1-(2-thienyl)-2-[(1,1,2,2,3,3,4,4,5,5,6,6,6-
tridecafluorohexyl)sulfonyl]ethyl]-",毒化物,,,,,,,
89863-64-9,,"2,4-Pentanedione, 3-[1-(2-furanyl)-2-[(1,1,2,2,3,3,4,4,5,5,6,6,6-
tridecafluorohexyl)sulfonyl]ethyl]-",毒化物,,,,,,,
91081-99-1,,"Sulfonamides, C4-8-alkane, perfluoro, N-(hydroxyethyl)-N-methyl, reaction products with epichlorohydrin, adipates (esters)",毒化物,,,,,,,
93416-31-0,,"Isoxazolidine, 4-(4-methoxyphenyl)-2-methyl-5- [(1,1,2,2,3,3,4,4,5,5,6,6,6-tridecafluorohexyl)sulfonyl]-",毒化物,,,,,,,
93572-72-6,,"Sulfonic acids, C6-12-alkane, perfluoro",毒化物,,,,,,,
944578-05-6,,"Sulfonamides, C4-8-alkane, perfluoro, N-[4,7-dimethyl-4-[[(1- methylpropylidene)amino]oxy]-3,5-dioxa-6-aza-4-silanon-6-en-1-yl]- N-ethyl",毒化物,,,,,,,
355-46-4,,"1-Hexanesulfonic acid, 1,1,2,2,3,3,4,4,5,5,6,6,6-tridecafluoro-; Perfluorohexanesulfonic acid (PFHxS)",毒化物,,,,,,,
111393-39-6,,"1-Hexanesulfonyl bromide, 1,1,2,2,3,3,4,4,5,5,6,6,6-tridecafluoro-",毒化物,,,,,,,
1270179-82-2,,"1-Hexanesulfonamide, 1,1,2,2,3,3,4,4,5,5,6,6,6-tridecafluoro-N,N- dimethyl-",毒化物,,,,,,,
1270179-93-5,,"1-Hexanesulfonamide, N,N-diethyl-1,1,2,2,3,3,4,4,5,5,6,6,6- tridecafluoro-",毒化物,,,,,,,
127133-66-8,,"2-Propenoic acid, 2-methyl-, polymers with Bu methacrylate, lauryl methacrylate and 2-[methyl[(perfluoro-C4-8- alkyl)sulfonyl]amino]ethyl methacrylate",毒化物,,,,,,,
129813-71-4,,"Sulfonamides, C4-8-alkane, perfluoro, N-methyl-N-(2-oxiranylmethyl)",毒化物,,,,,,,
141607-32-1,,"β-Alanine, N-[3-(dimethylamino)propyl]-N-[(1,1,2,2,3,3,4,4,5,5,6,6,6-
tridecafluorohexyl)sulfonyl]-",毒化物,,,,,,,
1427176-17-7,,"1-Hexanesulfonamide, N-ethyl-1,1,2,2,3,3,4,4,5,5,6,6,6-tridecafluoro- N-methyl-",毒化物,,,,,,,
1427176-20-2,,"1-Hexanesulfonamide, 1,1,2,2,3,3,4,4,5,5,6,6,6-tridecafluoro-N,N- bis(2-methoxyethyl)-",毒化物,,,,,,,
147029-28-5,,"Benzenamine, 4-[(1,1,2,2,3,3,4,4,5,5,6,6,6-
tridecafluorohexyl)sulfonyl]-",毒化物,,,,,,,
148240-80-6,,"Fatty acids, C18-unsatd., trimers, 2-[methyl[(1,1,2,2,3,3,4,4,5,5,6,6,6- tridecafluorohexyl)sulfonyl]amino]ethyl esters",毒化物,,,,,,,
148684-79-1,,"Sulfonamides, C4-8-alkane, perfluoro, N-(hydroxyethyl)-N-methyl, reaction products with 1,6-diisocyanatohexane homopolymer and ethylene glycol",毒化物,,,,,,,
149652-30-2,,"Benzene, 1-fluoro-4-[(1,1,2,2,3,3,4,4,5,5,6,6,6-
tridecafluorohexyl)sulfonyl]-",毒化物,,,,,,,
160305-97-5,,"Benzoic acid, 2,3,4,5-tetrachloro-6-[[(3- hydroxyphenyl)amino]carbonyl]-, perfluoro-C6-8-alkanesulfonates (esters), monopotassium salts",毒化物,,,,,,,
160336-17-4,,"2-Propenoic acid, butyl ester, polymers with 2-[methyl[(perfluoro-C4- 8-alkyl)sulfonyl]amino]ethyl acrylate",毒化物,,,,,,,
160901-25-7,,"Sulfonamides, C4-8-alkane, perfluoro, N-ethyl-N-(hydroxyethyl), reaction products with 2-ethyl-1-hexanol and polymethylenepolyphenylene isocyanate",毒化物,,,,,,,
160901-26-8,,"Sulfonamides, C4-8-alkane, perfluoro, N-ethyl-N-(hydroxyethyl), reaction products with 2-ethyl-1-hexanol, Me Et ketone oxime and polymethylenepolyphenylene isocyanate",毒化物,,,,,,,
161074-58-4,,"Fatty acids, C18-unsatd., trimers, 2-[methyl[(perfluoro-C4-8- alkyl)sulfonyl]amino]ethyl esters",毒化物,,,,,,,
1645842-67-6,,"Sulfonamides, C4-8-alkane, perfluoro, N-(3-chloro-2-hydroxypropyl)- N-methyl",毒化物,,,,,,,
1645850-46-9,,"Sulfonamides, C7-8-alkane, perfluoro, N-ethyl-N-(hydroxyethyl), reaction products with 1,3-bis(isocyanatomethyl)benzene and N-butyl- 1-butanamine",毒化物,,,,,,,
1645852-09-0,,"Sulfonamides, C7-8-alkane, perfluoro, N-ethyl-N-(hydroxyethyl), reaction products with 1,3-bis(isocyanatomethyl)benzene",毒化物,,,,,,,
1645852-10-3,,"Siloxanes and Silicones, di-Me, Bu group- and 3-[(2-methyl-1-oxo-2- propen-1-yl)oxy]propyl group-terminated, telomers with acrylic acid, di-Me, Me 3-mercaptopropyl siloxanes, Me acrylate, Me methacrylate and 2-[methyl[(perfluoro-c4-8-alkyl)sulfonyl]amino]ethyl acrylate, 2,2'-(1,2-diazenediyl)bis[2-methylpropanenitrile]-initiated",毒化物,,,,,,,
1648534-82-0,,"2-Propenoic acid, polymers with lauryl acrylate and 2- [methyl[(perfluoro-C4-8-alkyl)sulfonyl]amino]ethyl acrylate",毒化物,,,,,,,
1648539-69-8,,"Poly(oxy-1,2-ethanediyl), α-[2-(methylamino)ethyl]-ω-hydroxy-, N-
[(perfluoro-C4-8-alkyl)sulfonyl] derivs., C12-16-alkyl ethers",毒化物,,,,,,,
1648540-20-8,,"2-Propenoic acid, 2-(methylamino)ethyl ester, N-[(perfluoro-C4-8- alkyl)sulfonyl] derivs., polymers with propene",毒化物,,,,,,,
171561-95-8,,"Benzene, 1-nitro-4-[(1,1,2,2,3,3,4,4,5,5,6,6,6-
tridecafluorohexyl)sulfonyl]-",毒化物,,,,,,,
178094-71-8,,"1-Hexanesulfonamide, N-[3-(dimethyloxidoamino)propyl]- 1,1,2,2,3,3,4,4,5,5,6,6,6-tridecafluoro-, potassium salt (1:1)",毒化物,,,,,,,
178535-22-3,,"Sulfonamides, C4-8-alkane, perfluoro, N-ethyl-N-(hydroxyethyl), polymers with 1,1'-methylenebis[4-isocyanatobenzene] and polymethylenepolyphenylene isocyanate, 2-ethylhexyl esters, Me Et ketone oxime-blocked",毒化物,,,,,,,
179005-06-2,,"Sulfonamides, C4-8-alkane, perfluoro, N-[3- (dimethyloxidoamino)propyl], potassium salts",毒化物,,,,,,,
179005-07-3,,"Sulfonamides, C4-8-alkane, perfluoro, N-[3- (dimethyloxidoamino)propyl]",毒化物,,,,,,,
1893-52-3,,"2-Propenoic acid, 2-[ethyl[(1,1,2,2,3,3,4,4,5,5,6,6,6- tridecafluorohexyl)sulfonyl]amino]ethyl ester",毒化物,,,,,,,
192662-29-6,,"Sulfonamides, C4-8-alkane, perfluoro, N-[3-(dimethylamino)propyl], reaction products with acrylic acid",毒化物,,,,,,,
222716-67-8,,"Sulfonamides, C4-8-alkane, perfluoro, N-ethyl-N-(hydroxyethyl), reaction products with poly(Bu acrylate) and polyethylene- polypropylene glycol mono-Bu ether",毒化物,,,,,,,
254889-10-6,,"Pyridinium, 1-[[(1,1,2,2,3,3,4,4,5,5,6,6,6-
tridecafluorohexyl)sulfonyl]amino]-, inner salt",毒化物,,,,,,,
30295-56-8,,"1-Hexanesulfonamide, N-[3-(dimethyloxidoamino)propyl]- 1,1,2,2,3,3,4,4,5,5,6,6,6-tridecafluoro-",毒化物,,,,,,,
306973-47-7,,"Sulfonamides, C4-8-alkane, perfluoro, N-(hydroxyethyl)-N-methyl, reaction products with 12-hydroxyoctadecanoic acid and 2,4-TDI, ammonium salts",毒化物,,,,,,,
306974-19-6,,"Sulfonamides, C4-8-alkane, perfluoro, N-methyl-N-[(3-octadecyl-2- oxo-5-oxazolidinyl)methyl]",毒化物,,,,,,,
306974-28-7,,"Siloxanes and Silicones, di-Me, mono[3-[(2-methyl-1-oxo-2-propen-1- yl)oxy]propyl group]-terminated, polymers with 2-[methyl[(perfluoro- C4-8-alkyl)sulfonyl]amino]ethyl acrylate and stearyl methacrylate",毒化物,,,,,,,
306974-45-8,,"Sulfonic acids, C6-8-alkane, perfluoro, compds. with polyethylene- polypropylene glycol bis(2-aminopropyl) ether",毒化物,,,,,,,
306974-63-0,,"Fatty acids, C18-unsatd., dimers, 2-[methyl[(perfluoro-C4-8-alkyl)sulfonyl]amino]ethyl esters",毒化物,,,,,,,
306975-62-2,,"2-Propenoic acid, 2-methyl-, dodecyl ester, polymers with 2- [methyl[(perfluoro-C4-8-alkyl)sulfonyl]amino]ethyl acrylate and vinylidene chloride",毒化物,,,,,,,
306975-84-8,,"Poly(oxy-1,2-ethanediyl), α-hydro-ω-hydroxy-, polymer with 1,6- diisocyanatohexane, N-(hydroxyethyl)-N-methylperfluoro-C4-8- alkanesulfonamides-blocked",毒化物,,,,,,,
306975-85-9,,"2-Propenoic acid, 2-methyl-, dodecyl ester, polymers with N- (hydroxymethyl)-2-propenamide, 2-[methyl[(perfluoro-C4-8- alkyl)sulfonyl]amino]ethyl methacrylate, stearyl methacrylate and vinylidene chloride",毒化物,,,,,,,
306976-25-0,,"1-Hexadecanaminium, N,N-dimethyl-N-[2-[(2-methyl-1-oxo-propen-1- yl)oxy]ethyl]-, bromide (1:1), polymers with Bu acrylate, Bu methacrylate and 2-[methyl[(perfluoro-C4-8- alkyl)sulfonyl]amino]ethyl acrylate",毒化物,,,,,,,
306976-55-6,,"2-Propenoic acid, 2-methyl-, 2-methylpropyl ester, polymer with 2,4- diisocyanato-1-methylbenzene, 2-ethyl-2-(hydroxymethyl)-1,3- propanediol and 2-propenoic acid, N-ethyl-N-(hydroxyethyl)perfluoro- C4-8-alkanesulfonamides-blocked",毒化物,,,,,,,
306977-10-6,,"2-Propenoic acid, 2-methyl-, 2-(dimethylamino)ethyl ester, telomer with 2-[ethyl[(perfluoro-C4-8-alkyl)sulfonyl]amino]ethyl methacrylate and 1-octanethiol, N-oxides",毒化物,,,,,,,
306977-58-2,,"2-Propenoic acid, 2-methyl-, 3-(trimethoxysilyl)propyl ester, polymers with acrylic acid, 2-[methyl[(perfluoro-C4-8- alkyl)sulfonyl]amino]ethyl acrylate and propylene glycol monoacrylate, hydrolyzed, compds. with 2,2'- (methylimino)bis[ethanol]",毒化物,,,,,,,
306978-04-1,,"2-Propenoic acid, butyl ester, polymers with acrylamide, 2- [methyl[(perfluoro-C4-8-alkyl)sulfonyl]amino]ethyl acrylate and vinylidene chloride",毒化物,,,,,,,
306978-65-4,,"Hexane, 1,6-diisocyanato-, homopolymer, N-(hydroxyethyl)-N- methylperfluoro-C4-8-alkanesulfonamides- and stearyl alc.-blocked",毒化物,,,,,,,
306979-40-8,,"Poly(oxy-1,2-ethanediyl), α-[2-(methylamino)ethyl]-ω-[(1,1,3,3-
tetramethylbutyl)phenoxy]-, N-[(perfluoro-C4-8-alkyl)sulfonyl] derivs.",毒化物,,,,,,,
306980-27-8,,"Sulfonamides, C4-8-alkane, perfluoro, N,N'-[1,6-hexanediylbis[(2-oxo- 3,5-oxazolidinediyl)methylene]]bis[N-methyl-",毒化物,,,,,,,
34455-03-3,,"1-Hexanesulfonamide, N-ethyl-1,1,2,2,3,3,4,4,5,5,6,6,6-tridecafluoro- N-(2-hydroxyethyl)-",毒化物,,,,,,,
3871-99-6,,"1-Hexanesulfonic acid, 1,1,2,2,3,3,4,4,5,5,6,6,6-tridecafluoro-, potassium salt (1:1)",毒化物,,,,,,,
38850-52-1,,"1-Propanaminium, 3-[(carboxymethyl)[(1,1,2,2,3,3,4,4,5,5,6,6,6- tridecafluorohexyl)sulfonyl]amino]-N,N,N-trimethyl-, inner salt",毒化物,,,,,,,
38850-58-7,,"1-Propanaminium, N-(2-hydroxyethyl)-N,N-dimethyl-3-[(3- sulfopropyl)[(1,1,2,2,3,3,4,4,5,5,6,6,6-
tridecafluorohexyl)sulfonyl]amino]-, inner salt",毒化物,,,,,,,
38850-60-1,,"1-Propanesulfonic acid, 3-[[3- (dimethylamino)propyl][(1,1,2,2,3,3,4,4,5,5,6,6,6- tridecafluorohexyl)sulfonyl]amino]-",毒化物,,,,,,,
41997-13-1,,"1-Hexanesulfonamide, 1,1,2,2,3,3,4,4,5,5,6,6,6-tridecafluoro-",毒化物,,,,,,,
423-50-7,,"1-Hexanesulfonyl fluoride, 1,1,2,2,3,3,4,4,5,5,6,6,6-tridecafluoro-",毒化物,,,,,,,
504396-13-8,,"2-Propenoic acid, 2-methyl-, 2-[ethyl[(perfluoro-C4-8- alkyl)sulfonyl]amino]ethyl ester, polymers with polyethylene glycol acrylate Me ether",毒化物,,,,,,,
50598-28-2,,"1-Hexanesulfonamide, N-[3-(dimethylamino)propyl]- 1,1,2,2,3,3,4,4,5,5,6,6,6-tridecafluoro-",毒化物,,,,,,,
507225-08-3,,"Siloxanes and Silicones, di-Me, 3-hydroxypropyl group-terminated, reaction products with Me Et ketone oxime, 2-mercaptoethanol, 2- [methyl[(perfluoro-C3-8-alkyl)sulfonyl]amino]ethyl acrylate, polymethylenepolyphenylene isocyanate and polypropylene glycol",毒化物,,,,,,,
52166-82-2,,"1-Propanaminium, N,N,N-trimethyl-3-[[(1,1,2,2,3,3,4,4,5,5,6,6,6- tridecafluorohexyl)sulfonyl]amino]-, chloride (1:1)",毒化物,,,,,,,
55120-77-9,,"1-Hexanesulfonic acid, 1,1,2,2,3,3,4,4,5,5,6,6,6-tridecafluoro-, lithium salt (1:1)",毒化物,,,,,,,
55591-23-6,,"1-Hexanesulfonyl chloride, 1,1,2,2,3,3,4,4,5,5,6,6,6-tridecafluoro-",毒化物,,,,,,,
56372-23-7,,"Poly(oxy-1,2-ethanediyl), α-[2-[ethyl[(1,1,2,2,3,3,4,4,5,5,6,6,6- tridecafluorohexyl)sulfonyl]amino]ethyl]-ω-hydroxy-",毒化物,,,,,,,
67584-48-9,,"1-Hexanesulfonamide, 1,1,2,2,3,3,4,4,5,5,6,6,6-tridecafluoro-N-2- propen-1-yl-",毒化物,,,,,,,
67584-53-6,,"Glycine, N-ethyl-N-[(1,1,2,2,3,3,4,4,5,5,6,6,6-
tridecafluorohexyl)sulfonyl]-, potassium salt (1:1)",毒化物,,,,,,,
67584-57-0,,"2-Propenoic acid, 2-[methyl[(1,1,2,2,3,3,4,4,5,5,6,6,6- tridecafluorohexyl)sulfonyl]amino]ethyl ester",毒化物,,,,,,,
67584-61-6,,"2-Propenoic acid, 2-methyl-, 2-[methyl[(1,1,2,2,3,3,4,4,5,5,6,6,6- tridecafluorohexyl)sulfonyl]amino]ethyl ester",毒化物,,,,,,,
67906-70-1,,"2-Propenoic acid, 2-methyl-, 2-[ethyl[(1,1,2,2,3,3,4,4,5,5,6,6,6- tridecafluorohexyl)sulfonyl]amino]ethyl ester",毒化物,,,,,,,
67906-71-2,,"2-Propenoic acid, 2-methyl-, 2-[ethyl[(1,1,2,2,3,3,4,4,5,5,6,6,6- tridecafluorohexyl)sulfonyl]amino]ethyl ester, polymer with octadecyl 2-propenoate and 2-propenoic acid",毒化物,,,,,,,
67939-61-1,,"2-Propenoic acid, 2-methyl-, 4-[methyl[(1,1,2,2,3,3,4,4,5,5,6,6,6- tridecafluorohexyl)sulfonyl]amino]butyl ester",毒化物,,,,,,,
67939-92-8,,"1-Hexanesulfonamide, N,N'-[phosphinicobis(oxy-2,1- ethanediyl)]bis[N-ethyl-1,1,2,2,3,3,4,4,5,5,6,6,6-tridecafluoro-",毒化物,,,,,,,
67969-65-7,,"1-Hexanesulfonamide, N-ethyl-1,1,2,2,3,3,4,4,5,5,6,6,6-tridecafluoro- N-[2-(phosphonooxy)ethyl]-",毒化物,,,,,,,
680187-85-3,,"Hexane, 1-(ethenylsulfinyl)-1,1,2,2,3,3,4,4,5,5,6,6,6-tridecafluoro-",毒化物,,,,,,,
680187-86-4,,"Hexane, 1-(ethenylsulfonyl)-1,1,2,2,3,3,4,4,5,5,6,6,6-tridecafluoro-",毒化物,,,,,,,
68081-83-4,,"Carbamic acid, N,N'-(4-methyl-1,3-phenylene)bis-, bis[2- [ethyl[(perfluoro-C4-8-alkyl)sulfonyl]amino]ethyl] ester",毒化物,,,,,,,
68227-87-2,,"2-Propenoic acid, 2-methyl-, 2-[ethyl[(1,1,2,2,3,3,4,4,5,5,6,6,7,7,8,8,8-heptadecafluorooctyl)sulfonyl]amino]ethyl ester, telomer with 2- [ethyl[(1,1,2,2,3,3,4,4,4-nonafluorobutyl)sulfonyl]amino]ethyl 2- methyl-2-propenoate, 2-[ethyl[(1,1,2,2,3,3,4,4,5,5,6,6,7,7,7- pentadecafluoroheptyl)sulfonyl]amino]ethyl 2-methyl-2-propenoate, 2- [ethyl[(1,1,2,2,3,3,4,4,5,5,6,6,6-
tridecafluorohexyl)sulfonyl]amino]ethyl 2-methyl-2-propenoate, 2- [ethyl[(1,1,2,2,3,3,4,4,5,5,5-undecafluoropentyl)sulfonyl]amino]ethyl 2-methyl-2-propenoate, 2-methyloxirane polymer with oxirane di-2- propenoate, 2-methyloxirane polymer with oxirane mono-2-propenoate
and 1-octanethiol",毒化物,,,,,,,
68227-94-1,,"2-Propenoic acid, 2-[[(1,1,2,2,3,3,4,4,5,5,6,6,7,7,8,8,8-
heptadecafluorooctyl)sulfonyl]methylamino]ethyl ester, polymer with 2-[methyl[(1,1,2,2,3,3,4,4,4-nonafluorobutyl)sulfonyl]amino]ethyl 2- propenoate, α-(2-methyl-1-oxo-2-propen-1-yl)-ω-hydroxypoly(oxy- 1,2-ethanediyl), α-(2-methyl-1-oxo-2-propen-1-yl)-ω-[(2-methyl-1- oxo-2-propen-1-yl)oxy]poly(oxy-1,2-ethanediyl), 2- [methyl[(1,1,2,2,3,3,4,4,5,5,6,6,7,7,7-
pentadecafluoroheptyl)sulfonyl]amino]ethyl 2-propenoate, 2- [methyl[(1,1,2,2,3,3,4,4,5,5,6,6,6-
tridecafluorohexyl)sulfonyl]amino]ethyl 2-propenoate, 2- [methyl[(1,1,2,2,3,3,4,4,5,5,5-undecafluoropentyl)sulfonyl]amino]ethyl 2-propenoate and α-(1-oxo-2-propen-1-yl)-ω-methoxypoly(oxy-1,2-
ethanediyl)",毒化物,,,,,,,
68227-96-3,,"2-Propenoic acid, butyl ester, telomer with 2- [[(1,1,2,2,3,3,4,4,5,5,6,6,7,7,8,8,8-
heptadecafluorooctyl)sulfonyl]methylamino]ethyl 2-propenoate, 2-
[methyl[(1,1,2,2,3,3,4,4,4-nonafluorobutyl)sulfonyl]amino]ethyl 2- propenoate, α-(2-methyl-1-oxo-2-propen-1-yl)-ω-hydroxypoly(oxy- 1,4-butanediyl), α-(2-methyl-1-oxo-2-propen-1-yl)-ω-[(2-methyl-1- oxo-2-propen-1-yl)oxy]poly(oxy-1,4-butanediyl), 2- [methyl[(1,1,2,2,3,3,4,4,5,5,6,6,7,7,7-
pentadecafluoroheptyl)sulfonyl]amino]ethyl 2-propenoate, 2- [methyl[(1,1,2,2,3,3,4,4,5,5,6,6,6-
tridecafluorohexyl)sulfonyl]amino]ethyl 2-propenoate, 2- [methyl[(1,1,2,2,3,3,4,4,5,5,5-undecafluoropentyl)sulfonyl]amino]ethyl
2-propenoate and 1-octanethiol",毒化物,,,,,,,
68227-98-5,,"2-Propenoic acid, 4-[methyl[(1,1,2,2,3,3,4,4,5,5,6,6,6- tridecafluorohexyl)sulfonyl]amino]butyl ester",毒化物,,,,,,,
68228-00-2,,"2-Propenoic acid, ethyl ester, polymer with 4- [[(1,1,2,2,3,3,4,4,5,5,6,6,7,7,8,8,8-
heptadecafluorooctyl)sulfonyl]methylamino]butyl 2-propenoate, 4-
[methyl[(1,1,2,2,3,3,4,4,4-nonafluorobutyl)sulfonyl]amino]butyl 2- propenoate, α-(2-methyl-1-oxo-2-propen-1-yl)-ω-hydroxypoly(oxy- 1,4-butanediyl), α-(2-methyl-1-oxo-2-propen-1-yl)-ω- hydroxypoly(oxy-1,2-ethanediyl), α-(2-methyl-1-oxo-2-propen-1-yl)- ω-[(2-methyl-1-oxo-2-propen-1-yl)oxy]poly(oxy-1,4-butanediyl), α-(2-
methyl-1-oxo-2-propen-1-yl)-ω-[(2-methyl-1-oxo-2-propen-1- yl)oxy]poly(oxy-1,2-ethanediyl), 4- [methyl[(1,1,2,2,3,3,4,4,5,5,6,6,7,7,7-
pentadecafluoroheptyl)sulfonyl]amino]butyl 2-propenoate, 4- [methyl[(1,1,2,2,3,3,4,4,5,5,6,6,6-
tridecafluorohexyl)sulfonyl]amino]butyl 2-propenoate and 4- [methyl[(1,1,2,2,3,3,4,4,5,5,5-undecafluoropentyl)sulfonyl]amino]butyl
2-propenoate",毒化物,,,,,,,
68239-74-7,,"1-Hexanesulfonamide, 1,1,2,2,3,3,4,4,5,5,6,6,6-tridecafluoro-N-(4- hydroxybutyl)-N-methyl-",毒化物,,,,,,,
68259-08-5,,"1-Hexanesulfonic acid, 1,1,2,2,3,3,4,4,5,5,6,6,6-tridecafluoro-,ammonium salt (1:1)",毒化物,,,,,,,
68259-15-4,,"1-Hexanesulfonamide, 1,1,2,2,3,3,4,4,5,5,6,6,6-tridecafluoro-N- methyl-",毒化物,,,,,,,
68259-38-1,,"Poly[oxy(methyl-1,2-ethanediyl)], α-[2-
[ethyl[(1,1,2,2,3,3,4,4,5,5,6,6,6-
tridecafluorohexyl)sulfonyl]amino]ethyl]-ω-hydroxy-",毒化物,,,,,,,
68298-09-9,,"1-Hexanesulfonamide, 1,1,2,2,3,3,4,4,5,5,6,6,6-tridecafluoro-N- (phenylmethyl)-",毒化物,,,,,,,
68298-74-8,,"2-Propenoic acid, 2-methyl-, 2-[[[[5-[[[2- [ethyl[(tridecafluorohexyl)sulfonyl]amino]ethoxy]carbonyl]amino]-2- methylphenyl]amino]carbonyl]oxy]propyl ester (9CI)",毒化物,,,,,,,
68298-78-2,,"2-Propenoic acid, 2-methyl-, 2-[[[[5-[[[2-
[ethyl[(1,1,2,2,3,3,4,4,5,5,6,6,7,7,8,8,8-
heptadecafluorooctyl)sulfonyl]amino]ethoxy]carbonyl]amino]-2- methylphenyl]amino]carbonyl]oxy]propyl ester, telomer with butyl 2- propenoate, 2-[[[[5-[[[2-[ethyl[(1,1,2,2,3,3,4,4,4- nonafluorobutyl)sulfonyl]amino]ethoxy]carbonyl]amino]-2- methylphenyl]amino]carbonyl]oxy]propyl 2-methyl-2-propenoate, 2- [[[[5-[[[2-[ethyl[(1,1,2,2,3,3,4,4,5,5,6,6,7,7,7-
pentadecafluoroheptyl)sulfonyl]amino]ethoxy]carbonyl]amino]-2- methylphenyl]amino]carbonyl]oxy]propyl 2-methyl-2-propenoate, 2- [[[[5-[[[2-[ethyl[(1,1,2,2,3,3,4,4,5,5,6,6,6-
tridecafluorohexyl)sulfonyl]amino]ethoxy]carbonyl]amino]-2- methylphenyl]amino]carbonyl]oxy]propyl 2-methyl-2-propenoate, 2- [[[[5-[[[2-[ethyl[(1,1,2,2,3,3,4,4,5,5,5-
undecafluoropentyl)sulfonyl]amino]ethoxy]carbonyl]amino]-2- methylphenyl]amino]carbonyl]oxy]propyl 2-methyl-2-propenoate, 2-
[[(1,1,2,2,3,3,4,4,5,5,6,6,7,7,8,8,8-
heptadecafluorooctyl)sulfonyl]methylamino]ethyl 2-propenoate, 2-
[methyl[(1,1,2,2,3,3,4,4,4-nonafluorobutyl)sulfonyl]amino]ethyl 2- propenoate, 2-[methyl[(1,1,2,2,3,3,4,4,5,5,6,6,7,7,7- pentadecafluoroheptyl)sulfonyl]amino]ethyl 2-propenoate, 2- [methyl[(1,1,2,2,3,3,4,4,5,5,6,6,6-
tridecafluorohexyl)sulfonyl]amino]ethyl 2-propenoate, 2- [methyl[(1,1,2,2,3,3,4,4,5,5,5-undecafluoropentyl)sulfonyl]amino]ethyl
2-propenoate and 1-octanethiol",毒化物,,,,,,,
68299-21-8,,"Benzenesulfonic acid, [[[(1,1,2,2,3,3,4,4,5,5,6,6,6- tridecafluorohexyl)sulfonyl]amino]methyl]-, sodium salt (1:1)",毒化物,,,,,,,
68299-39-8,,"2-Propenoic acid, 2-methyl-, 4-[[(1,1,2,2,3,3,4,4,5,5,6,6,7,7,8,8,8-
heptadecafluorooctyl)sulfonyl]methylamino]butyl ester, telomer with butyl 2-propenoate, 2-[[(1,1,2,2,3,3,4,4,5,5,6,6,7,7,8,8,8-
heptadecafluorooctyl)sulfonyl]methylamino]ethyl 2-propenoate, 4-
[methyl[(1,1,2,2,3,3,4,4,4-nonafluorobutyl)sulfonyl]amino]butyl 2- methyl-2-propenoate, 2-[methyl[(1,1,2,2,3,3,4,4,4- nonafluorobutyl)sulfonyl]amino]ethyl 2-propenoate, α-(2-methyl-1- oxo-2-propen-1-yl)-ω-hydroxypoly(oxy-1,4-butanediyl), α-(2-methyl- 1-oxo-2-propen-1-yl)-ω-[(2-methyl-1-oxo-2-propen-1- yl)oxy]poly(oxy-1,4-butanediyl), 4- [methyl[(1,1,2,2,3,3,4,4,5,5,6,6,7,7,7-
pentadecafluoroheptyl)sulfonyl]amino]butyl 2-methyl-2-propenoate, 2- [methyl[(1,1,2,2,3,3,4,4,5,5,6,6,7,7,7-
pentadecafluoroheptyl)sulfonyl]amino]ethyl 2-propenoate, 4- [methyl[(1,1,2,2,3,3,4,4,5,5,6,6,6-
tridecafluorohexyl)sulfonyl]amino]butyl 2-methyl-2-propenoate, 2-
[methyl[(1,1,2,2,3,3,4,4,5,5,6,6,6-tridecafluorohexyl)sulfonyl]amino]ethyl 2-propenoate, 4- [methyl[(1,1,2,2,3,3,4,4,5,5,5-undecafluoropentyl)sulfonyl]amino]butyl 2-methyl-2-propenoate, 2-[methyl[(1,1,2,2,3,3,4,4,5,5,5- undecafluoropentyl)sulfonyl]amino]ethyl 2-propenoate and 1- octanethiol",毒化物,,,,,,,
68329-56-6,,"2-Propenoic acid, eicosyl ester, polymer with 2- [[(1,1,2,2,3,3,4,4,5,5,6,6,7,7,8,8,8-
heptadecafluorooctyl)sulfonyl]methylamino]ethyl 2-propenoate, hexadecyl 2-propenoate, 2-[methyl[(1,1,2,2,3,3,4,4,4- nonafluorobutyl)sulfonyl]amino]ethyl 2-propenoate, 2- [methyl[(1,1,2,2,3,3,4,4,5,5,6,6,7,7,7-
pentadecafluoroheptyl)sulfonyl]amino]ethyl 2-propenoate, 2- [methyl[(1,1,2,2,3,3,4,4,5,5,6,6,6-
tridecafluorohexyl)sulfonyl]amino]ethyl 2-propenoate, 2- [methyl[(1,1,2,2,3,3,4,4,5,5,5-undecafluoropentyl)sulfonyl]amino]ethyl
2-propenoate and octadecyl 2-propenoate",毒化物,,,,,,,
68391-09-3,,"Sulfonic acids, C6-12-alkane, perfluoro, potassium salts",毒化物,,,,,,,
68555-70-4,,"Glycine, N-ethyl-N-[(1,1,2,2,3,3,4,4,5,5,6,6,6-
tridecafluorohexyl)sulfonyl]-, sodium salt (1:1)",毒化物,,,,,,,
68555-75-9,,"1-Hexanesulfonamide, 1,1,2,2,3,3,4,4,5,5,6,6,6-tridecafluoro-N-(2- hydroxyethyl)-N-methyl-",毒化物,,,,,,,
68555-90-8,,Polymer based on 67584-55-8,毒化物,,,,,,,
68555-91-9,,"2-Propenoic acid, 2-methyl-, 2-[ethyl[(1,1,2,2,3,3,4,4,5,5,6,6,7,7,8,8,8- heptadecafluorooctyl)sulfonyl]amino]ethyl ester, polymer with 2- [ethyl[(1,1,2,2,3,3,4,4,4-nonafluorobutyl)sulfonyl]amino]ethyl 2- methyl-2-propenoate, 2-[ethyl[(1,1,2,2,3,3,4,4,5,5,6,6,7,7,7- pentadecafluoroheptyl)sulfonyl]amino]ethyl 2-methyl-2-propenoate, 2- [ethyl[(1,1,2,2,3,3,4,4,5,5,6,6,6-
tridecafluorohexyl)sulfonyl]amino]ethyl 2-methyl-2-propenoate, 2- [ethyl[(1,1,2,2,3,3,4,4,5,5,5-undecafluoropentyl)sulfonyl]amino]ethyl
2-methyl-2-propenoate and octadecyl 2-methyl-2-propenoate",毒化物,,,,,,,
68555-92-0,,"2-Propenoic acid, 2-methyl-, 2-[[(1,1,2,2,3,3,4,4,5,5,6,6,7,7,8,8,8-
heptadecafluorooctyl)sulfonyl]methylamino]ethyl ester, polymer with 2-[methyl[(1,1,2,2,3,3,4,4,4-nonafluorobutyl)sulfonyl]amino]ethyl 2- methyl-2-propenoate, 2-[methyl[(1,1,2,2,3,3,4,4,5,5,6,6,7,7,7- pentadecafluoroheptyl)sulfonyl]amino]ethyl 2-methyl-2-propenoate, 2- [methyl[(1,1,2,2,3,3,4,4,5,5,6,6,6-
tridecafluorohexyl)sulfonyl]amino]ethyl 2-methyl-2-propenoate, 2- [methyl[(1,1,2,2,3,3,4,4,5,5,5-undecafluoropentyl)sulfonyl]amino]ethyl
2-methyl-2-propenoate and octadecyl 2-methyl-2-propenoate",毒化物,,,,,,,
68568-77-4,,"2-Propenoic acid, 2-methyl-, 2-[ethyl[(1,1,2,2,3,3,4,4,5,5,6,6,7,7,8,8,8- heptadecafluorooctyl)sulfonyl]amino]ethyl ester, polymer with 2- chloro-1,3-butadiene, 2-[ethyl[(1,1,2,2,3,3,4,4,4- nonafluorobutyl)sulfonyl]amino]ethyl 2-methyl-2-propenoate, 2- [ethyl[(1,1,2,2,3,3,4,4,5,5,6,6,7,7,7-
pentadecafluoroheptyl)sulfonyl]amino]ethyl 2-methyl-2-propenoate, 2- [ethyl[(1,1,2,2,3,3,4,4,5,5,6,6,6-
tridecafluorohexyl)sulfonyl]amino]ethyl 2-methyl-2-propenoate and 2- [ethyl[(1,1,2,2,3,3,4,4,5,5,5-undecafluoropentyl)sulfonyl]amino]ethyl
2-methyl-2-propenoate",毒化物,,,,,,,
68586-13-0,,"2-Propenoic acid, 2-[[(heptadecafluorooctyl)sulfonyl]methylamino]ethyl ester, polymer with 2-[methyl[(nonafluorobutyl)sulfonyl]amino]ethyl 2-propenoate, α- (2-methyl-1-oxo-2-propenyl)-ω-hydroxypoly(oxy-1,2-ethanediyl), α- (2-methyl-1-oxo-2-propenyl)-ω-[(2-methyl-1-oxo-2- propenyl)oxy]poly(oxy-1,2-ethanediyl), 2-
[methyl[(pentadecafluoroheptyl)sulfonyl]amino]ethyl 2-propenoate, 2- [methyl[(tridecafluorohexyl)sulfonyl]amino]ethyl 2-propenoate and 2-
[methyl[(undecafluoropentyl)sulfonyl]amino]ethyl 2-propenoate (9CI)",毒化物,,,,,,,
68586-14-1,,"2-Propenoic acid, 2-[[(1,1,2,2,3,3,4,4,5,5,6,6,7,7,8,8,8-
heptadecafluorooctyl)sulfonyl]methylamino]ethyl ester, telomer with 2-[methyl[(1,1,2,2,3,3,4,4,4-nonafluorobutyl)sulfonyl]amino]ethyl 2- propenoate, α-(2-methyl-1-oxo-2-propen-1-yl)-ω-hydroxypoly(oxy- 1,2-ethanediyl), α-(2-methyl-1-oxo-2-propen-1-yl)-ω-[(2-methyl-1- oxo-2-propen-1-yl)oxy]poly(oxy-1,2-ethanediyl), 2- [methyl[(1,1,2,2,3,3,4,4,5,5,6,6,7,7,7-
pentadecafluoroheptyl)sulfonyl]amino]ethyl 2-propenoate, 2- [methyl[(1,1,2,2,3,3,4,4,5,5,6,6,6-
tridecafluorohexyl)sulfonyl]amino]ethyl 2-propenoate, 2- [methyl[(1,1,2,2,3,3,4,4,5,5,5-undecafluoropentyl)sulfonyl]amino]ethyl
2-propenoate and 1-octanethiol",毒化物,,,,,,,
68608-13-9,,"Sulfonamides, C4-8-alkane, perfluoro, N-ethyl-N-(hydroxyethyl), reaction products with TDI",毒化物,,,,,,,
68608-14-0,,"Sulfonamides, C4-8-alkane, perfluoro, N-ethyl-N-(hydroxyethyl), reaction products with 1,1'-methylenebis[4-isocyanatobenzene]",毒化物,,,,,,,
68649-26-3,,"1-Octanesulfonamide, N-ethyl-1,1,2,2,3,3,4,4,5,5,6,6,7,7,8,8,8- heptadecafluoro-N-(2-hydroxyethyl)-, reaction products with N-ethyl- 1,1,2,2,3,3,4,4,4-nonafluoro-N-(2-hydroxyethyl)-1-butanesulfonamide, N-ethyl-1,1,2,2,3,3,4,4,5,5,6,6,7,7,7-pentadecafluoro-N-(2- hydroxyethyl)-1-heptanesulfonamide, N-ethyl-1,1,2,2,3,3,4,4,5,5,6,6,6- tridecafluoro-N-(2-hydroxyethyl)-1-hexanesulfonamide, N-ethyl- 1,1,2,2,3,3,4,4,5,5,5-undecafluoro-N-(2-hydroxyethyl)-1- pentanesulfonamide, polymethylenepolyphenylene isocyanate and stearyl alc.",毒化物,,,,,,,
68797-76-2,,"2-Propenoic acid, 2-methyl-, 2-ethylhexyl ester, polymer with 2- [[(1,1,2,2,3,3,4,4,5,5,6,6,7,7,8,8,8-
heptadecafluorooctyl)sulfonyl]methylamino]ethyl 2-propenoate, 2-
[methyl[(1,1,2,2,3,3,4,4,4-nonafluorobutyl)sulfonyl]amino]ethyl 2- propenoate, 2-[methyl[(1,1,2,2,3,3,4,4,5,5,6,6,7,7,7- pentadecafluoroheptyl)sulfonyl]amino]ethyl 2-propenoate, 2- [methyl[(1,1,2,2,3,3,4,4,5,5,6,6,6-
tridecafluorohexyl)sulfonyl]amino]ethyl 2-propenoate, 2- [methyl[(1,1,2,2,3,3,4,4,5,5,5-undecafluoropentyl)sulfonyl]amino]ethyl
2-propenoate and 2-oxiranylmethyl 2-methyl-2-propenoate",毒化物,,,,,,,
68815-72-5,,"Benzoic acid, 2,3,4,5-tetrachloro-6-[[[3-[[(1,1,2,2,3,3,4,4,5,5,6,6,6- tridecafluorohexyl)sulfonyl]oxy]phenyl]amino]carbonyl]-, potassium salt (1:1)",毒化物,,,,,,,
68867-60-7,,"2-Propenoic acid, 2-[[(1,1,2,2,3,3,4,4,5,5,6,6,7,7,8,8,8-
heptadecafluorooctyl)sulfonyl]methylamino]ethyl ester, polymer with 2-[methyl[(1,1,2,2,3,3,4,4,4-nonafluorobutyl)sulfonyl]amino]ethyl 2- propenoate, 2-[methyl[(1,1,2,2,3,3,4,4,5,5,6,6,7,7,7- pentadecafluoroheptyl)sulfonyl]amino]ethyl 2-propenoate, 2- [methyl[(1,1,2,2,3,3,4,4,5,5,6,6,6-
tridecafluorohexyl)sulfonyl]amino]ethyl 2-propenoate, 2- [methyl[(1,1,2,2,3,3,4,4,5,5,5-undecafluoropentyl)sulfonyl]amino]ethyl 2-propenoate and α-(1-oxo-2-propen-1-yl)-ω-methoxypoly(oxy-1,2-
ethanediyl)",毒化物,,,,,,,
68867-62-9,,"2-Propenoic acid, 2-methyl-, 2-[ethyl[(1,1,2,2,3,3,4,4,5,5,6,6,7,7,8,8,8-heptadecafluorooctyl)sulfonyl]amino]ethyl ester, telomer with 2- [ethyl[(1,1,2,2,3,3,4,4,4-nonafluorobutyl)sulfonyl]amino]ethyl 2- methyl-2-propenoate, 2-[ethyl[(1,1,2,2,3,3,4,4,5,5,6,6,7,7,7- pentadecafluoroheptyl)sulfonyl]amino]ethyl 2-methyl-2-propenoate, 2- [ethyl[(1,1,2,2,3,3,4,4,5,5,6,6,6-
tridecafluorohexyl)sulfonyl]amino]ethyl 2-methyl-2-propenoate, 2- [ethyl[(1,1,2,2,3,3,4,4,5,5,5-undecafluoropentyl)sulfonyl]amino]ethyl 2-methyl-2-propenoate, 1-octanethiol and α-(1-oxo-2-propen-1-yl)-ω-
methoxypoly(oxy-1,2-ethanediyl)",毒化物,,,,,,,
68877-32-7,,"2-Propenoic acid, 2-methyl-, 2-[ethyl[(1,1,2,2,3,3,4,4,5,5,6,6,7,7,8,8,8- heptadecafluorooctyl)sulfonyl]amino]ethyl ester, polymer with 2- [ethyl[(1,1,2,2,3,3,4,4,4-nonafluorobutyl)sulfonyl]amino]ethyl 2- methyl-2-propenoate, 2-[ethyl[(1,1,2,2,3,3,4,4,5,5,6,6,7,7,7- pentadecafluoroheptyl)sulfonyl]amino]ethyl 2-methyl-2-propenoate, 2- [ethyl[(1,1,2,2,3,3,4,4,5,5,6,6,6-
tridecafluorohexyl)sulfonyl]amino]ethyl 2-methyl-2-propenoate, 2- [ethyl[(1,1,2,2,3,3,4,4,5,5,5-undecafluoropentyl)sulfonyl]amino]ethyl
2-methyl-2-propenoate and 2-methyl-1,3-butadiene",毒化物,,,,,,,
68891-98-5,,"Chromium, diaquatetrachloro[μ-[N-ethyl-N-[(1,1,2,2,3,3,4,4,5,5,6,6,6- tridecafluorohexyl)sulfonyl]glycinato-κO:κO']]-μ-hydroxybis(2- propanol)di-",毒化物,,,,,,,
68909-15-9,,"2-Propenoic acid, eicosyl ester, polymers with branched octyl acrylate, 2-[[(heptadecafluorooctyl)sulfonyl]methylamino]ethyl acrylate, 2-
[methyl[(nonafluorobutyl)sulfonyl]amino]ethyl acrylate, 2-
[methyl[(pentadecafluoroheptyl)sulfonyl]amino]ethyl acrylate, 2-
[methyl[(tridecafluorohexyl)sulfonyl]amino]ethyl acrylate, 2- [methyl[(undecafluoropentyl)sulfonyl]amino]ethyl acrylate, polyethylene glycol acrylate Me ether and stearyl acrylate",毒化物,,,,,,,
68957-32-4,,"Glycine, N-ethyl-N-[(1,1,2,2,3,3,4,4,5,5,6,6,6-
tridecafluorohexyl)sulfonyl]-",毒化物,,,,,,,
68957-53-9,,"Glycine, N-ethyl-N-[(1,1,2,2,3,3,4,4,5,5,6,6,6-
tridecafluorohexyl)sulfonyl]-, ethyl ester",毒化物,,,,,,,
68957-58-4,,"1-Propanaminium, N,N,N-trimethyl-3-[[(1,1,2,2,3,3,4,4,5,5,6,6,6- tridecafluorohexyl)sulfonyl]amino]-, iodide (1:1)",毒化物,,,,,,,
68957-61-9,,"1-Hexanesulfonamide, N-[3-(dimethylamino)propyl]- 1,1,2,2,3,3,4,4,5,5,6,6,6-tridecafluoro-, hydrochloride (1:1)",毒化物,,,,,,,
70225-16-0,,"1-Hexanesulfonic acid, 1,1,2,2,3,3,4,4,5,5,6,6,6-tridecafluoro-, compd. with 2,2'-iminobis[ethanol] (1:1)",毒化物,,,,,,,
70248-52-1,,"1-Propanaminium, N,N,N-trimethyl-3-[[(1,1,2,2,3,3,4,4,5,5,6,6,6- tridecafluorohexyl)sulfonyl]amino]-, sulfate (2:1)",毒化物,,,,,,,
70776-36-2,,"2-Propenoic acid, 2-methyl-, octadecyl ester, polymer with 1,1- dichloroethene, 2-[[(1,1,2,2,3,3,4,4,5,5,6,6,7,7,8,8,8-
heptadecafluorooctyl)sulfonyl]methylamino]ethyl 2-propenoate, N- (hydroxymethyl)-2-propenamide, 2-[methyl[(1,1,2,2,3,3,4,4,4- nonafluorobutyl)sulfonyl]amino]ethyl 2-propenoate, 2- [methyl[(1,1,2,2,3,3,4,4,5,5,6,6,7,7,7-
pentadecafluoroheptyl)sulfonyl]amino]ethyl 2-propenoate, 2-
[methyl[(1,1,2,2,3,3,4,4,5,5,6,6,6-tridecafluorohexyl)sulfonyl]amino]ethyl 2-propenoate and 2- [methyl[(1,1,2,2,3,3,4,4,5,5,5-undecafluoropentyl)sulfonyl]amino]ethyl 2-propenoate",毒化物,,,,,,,
70900-36-6,,"2-Propenoic acid, 2-methyl-, 2-[[[[2-methyl-5-[[[4- [methyl[(tridecafluorohexyl)sulfonyl]amino]butoxy]carbonyl]amino]ph enyl]amino]carbonyl]oxy]propyl ester (9CI)",毒化物,,,,,,,
70900-40-2,,"2-Propenoic acid, 2-methyl-, 2-[[[[5-[[[4-
[[(1,1,2,2,3,3,4,4,5,5,6,6,7,7,8,8,8-
heptadecafluorooctyl)sulfonyl]methylamino]butoxy]carbonyl]amino]- 2-methylphenyl]amino]carbonyl]oxy]propyl ester, telomer with butyl 2-propenoate, 2-[[(1,1,2,2,3,3,4,4,5,5,6,6,7,7,8,8,8-
heptadecafluorooctyl)sulfonyl]methylamino]ethyl 2-propenoate, 2- [[[[2-methyl-5-[[[4-[methyl[(1,1,2,2,3,3,4,4,4-
nonafluorobutyl)sulfonyl]amino]butoxy]carbonyl]amino]phenyl]amino
]carbonyl]oxy]propyl 2-methyl-2-propenoate, 2-[[[[2-methyl-5-[[[4- [methyl[(1,1,2,2,3,3,4,4,5,5,6,6,7,7,7-
pentadecafluoroheptyl)sulfonyl]amino]butoxy]carbonyl]amino]phenyl] amino]carbonyl]oxy]propyl 2-methyl-2-propenoate, 2-[[[[2-methyl-5- [[[4-[methyl[(1,1,2,2,3,3,4,4,5,5,6,6,6-
tridecafluorohexyl)sulfonyl]amino]butoxy]carbonyl]amino]phenyl]ami no]carbonyl]oxy]propyl 2-methyl-2-propenoate, 2-[[[[2-methyl-5-[[[4- [methyl[(1,1,2,2,3,3,4,4,5,5,5-
undecafluoropentyl)sulfonyl]amino]butoxy]carbonyl]amino]phenyl]am ino]carbonyl]oxy]propyl 2-methyl-2-propenoate, 2-
[methyl[(1,1,2,2,3,3,4,4,4-nonafluorobutyl)sulfonyl]amino]ethyl 2- propenoate, 2-[methyl[(1,1,2,2,3,3,4,4,5,5,6,6,7,7,7- pentadecafluoroheptyl)sulfonyl]amino]ethyl 2-propenoate, 2- [methyl[(1,1,2,2,3,3,4,4,5,5,6,6,6-
tridecafluorohexyl)sulfonyl]amino]ethyl 2-propenoate, 2- [methyl[(1,1,2,2,3,3,4,4,5,5,5-undecafluoropentyl)sulfonyl]amino]ethyl
2-propenoate and 1-octanethiol",毒化物,,,,,,,
71487-20-2,,"2-Propenoic acid, 2-methyl-, methyl ester, polymer with ethenylbenzene, 2-[[(1,1,2,2,3,3,4,4,5,5,6,6,7,7,8,8,8-
heptadecafluorooctyl)sulfonyl]methylamino]ethyl 2-propenoate, 2-
[methyl[(1,1,2,2,3,3,4,4,4-nonafluorobutyl)sulfonyl]amino]ethyl 2- propenoate, 2-[methyl[(1,1,2,2,3,3,4,4,5,5,6,6,7,7,7- pentadecafluoroheptyl)sulfonyl]amino]ethyl 2-propenoate, 2- [methyl[(1,1,2,2,3,3,4,4,5,5,6,6,6-
tridecafluorohexyl)sulfonyl]amino]ethyl 2-propenoate, 2-
[methyl[(1,1,2,2,3,3,4,4,5,5,5-undecafluoropentyl)sulfonyl]amino]ethyl 2-propenoate and 2-propenoic acid",毒化物,,,,,,,
73772-32-4,,"1-Propanesulfonic acid, 3-[[3- (dimethylamino)propyl][(1,1,2,2,3,3,4,4,5,5,6,6,6- tridecafluorohexyl)sulfonyl]amino]-2-hydroxy-, sodium salt (1:1)",毒化物,,,,,,,
73772-33-5,,"1-Hexanesulfonamide, N-[3-(dimethylamino)propyl]- 1,1,2,2,3,3,4,4,5,5,6,6,6-tridecafluoro-, acetate (1:1)",毒化物,,,,,,,
73772-34-6,,"1-Hexanesulfonamide, N-[3-(dimethylamino)propyl]- 1,1,2,2,3,3,4,4,5,5,6,6,6-tridecafluoro-N-[2-[2-(2-
hydroxyethoxy)ethoxy]ethyl]-",毒化物,,,,,,,
76848-59-4,,"Benzene, 1-chloro-4-[(1,1,2,2,3,3,4,4,5,5,6,6,6-
tridecafluorohexyl)sulfonyl]-",毒化物,,,,,,,
76848-68-5,,"1H-Benzimidazolium, 1,3-diethyl-2-methyl-5- [(1,1,2,2,3,3,4,4,5,5,6,6,6-tridecafluorohexyl)sulfonyl]-, 4-
methylbenzenesulfonate (1:1)",毒化物,,,,,,,
80621-17-6,,"1-Propanesulfonic acid, 3-[methyl[3-[[(1,1,2,2,3,3,4,4,5,5,6,6,6- tridecafluorohexyl)sulfonyl]amino]propyl]amino]-, sodium salt (1:1)",毒化物,,,,,,,
81190-38-7,,"1-Propanaminium, N-(2-hydroxyethyl)-3-[(2-hydroxy-3- sulfopropyl)[(1,1,2,2,3,3,4,4,5,5,6,6,6-
tridecafluorohexyl)sulfonyl]amino]-N,N-dimethyl-, hydroxide, sodium salt (1:1:1)",毒化物,,,,,,,
82382-12-5,,"1-Hexanesulfonic acid, 1,1,2,2,3,3,4,4,5,5,6,6,6-tridecafluoro-, sodium salt (1:1)",毒化物,,,,,,,
85665-64-1,,"1-Hexanesulfonamide, 1,1,2,2,3,3,4,4,5,5,6,6,6-tridecafluoro-N-(2- hydroxyethyl)-N-propyl-",毒化物,,,,,,,
85665-66-3,,"Glycine, N-propyl-N-[(1,1,2,2,3,3,4,4,5,5,6,6,6-
tridecafluorohexyl)sulfonyl]-, potassium salt (1:1)",毒化物,,,,,,,
86525-30-6,,"1-Hexanesulfinic acid, 1,1,2,2,3,3,4,4,5,5,6,6,6-tridecafluoro-, zinc salt (2:1)",毒化物,,,,,,,
86525-43-1,,"Thiophene, 2-[2-[(tridecafluorohexyl)sulfonyl]ethenyl]-",毒化物,,,,,,,
86525-48-6,,"Furan, 2-[2-[(1,1,2,2,3,3,4,4,5,5,6,6,6-
tridecafluorohexyl)sulfonyl]ethenyl]-",毒化物,,,,,,,
86525-51-1,,"Benzene, 1-methyl-4-[2-[(1,1,2,2,3,3,4,4,5,5,6,6,6-
tridecafluorohexyl)sulfonyl]ethenyl]-",毒化物,,,,,,,
86525-52-2,,"Benzene, 1-methoxy-4-[2-[(1,1,2,2,3,3,4,4,5,5,6,6,6-
tridecafluorohexyl)sulfonyl]ethenyl]-",毒化物,,,,,,,
89863-48-9,,"Thiophene, 2-[1-(phenylthio)-2-[(1,1,2,2,3,3,4,4,5,5,6,6,6- tridecafluorohexyl)sulfonyl]ethyl]-",毒化物,,,,,,,
89863-49-0,,"Furan, 2-[1-(phenylthio)-2-[(1,1,2,2,3,3,4,4,5,5,6,6,6-
tridecafluorohexyl)sulfonyl]ethyl]-",毒化物,,,,,,,
89863-50-3,,"Benzene, 1-methyl-4-[1-(phenylthio)-2-[(1,1,2,2,3,3,4,4,5,5,6,6,6- tridecafluorohexyl)sulfonyl]ethyl]-",毒化物,,,,,,,
89863-55-8,,"Thiophene, 2-[1-(nitromethyl)-2-[(1,1,2,2,3,3,4,4,5,5,6,6,6- tridecafluorohexyl)sulfonyl]ethyl]-",毒化物,,,,,,,
89863-56-9,,"Furan, 2-[1-(nitromethyl)-2-[(1,1,2,2,3,3,4,4,5,5,6,6,6-
tridecafluorohexyl)sulfonyl]ethyl]-",毒化物,,,,,,,
89863-63-8,,"2,4-Pentanedione, 3-[1-(2-thienyl)-2-[(1,1,2,2,3,3,4,4,5,5,6,6,6-
tridecafluorohexyl)sulfonyl]ethyl]-",毒化物,,,,,,,
89863-64-9,,"2,4-Pentanedione, 3-[1-(2-furanyl)-2-[(1,1,2,2,3,3,4,4,5,5,6,6,6-
tridecafluorohexyl)sulfonyl]ethyl]-",毒化物,,,,,,,
91081-99-1,,"Sulfonamides, C4-8-alkane, perfluoro, N-(hydroxyethyl)-N-methyl, reaction products with epichlorohydrin, adipates (esters)",毒化物,,,,,,,
93416-31-0,,"Isoxazolidine, 4-(4-methoxyphenyl)-2-methyl-5- [(1,1,2,2,3,3,4,4,5,5,6,6,6-tridecafluorohexyl)sulfonyl]-",毒化物,,,,,,,
93572-72-6,,"Sulfonic acids, C6-12-alkane, perfluoro",毒化物,,,,,,,
944578-05-6,,"Sulfonamides, C4-8-alkane, perfluoro, N-[4,7-dimethyl-4-[[(1- methylpropylidene)amino]oxy]-3,5-dioxa-6-aza-4-silanon-6-en-1-yl]- N-ethyl",毒化物,,,,,,,
1332-21-4,石綿,Asbes- tos,毒化物,,,,,003,2,500
26471-62-5,二異氰酸甲苯,"Tolu- ene diiso- cya- nate (mixed iso- mers) Tolu- ene- 2,4-diiso- cya- nate",毒化物,,,,,074,3,500
584-84-9,二異氰酸甲苯,"Tolu- ene diiso- cya- nate (mixed iso- mers) Tolu- ene- 2,4-diiso- cya- nate",毒化物,,,,,074,3,500
25154-52-3,壬基酚(壬酚),Nonyl phenol,毒化物,,,,,165,"1,3,4",50
84852-15-3,壬基酚(壬酚),Nonyl phenol,毒化物,,,,,165,"1,3,4",50
104-40-5,壬基酚(壬酚),Nonyl phenol,毒化物,,,,,165,"1,3,4",50
11066-49-2,壬基酚(壬酚),Nonyl phenol,毒化物,,,,,165,"1,3,4",50
142731-63-3,壬基酚(壬酚),Nonyl phenol,毒化物,,,,,165,"1,3,4",50
17404-66-9,壬基酚(壬酚),Nonyl phenol,毒化物,,,,,165,"1,3,4",50
186825-36-5,壬基酚(壬酚),Nonyl phenol,毒化物,,,,,165,"1,3,4",50
186825-39-8,壬基酚(壬酚),Nonyl phenol,毒化物,,,,,165,"1,3,4",50
26543-97-5,壬基酚(壬酚),Nonyl phenol,毒化物,,,,,165,"1,3,4",50
30784-30-6,壬基酚(壬酚),Nonyl phenol,毒化物,,,,,165,"1,3,4",50
521947-27-3,壬基酚(壬酚),Nonyl phenol,毒化物,,,,,165,"1,3,4",50
52427-13-1,壬基酚(壬酚),Nonyl phenol,毒化物,,,,,165,"1,3,4",50
90481-04-2,壬基酚(壬酚),Nonyl phenol,毒化物,,,,,165,"1,3,4",50
91672-41-2,壬基酚(壬酚),Nonyl phenol,毒化物,,,,,165,"1,3,4",50
9016-45-9,壬基酚聚 乙氧基醇,Nonyl phenol polyet hylene glycol ether,毒化物,,,,,165,"1,4",50
26027-38-3,壬基酚聚 乙氧基醇,Nonyl phenol polyet hylene glycol ether,毒化物,,,,,165,"1,4",50
104-35-8,壬基酚聚 乙氧基醇,Nonyl phenol polyet hylene glycol ether,毒化物,,,,,165,"1,4",50
1119449-37-4,壬基酚聚 乙氧基醇,Nonyl phenol polyet hylene glycol ether,毒化物,,,,,165,"1,4",50
1119449-38-5,壬基酚聚 乙氧基醇,Nonyl phenol polyet hylene glycol ether,毒化物,,,,,165,"1,4",50
127087-87-0,壬基酚聚 乙氧基醇,Nonyl phenol polyet hylene glycol ether,毒化物,,,,,165,"1,4",50
14409-72-4,壬基酚聚 乙氧基醇,Nonyl phenol polyet hylene glycol ether,毒化物,,,,,165,"1,4",50
156609-10-8,壬基酚聚 乙氧基醇,Nonyl phenol polyet hylene glycol ether,毒化物,,,,,165,"1,4",50
20427-84-3,壬基酚聚 乙氧基醇,Nonyl phenol polyet hylene glycol ether,毒化物,,,,,165,"1,4",50
7311-27-5,壬基酚聚 乙氧基醇,Nonyl phenol polyet hylene glycol ether,毒化物,,,,,165,"1,4",50
85005-55-6,壬基酚聚 乙氧基醇,Nonyl phenol polyet hylene glycol ether,毒化物,,,,,165,"1,4",50
91648-64-5,壬基酚聚 乙氧基醇,Nonyl phenol polyet hylene glycol ether,毒化物,,,,,165,"1,4",50
20636-48-0,壬基酚聚 乙氧基醇,Nonyl phenol polyet hylene glycol ether,毒化物,,,,,165,"1,4",50
26264-02-8,壬基酚聚 乙氧基醇,Nonyl phenol polyet hylene glycol ether,毒化物,,,,,165,"1,4",50
26571-11-9,壬基酚聚 乙氧基醇,Nonyl phenol polyet hylene glycol ether,毒化物,,,,,165,"1,4",50
27176-93-8,壬基酚聚 乙氧基醇,Nonyl phenol polyet hylene glycol ether,毒化物,,,,,165,"1,4",50
27177-01-1,壬基酚聚 乙氧基醇,Nonyl phenol polyet hylene glycol ether,毒化物,,,,,165,"1,4",50
27177-03-3,壬基酚聚 乙氧基醇,Nonyl phenol polyet hylene glycol ether,毒化物,,,,,165,"1,4",50
27177-05-5,壬基酚聚 乙氧基醇,Nonyl phenol polyet hylene glycol ether,毒化物,,,,,165,"1,4",50
27177-08-8,壬基酚聚 乙氧基醇,Nonyl phenol polyet hylene glycol ether,毒化物,,,,,165,"1,4",50
27942-27-4,壬基酚聚 乙氧基醇,Nonyl phenol polyet hylene glycol ether,毒化物,,,,,165,"1,4",50
27986-36-3,壬基酚聚 乙氧基醇,Nonyl phenol polyet hylene glycol ether,毒化物,,,,,165,"1,4",50
34166-38-6,壬基酚聚 乙氧基醇,Nonyl phenol polyet hylene glycol ether,毒化物,,,,,165,"1,4",50
37205-87-1,壬基酚聚 乙氧基醇,Nonyl phenol polyet hylene glycol ether,毒化物,,,,,165,"1,4",50
42173-90-0,壬基酚聚 乙氧基醇,Nonyl phenol polyet hylene glycol ether,毒化物,,,,,165,"1,4",50
51938-25-1,壬基酚聚 乙氧基醇,Nonyl phenol polyet hylene glycol ether,毒化物,,,,,165,"1,4",50
57321-10-5,壬基酚聚 乙氧基醇,Nonyl phenol polyet hylene glycol ether,毒化物,,,,,165,"1,4",50
65455-69-8,壬基酚聚 乙氧基醇,Nonyl phenol polyet hylene glycol ether,毒化物,,,,,165,"1,4",50
65455-72-3,壬基酚聚 乙氧基醇,Nonyl phenol polyet hylene glycol ether,毒化物,,,,,165,"1,4",50
68412-54-4,壬基酚聚 乙氧基醇,Nonyl phenol polyet hylene glycol ether,毒化物,,,,,165,"1,4",50
1763-23-1,全氟辛烷磺酸,Perflu orooc tane sulfo nic acid,毒化物,,,,,169,"1,2",50
29457-72-5,全氟辛烷磺酸鋰鹽,Lithium perflu orooc tane sulfo nate,毒化物,,,,,169,"1,2",50
307-35-7,全氟辛烷磺醯氟,Perflu orooc tane sulfo nyl fluoride,毒化物,,,,,169,1,50
335-67-1,全氟辛酸,Perflu orooc tanoic acid (PFOA),毒化物,,,,,169,1,50
10024-97-2,一氧化二氮(笑氣),Nitrous Oxide,毒化物,,,,,L001,,
7664-39-3,氟化氫 (氫氟酸),Hydrogen Fluoride,毒化物,,,,,L002,,
110-63-4,"1,4-丁二醇","1,4-Butanedi ol",毒化物,,,,,L003,,
475-81-0,海罌粟鹼,"(S)-5,6,6a,7-tetrahydr o- 1,2,9,10-tetrameth oxy-6- methyl- 4H-dibenzo[d e,g]quino line",毒化物,,,,,L004,,
28159-98-0,"N'-第三丁基-N-環丙基- 6-（甲基硫基）- 1,3,5-三氮𠯤- 2,4-二胺（環丁烴）","N'-tert- butyl-N- cycloprop yl-6- (methylth io)-1,3,5-triazine- 2,4-diamine (Cybutry ne)",毒化物,,,,,L005,,
79-10-7,丙烯酸,Acrylic acid,既有化學物質,,,,,,,
10043-01-3,硫酸鋁,Aluminium sulfate,既有化學物質,,,,,,,
7664-41-7,氨，無水,"Ammonia, anhydrous",既有化學物質,,,,,,,
1336-21-6,氫氧化銨,Ammonium hydroxide,既有化學物質,,,,,,,
123-77-3,"1,1'-偶氮雙(甲醯胺)","1,1'-Azobis(formamide)",既有化學物質,,,,,,,
100-52-7,苯甲醛,Benzaldehyde,既有化學物質,,,,,,,
552-30-7,"苯-1,2,4-三甲酸 1,2-酐","Benzene-1,2,4-tricarbox
ylic acid 1,2-anhydride",既有化學物質,,,,,,,
119-61-9,二苯基酮,Benzophenone,既有化學物質,,,,,,,
25973-55-1,"2-(2H- 苯并三唑-2-基)-4,6- 二三級戊基苯酚","2-(2H-Benzotriazol-2-yl)-4,6-ditertpentylphenol",既有化學物質,,,,,,,
90-43-7,2-苯基苯酚,2-Biphenylol,既有化學物質,,,,,,,
103-23-1,己二酸雙(2-乙基己基)酯,Bis(2-ethylhexyl)adipate,既有化學物質,,,,,,,
106-94-5,1-溴丙烷,1-Bromopropane,既有化學物質,,,,,,,
111-76-2,2-丁氧基乙醇,2-Butoxyethanol,既有化學物質,,,,,,,
25013-16-5,丁基化羥苯基甲基醚,"Butylated
hydroxyanisole",既有化學物質,,,,,,,
128-37-0,丁基化羥基甲苯,Butylated hydroxytoluene,既有化學物質,,,,,,,
57693-14-8,C.I.  酸性黑 172,C.I. Acid black 172,既有化學物質,,,,,,,
105-60-2,ε-己內醯胺,ε-Caprolactam,既有化學物質,,,,,,,
1333-86-4,碳黑,Carbon black,既有化學物質,,,,,,,
95-48-7,鄰甲酚,o-Cresol,既有化學物質,,,,,,,
108-77-0,三聚氯化氰,Cyanuric chloride,既有化學物質,,,,,,,
108-94-1,環己酮,Cyclohexanone,既有化學物質,,,,,,,
95-33-0,N- 環己基-2- 苯并噻唑亞磺醯胺,N-Cyclohexyl-2-benzot hiazolesulfenamide,既有化學物質,,,,,,,
108-91-8,環己胺,Cyclohexylamine,既有化學物質,,,,,,,
1309-64-4,三氧化二銻,Diantimony trioxide,既有化學物質,,,,,,,
1303-86-2,三氧化二硼,Diboron trioxide,既有化學物質,,,,,,,
80-43-3,過氧化雙異苯丙基,Dicumyl peroxide,既有化學物質,,,,,,,
7173-51-5,氯化二癸基二甲基銨,Didecyldimethylammonium chloride,既有化學物質,,,,,,,
127-19-5,"N,N-二甲基乙醯胺","N,N-Dimethylacetamide",既有化學物質,,,,,,,
80-15-9,"α,α-二甲基芐基過氧化氫","α,α-Dimethylbenzyl hydroperoxide",既有化學物質,,,,,,,
793-24-8,"N-1,3- 二甲基丁基-N'-苯基-1,4-伸苯基二胺","N-1,3-Dimethylbutyl-n'- phenyl-1,4-phenylenedi amine",既有化學物質,,,,,,,
64742-54-7,加氫處理重烷烴餾分(石油),"Distillates(petroleum), hydrotreated heavy paraffinic",既有化學物質,,,,,,,
64742-55-8,加氫處理輕石蠟餾分(石油),"Distillates(petroleum), hydrotreated light paraffinic",既有化學物質,,,,,,,
64742-65-0,溶劑脫蠟重石蠟餾分(石油),"Distillates(petroleum), solvent-dewaxed heavy paraffinic",既有化學物質,,,,,,,
96-76-4,"2,4-二三級丁基苯酚","2,4-Di-tert-butylphenol",既有化學物質,,,,,,,
75-56-9,"1,2-環氧丙烷","1,2-Epoxypropane",既有化學物質,,,,,,,
106-91-2,"甲基丙烯酸 2,3-環氧丙酯","2,3-Epoxypropyl methacrylate",既有化學物質,,,,,,,
141-43-5,乙醇胺,Ethanolamine,既有化學物質,,,,,,,
111-15-9,乙酸 2-乙氧基乙酯,2-Ethoxyethyl acetate,既有化學物質,,,,,,,
140-88-5,丙烯酸乙酯,Ethyl acrylate,既有化學物質,,,,,,,
2687-91-4,1-乙基-2-吡咯啶酮,1-Ethyl-2-pyrrolidinone,既有化學物質,,,,,,,
107-21-1,乙二醇,Ethylene glycol,既有化學物質,,,,,,,
107-15-3,乙二胺,Ethylenediamine,既有化學物質,,,,,,,
149-57-5,2-乙基己酸,2-Ethylhexanoic acid,既有化學物質,,,,,,,
15571-58-1,"10-乙基-4,4-二辛基-7-側氧-8- 氧代-3,5- 二硫代-4-錫代十四酸 2-乙基己酯","2-Ethylhexyl 10-ethyl-4,4-dioctyl-7-o xo-8-oxa-3,5-dithia-4-st annatetradecanoate",既有化學物質,,,,,,,
110-00-9,呋喃,Furan,既有化學物質,,,,,,,
98-00-0,2-呋喃甲醇,Furfuryl alcohol,既有化學物質,,,,,,,
107-22-2,乙二醛,Glyoxal,既有化學物質,,,,,,,
142-82-5,庚烷,Heptane,既有化學物質,,,,,,,
100-97-0,六亞甲基四胺,Hexamethylenetetramine,既有化學物質,,,,,,,
110-54-3,己烷,Hexane,既有化學物質,,,,,,,
10035-10-6,溴化氫,Hydrogen bromide,既有化學物質,,,,,,,
7722-84-1,過氧化氫,Hydrogen peroxide,既有化學物質,,,,,,,
99-96-7,4-羥基苯甲酸,4-Hydroxybenzoic acid,既有化學物質,,,,,,,
5873-54-1,1- 異氰酸基-2-(4- 異氰酸基苯甲基)苯,1-Isocyanato-2-(4-isocy anatobenzyl)benzene,既有化學物質,,,,,,,
4098-71-9,"異氰酸 3-異氰酸甲基-3,5,5-三甲基環己酯","3-Isocyanatomethyl-3,5, 5-trimethylcyclohexyl isocyanate",既有化學物質,,,,,,,
9016-87-9,異氰酸聚亞甲基聚伸苯酯,"Isocyanic acid, polymethylenepolyphen ylene ester",既有化學物質,,,,,,,
78-79-5,異戊二烯,Isoprene,既有化學物質,,,,,,,
25068-38-6,"4,4'-異亞丙基二苯酚與1-氯-2,3-環氧丙烷的寡聚反應產物","4,4'-Isopropylidenediph enol, oligomeric reaction products with 1-Chloro-2,3-epoxyprop ane",既有化學物質,,,,,,,
108-67-8,"1,3,5-三甲苯",Mesitylene,既有化學物質,,,,,,,
79-41-4,甲基丙烯酸,Methacrylic acid,既有化學物質,,,,,,,
111-77-3,2-(2-甲氧基乙氧基)乙醇,2-(2-Methoxyethoxy)eth anol,既有化學物質,,,,,,,
108-87-2,甲基環己烷,Methylcyclohexane,既有化學物質,,,,,,,
101-68-8,"二異氰酸 4,4'-亞甲基二
苯酯","4,4'-Methylenediphenyl
diisocyanate",既有化學物質,,,,,,,
872-50-4,N-甲基吡咯啶酮,N-Methylpyrrolidinone,既有化學物質,,,,,,,
8030-30-6,石腦油,Naphtha,既有化學物質,,,,,,,
91-20-3,萘,Naphthalene,既有化學物質,,,,,,,
1313-99-1,氧化鎳(II),Nickel(II) oxide,既有化學物質,,,,,,,
13770-89-3,胺磺酸鎳(II),Nickel(II) sulfamate,既有化學物質,,,,,,,
7786-81-4,硫酸鎳(II),Nickel(II) sulfate,既有化學物質,,,,,,,
556-67-2,八甲基環四矽氧烷,Octamethylcyclotetrasil oxane,既有化學物質,,,,,,,
111-65-9,辛烷,Octane,既有化學物質,,,,,,,
6197-30-4,"奥克立林/  2-氰基-3,3-二苯基丙烯酸2-乙基己酯",Octocrilene,既有化學物質,,,,,,,
144-62-7,草酸,Oxalic acid,既有化學物質,,,,,,,
101-80-4,"4,4'-氧二苯胺","4,4'-Oxydianiline",既有化學物質,,,,,,,
111-46-6,"2,2'-氧二乙醇","2,2'-Oxydiethanol",既有化學物質,,,,,,,
108-95-2,苯酚,Phenol,既有化學物質,,,,,,,
98-83-9,2-苯基丙烯,2-Phenylpropene,既有化學物質,,,,,,,
10025-87-3,三氯氧磷,Phosphoryl trichloride,既有化學物質,,,,,,,
7757-79-1,硝酸鉀,Potassium nitrate,既有化學物質,,,,,,,
71-23-8,1-丙醇,1-Propanol,既有化學物質,,,,,,,
409-21-2,碳化矽,Silicon carbide,既有化學物質,,,,,,,
7775-09-9,氯酸鈉,Sodium chlorate,既有化學物質,,,,,,,
7758-19-2,亞氯酸鈉,Sodium chlorite,既有化學物質,,,,,,,
7681-49-4,氟化鈉,Sodium fluoride,既有化學物質,,,,,,,
7631-90-5,亞硫酸氫鈉,Sodium hydrogensulfite,既有化學物質,,,,,,,
100-42-5,苯乙烯,Styrene,既有化學物質,,,,,,,
7664-93-9,硫酸,Sulfuric acid,既有化學物質,,,,,,,
100-21-0,對苯二甲酸,Terephthalic acid,既有化學物質,,,,,,,
75-91-2,三級丁基過氧化氫,Tert-butyl hydroperoxide,既有化學物質,,,,,,,
98-54-4,4-三級丁酚,4-Tert-butylphenol,既有化學物質,,,,,,,
4067-16-7,"3,6,9,12-四氮代十四烷基亞甲基二胺","3,6,9,12-Tetraazatetrade camethylenediamine",既有化學物質,,,,,,,
79-94-7,"2,2',6,6'-四溴-4,4'-異亞丙基二苯酚","2,2',6,6'-Tetrabromo-4,4'-isopropylidenediphenol",既有化學物質,,,,,,,
75-59-2,四甲基氫氧化銨,Tetramethylammonium hydroxide,既有化學物質,,,,,,,
140-66-9,"4-(1,1,3,3-四甲基丁基)苯酚","4-(1,1,3,3-Tetramethylbutyl)phenol",既有化學物質,,,,,,,
7550-45-0,四氯化鈦,Titanium tetrachloride,既有化學物質,,,,,,,
108-88-3,甲苯,Toluene,既有化學物質,,,,,,,
2451-62-9,異三聚氰酸三縮水甘油酯,Triglycidyl isocyanurate,既有化學物質,,,,,,,
95-63-6,"1,2,4-三甲基苯","1,2,4-Trimethylbenzene",既有化學物質,,,,,,,
115-86-6,磷酸三苯酯,Triphenyl phosphate,既有化學物質,,,,,,,
101-02-0,亞磷酸三苯酯,Triphenyl phosphite,既有化學物質,,,,,,,
597-82-0,"O,O,O- 三苯基硫代磷酸酯","O,O,O-Triphenyl phosphorothioate",既有化學物質,,,,,,,
42978-66-5,三縮丙二醇二丙烯酸酯,Tripropylene glycol diacrylate,既有化學物質,,,,,,,
26523-78-4,亞磷酸三壬苯酯,Tris(nonylphenyl) phosphite,既有化學物質,,,,,,,
100-40-3,4-乙烯基環己烯,4-Vinylcyclohexene,既有化學物質,,,,,,,
7646-85-7,氯化鋅,Zinc chloride,既有化學物質,,,,,,,
1314-13-2,氧化鋅,Zinc oxide,既有化學物質,,,,,,,